TimeStep,Vel,Enc1,Enc2,SteerDegCmd,SteerDegMega,Stepper,State,X,Y,YawDeg,CurrentSeg,UturnActive,UturnDir
0,0.2,0,0,0,15.0,0.0,MOVING,0.52,0.5,0.0,0,False,
1,0.2,0,0,0,15.0,0.0,MOVING,0.54,0.5,0.0,0,False,
2,0.2,0,0,0,15.0,0.0,MOVING,0.56,0.5,0.0,0,False,
3,0.2,0,0,0,15.0,0.0,MOVING,0.5800000000000001,0.5,0.0,0,False,
4,0.2,0,0,0,15.0,0.0,MOVING,0.6000000000000001,0.5,0.0,0,False,
5,0.2,0,0,0,15.0,0.0,MOVING,0.6200000000000001,0.5,0.0,0,False,
6,0.2,0,0,0,15.0,0.0,MOVING,0.6400000000000001,0.5,0.0,0,False,
7,0.2,0,0,0,15.0,0.0,MOVING,0.6600000000000001,0.5,0.0,0,False,
8,0.2,0,0,0,15.0,0.0,MOVING,0.6800000000000002,0.5,0.0,0,False,
9,0.2,0,0,0,15.0,0.0,MOVING,0.7000000000000002,0.5,0.0,0,False,
10,0.2,0,0,0,15.0,0.0,MOVING,0.7200000000000002,0.5,0.0,0,False,
11,0.2,0,0,0,15.0,0.0,MOVING,0.7400000000000002,0.5,0.0,0,False,
12,0.2,0,0,0,15.0,0.0,MOVING,0.7600000000000002,0.5,0.0,0,False,
13,0.2,0,0,0,15.0,0.0,MOVING,0.7800000000000002,0.5,0.0,0,False,
14,0.2,0,0,0,15.0,0.0,MOVING,0.8000000000000003,0.5,0.0,0,False,
15,0.2,0,0,0,15.0,0.0,MOVING,0.8200000000000003,0.5,0.0,0,False,
16,0.2,0,0,0,15.0,0.0,MOVING,0.8400000000000003,0.5,0.0,0,False,
17,0.2,0,0,0,15.0,0.0,MOVING,0.8600000000000003,0.5,0.0,0,False,
18,0.2,0,0,0,15.0,0.0,MOVING,0.8800000000000003,0.5,0.0,0,False,
19,0.2,0,0,0,15.0,0.0,MOVING,0.9000000000000004,0.5,0.0,0,False,
20,0.2,-155141,140070,0,35,0.0,MOVING,0.9200000000000004,0.5,0.0,0,False,
21,0.2,-155616,140464,0,0,0.0,MOVING,0.9400000000000004,0.5,0.0,0,False,
22,0.2,-155616,140464,0,0,0.0,MOVING,0.9600000000000004,0.5,0.0,0,False,
23,0.2,-155616,140464,0,0,0.0,MOVING,0.9800000000000004,0.5,0.0,0,False,
24,0.2,-155616,140464,0,0,0.0,MOVING,1.0000000000000004,0.5,0.0,0,False,
25,0.2,-155616,140464,0,0,0.0,MOVING,1.0200000000000005,0.5,0.0,0,False,
26,0.2,-155616,140464,0,0,0.0,MOVING,1.0400000000000005,0.5,0.0,0,False,
27,0.2,-155616,140464,0,0,0.0,MOVING,1.0600000000000005,0.5,0.0,0,False,
28,0.2,-155616,140464,0,0,0.0,MOVING,1.0800000000000005,0.5,0.0,0,False,
29,0.2,-155616,140464,0,0,0.0,MOVING,1.1000000000000005,0.5,0.0,0,False,
30,0.2,-155616,140464,0,0,0.0,MOVING,1.1200000000000006,0.5,0.0,0,False,
31,0.2,-155616,140464,0,0,0.0,MOVING,1.1400000000000006,0.5,0.0,0,False,
32,0.2,-155616,140464,0,0,0.0,MOVING,1.1600000000000006,0.5,0.0,0,False,
33,0.2,-156685,141433,0,0,0.0,MOVING,1.1800000000000006,0.5,0.0,0,False,
34,0.2,-156685,141433,0,0,0.0,MOVING,1.2000000000000006,0.5,0.0,0,False,
35,0.2,-156685,141433,0,0,0.0,MOVING,1.2200000000000006,0.5,0.0,0,False,
36,0.2,-156685,141433,0,0,0.0,MOVING,1.2400000000000007,0.5,0.0,0,False,
37,0.2,-156685,141433,0,0,0.0,MOVING,1.2600000000000007,0.5,0.0,0,False,
38,0.2,-156685,141433,0,0,0.0,MOVING,1.2800000000000007,0.5,0.0,0,False,
39,0.2,-156685,141433,0,0,0.0,MOVING,1.3000000000000007,0.5,0.0,0,False,
40,0.2,-156685,141433,0,0,0.0,MOVING,1.3200000000000007,0.5,0.0,0,False,
41,0.2,-156685,141433,0,0,0.0,MOVING,1.3400000000000007,0.5,0.0,0,False,
42,0.2,-156685,141433,0,0,0.0,MOVING,1.3600000000000008,0.5,0.0,0,False,
43,0.2,-156685,141433,0,0,0.0,MOVING,1.3800000000000008,0.5,0.0,0,False,
44,0.2,-156685,141433,0,0,0.0,MOVING,1.4000000000000008,0.5,0.0,0,False,
45,0.2,-156685,141433,0,0,0.0,MOVING,1.4200000000000008,0.5,0.0,0,False,
46,0.2,-156685,141433,0,0,0.0,MOVING,1.4400000000000008,0.5,0.0,0,False,
47,0.2,-156685,141433,0,0,0.0,MOVING,1.4600000000000009,0.5,0.0,0,False,
48,0.2,-157759,142412,0,0,0.0,MOVING,1.4800000000000009,0.5,0.0,0,False,
49,0.2,-157759,142412,0,0,0.0,MOVING,1.5000000000000009,0.5,0.0,0,False,
50,0.2,-157759,142412,0,0,0.0,APPROACHING,1.520000000000001,0.5,0.0,0,False,
51,0.19333333333333308,-157759,142412,0,0,0.0,APPROACHING,1.539333333333334,0.5,0.0,0,False,
52,0.18688888888888866,-157759,142412,0,0,0.0,APPROACHING,1.558022222222223,0.5,0.0,0,False,
53,0.18065925925925902,-157759,142412,0,0,0.0,APPROACHING,1.576088148148149,0.5,0.0,0,False,
54,0.17463728395061706,-157759,142412,0,0,0.0,APPROACHING,1.5935518765432106,0.5,0.0,0,False,
55,0.16881604115226317,-157759,142412,0,0,0.0,APPROACHING,1.6104334806584368,0.5,0.0,0,False,
56,0.16318883978052112,-157759,142412,0,0,0.0,APPROACHING,1.626752364636489,0.5,0.0,0,False,
57,0.15774921178783707,-157759,142412,0,0,0.0,APPROACHING,1.6425272858152726,0.5,0.0,0,False,
58,0.1524909047282425,-157759,142412,0,0,0.0,APPROACHING,1.6577763762880968,0.5,0.0,0,False,
59,0.14740787457063442,-157759,142412,0,0,0.0,APPROACHING,1.6725171637451604,0.5,0.0,0,False,
60,0.14249427875161325,-157759,142412,0,0,0.0,APPROACHING,1.6867665916203216,0.5,0.0,0,False,
61,0.13774446945989283,-157759,142412,0,0,0.0,APPROACHING,1.700541038566311,0.5,0.0,0,False,
62,0.13315298714456308,-157759,142412,0,0,0.0,APPROACHING,1.7138563372807671,0.5,0.0,0,False,
63,0.12871455423974432,-157759,142412,0,0,0.0,APPROACHING,1.7267277927047415,0.5,0.0,0,False,
64,0.12442406909841952,-158783,143324,0,0,0.0,APPROACHING,1.7391701996145834,0.5,0.0,0,False,
65,0.12027660012847224,-158783,143324,0,0,0.0,APPROACHING,1.7511978596274307,0.5,0.0,0,False,
66,0.1162673801241898,-158783,143324,0,0,0.0,APPROACHING,1.7628245976398498,0.5,0.0,0,False,
67,0.11239180078671679,-158783,143324,0,0,0.0,APPROACHING,1.7740637777185215,0.5,0.0,0,False,
68,0.10864540742715954,-158783,143324,0,0,0.0,APPROACHING,1.7849283184612375,0.5,0.0,0,False,
69,0.10502389384625421,-158783,143324,0,0,0.0,APPROACHING,1.795430707845863,0.5,0.0,0,False,
70,0.10152309738471242,-158783,143324,0,0,0.0,APPROACHING,1.8055830175843341,0.5,0.0,0,False,
71,0.09813899413855531,-158783,143324,0,0,0.0,APPROACHING,1.8153969169981896,0.5,0.0,0,False,
72,0.09486769433393683,-158783,143324,0,0,0.0,APPROACHING,1.8248836864315834,0.5,0.0,0,False,
73,0.09170543785613891,-158783,143324,0,0,0.0,APPROACHING,1.8340542302171974,0.5,0.0,0,False,
74,0.08864858992760091,-158783,143324,0,0,0.0,APPROACHING,1.8429190892099574,0.5,0.0,0,False,
75,0.08569363693001425,-158783,143324,0,0,0.0,APPROACHING,1.8514884529029587,0.5,0.0,0,False,
76,0.08283718236568047,-158783,143324,0,0,0.0,APPROACHING,1.8597721711395268,0.5,0.0,0,False,
77,0.08007594295349113,-158783,143324,0,0,0.0,APPROACHING,1.8677797654348758,0.5,0.0,0,False,
78,0.07740674485504145,-158783,143324,0,0,0.0,APPROACHING,1.87552043992038,0.5,0.0,0,False,
79,0.07482652002654004,-158783,143324,0,0,0.0,APPROACHING,1.883003091923034,0.5,0.0,0,False,
80,0.07233230269232202,-158783,143324,0,0,0.0,APPROACHING,1.8902363221922662,0.5,0.0,0,False,
81,0.0699212259359113,-159590,144147,0,0,0.0,APPROACHING,1.8972284447858574,0.5,0.0,0,False,
82,0.06759051840471424,-159590,144147,0,0,0.0,APPROACHING,1.9039874966263288,0.5,0.0,0,False,
83,0.06533750112455709,-159590,144147,0,0,0.0,APPROACHING,1.9105212467387844,0.5,0.0,0,False,
84,0.06315958442040523,-159590,144147,0,0,0.0,APPROACHING,1.916837205180825,0.5,0.0,0,False,
85,0.06105426493972507,-159590,144147,0,0,0.0,APPROACHING,1.9229426316747975,0.5,0.0,0,False,
86,0.05901912277506754,-159590,144147,0,0,0.0,APPROACHING,1.9288445439523043,0.5,0.0,0,False,
87,0.05705181868256526,-159590,144147,0,0,0.0,APPROACHING,1.9345497258205608,0.5,0.0,0,False,
88,0.055150091393146417,-159590,144147,0,0,0.0,APPROACHING,1.9400647349598754,0.5,0.0,0,False,
89,0.0533117550133749,-159590,144147,0,0,0.0,APPROACHING,1.9453959104612129,0.5,0.0,0,False,
90,0.05153469651292908,-159590,144147,0,0,0.0,APPROACHING,1.9505493801125058,0.5,0.0,0,False,
91,0.04981687329583144,-159590,144147,0,0,0.0,APPROACHING,1.955531067442089,0.5,0.0,0,False,
92,0.04815631085263705,-159590,144147,0,0,0.0,APPROACHING,1.9603466985273525,0.5,0.0,0,False,
93,0.04655110049088251,-159590,144147,0,0,0.0,APPROACHING,1.965001808576441,0.5,0.0,0,False,
94,0.04499939714118639,-159590,144147,0,0,0.0,APPROACHING,1.9695017482905595,0.5,0.0,0,False,
95,0.04349941723648021,-159590,144147,0,0,0.0,APPROACHING,1.9738516900142076,0.5,0.0,0,False,
96,0.04204943666193084,-159590,144147,0,0,0.0,APPROACHING,1.9780566336804006,0.5,0.0,0,False,
97,0.04064778877319983,-159590,144147,0,0,0.0,APPROACHING,1.9821214125577207,0.5,0.0,0,False,
98,0.0,-160110,144608,0,0,0.0,STOPPING,1.9821214125577207,0.5,0.0,0,False,
99,0.0,-160110,144608,0,0,0.0,STOPPING,1.9821214125577207,0.5,0.0,0,False,
100,0.0,-160110,144608,0,0,0.0,STOPPING,1.9821214125577207,0.5,0.0,0,False,
101,0.0,-160110,144608,0,0,0.0,STEPPER_DOWN,1.9821214125577207,0.5,0.0,0,False,
102,0.0,-160110,144608,0,0,0.045454545454545456,STEPPER_DOWN,1.9821214125577207,0.5,0.0,0,False,
103,0.0,-160110,144608,0,0,0.09090909090909091,STEPPER_DOWN,1.9821214125577207,0.5,0.0,0,False,
104,0.0,-160110,144608,0,0,0.13636363636363638,STEPPER_DOWN,1.9821214125577207,0.5,0.0,0,False,
105,0.0,-160110,144608,0,0,0.18181818181818182,STEPPER_DOWN,1.9821214125577207,0.5,0.0,0,False,
106,0.0,-160110,144608,0,0,0.22727272727272727,STEPPER_DOWN,1.9821214125577207,0.5,0.0,0,False,
107,0.0,-160110,144608,0,0,0.2727272727272727,STEPPER_DOWN,1.9821214125577207,0.5,0.0,0,False,
108,0.0,-160110,144608,0,0,0.3181818181818181,STEPPER_DOWN,1.9821214125577207,0.5,0.0,0,False,
109,0.0,-160110,144608,0,0,0.3636363636363636,STEPPER_DOWN,1.9821214125577207,0.5,0.0,0,False,
110,0.0,-160110,144608,0,0,0.409090909090909,STEPPER_DOWN,1.9821214125577207,0.5,0.0,0,False,
111,0.0,-160110,144608,0,0,0.4545454545454545,STEPPER_DOWN,1.9821214125577207,0.5,0.0,0,False,
112,0.0,-160110,144608,0,0,0.4999999999999999,STEPPER_DOWN,1.9821214125577207,0.5,0.0,0,False,
113,0.0,-160110,144608,0,0,0.5454545454545454,STEPPER_DOWN,1.9821214125577207,0.5,0.0,0,False,
114,0.0,-160176,144673,0,0,0.5909090909090908,STEPPER_DOWN,1.9821214125577207,0.5,0.0,0,False,
115,0.0,-160176,144673,0,0,0.6363636363636364,STEPPER_DOWN,1.9821214125577207,0.5,0.0,0,False,
116,0.0,-160176,144673,0,0,0.6818181818181819,STEPPER_DOWN,1.9821214125577207,0.5,0.0,0,False,
117,0.0,-160176,144673,0,0,0.7272727272727274,STEPPER_DOWN,1.9821214125577207,0.5,0.0,0,False,
118,0.0,-160176,144673,0,0,0.7727272727272728,STEPPER_DOWN,1.9821214125577207,0.5,0.0,0,False,
119,0.0,-160176,144673,0,0,0.8181818181818183,STEPPER_DOWN,1.9821214125577207,0.5,0.0,0,False,
120,0.0,-160176,144673,0,0,0.8636363636363639,STEPPER_DOWN,1.9821214125577207,0.5,0.0,0,False,
121,0.0,-160176,144673,0,0,0.9090909090909092,STEPPER_DOWN,1.9821214125577207,0.5,0.0,0,False,
122,0.0,-160176,144673,0,0,0.9545454545454547,STEPPER_DOWN,1.9821214125577207,0.5,0.0,0,False,
123,0.0,-160176,144673,0,0,1.0,BENIH_BUKA,1.9821214125577207,0.5,0.0,0,False,
124,0.0,-160176,144673,0,0,1.0,BENIH_BUKA,1.9821214125577207,0.5,0.0,0,False,
125,0.0,-160176,144673,0,0,1.0,BENIH_BUKA,1.9821214125577207,0.5,0.0,0,False,
126,0.0,-160176,144673,0,0,1.0,BENIH_BUKA,1.9821214125577207,0.5,0.0,0,False,
127,0.0,-160176,144673,0,0,1.0,BENIH_BUKA,1.9821214125577207,0.5,0.0,0,False,
128,0.0,-160176,144673,0,0,1.0,BENIH_DORONG,1.9821214125577207,0.5,0.0,0,False,
129,0.0,-160176,144673,0,0,1.0,HOLDING,1.9821214125577207,0.5,0.0,0,False,
130,0.0,-160176,144673,0,0,1.0,HOLDING,1.9821214125577207,0.5,0.0,0,False,
131,0.0,-160176,144673,0,0,1.0,STEPPER_UP,1.9821214125577207,0.5,0.0,0,False,
132,0.0,-160176,144673,0,0,0.9545454545454546,STEPPER_UP,1.9821214125577207,0.5,0.0,0,False,
133,0.0,-160176,144673,0,0,0.9090909090909091,STEPPER_UP,1.9821214125577207,0.5,0.0,0,False,
134,0.0,-160176,144673,0,0,0.8636363636363636,STEPPER_UP,1.9821214125577207,0.5,0.0,0,False,
135,0.0,-160176,144673,0,0,0.8181818181818181,STEPPER_UP,1.9821214125577207,0.5,0.0,0,False,
136,0.0,-160176,144673,0,0,0.7727272727272727,STEPPER_UP,1.9821214125577207,0.5,0.0,0,False,
137,0.0,-160176,144673,0,0,0.7272727272727273,STEPPER_UP,1.9821214125577207,0.5,0.0,0,False,
138,0.0,-160176,144673,0,0,0.6818181818181819,STEPPER_UP,1.9821214125577207,0.5,0.0,0,False,
139,0.0,-160176,144673,0,0,0.6363636363636365,STEPPER_UP,1.9821214125577207,0.5,0.0,0,False,
140,0.0,-160176,144673,0,0,0.590909090909091,STEPPER_UP,1.9821214125577207,0.5,0.0,0,False,
141,0.0,-160176,144673,0,0,0.5454545454545455,STEPPER_UP,1.9821214125577207,0.5,0.0,0,False,
142,0.0,-160176,144673,0,0,0.5000000000000001,STEPPER_UP,1.9821214125577207,0.5,0.0,0,False,
143,0.0,-160176,144673,0,0,0.4545454545454546,STEPPER_UP,1.9821214125577207,0.5,0.0,0,False,
144,0.0,-160176,144673,0,0,0.40909090909090917,STEPPER_UP,1.9821214125577207,0.5,0.0,0,False,
145,0.0,-160176,144673,0,0,0.36363636363636365,STEPPER_UP,1.9821214125577207,0.5,0.0,0,False,
146,0.0,-160176,144673,0,0,0.3181818181818181,STEPPER_UP,1.9821214125577207,0.5,0.0,0,False,
147,0.0,-160176,144673,0,0,0.2727272727272726,STEPPER_UP,1.9821214125577207,0.5,0.0,0,False,
148,0.0,-160176,144673,0,0,0.22727272727272718,STEPPER_UP,1.9821214125577207,0.5,0.0,0,False,
149,0.0,-160176,144673,0,0,0.18181818181818166,STEPPER_UP,1.9821214125577207,0.5,0.0,0,False,
150,0.0,-160176,144673,0,0,0.13636363636363613,STEPPER_UP,1.9821214125577207,0.5,0.0,0,False,
151,0.0,-160176,144673,0,0,0.09090909090909083,STEPPER_UP,1.9821214125577207,0.5,0.0,0,False,
152,0.0,-160176,144673,0,0,0.0454545454545453,STEPPER_UP,1.9821214125577207,0.5,0.0,0,False,
153,0.0,-160176,144673,0,0,0.0,WAITING,1.9821214125577207,0.5,0.0,0,False,
154,0.0,-160176,144673,0,0,0.0,WAITING,1.9821214125577207,0.5,0.0,0,False,
155,0.0,-160176,144673,0,0,0.0,MOVING,1.9821214125577207,0.5,0.0,0,False,
156,0.2,-160176,144673,0,0,0.0,MOVING,2.0021214125577207,0.5,0.0,0,False,
157,0.2,-160176,144673,0,0,0.0,MOVING,2.0221214125577207,0.5,0.0,0,False,
158,0.2,-160176,144673,0,0,0.0,MOVING,2.0421214125577207,0.5,0.0,0,False,
159,0.2,-160176,144673,0,0,0.0,MOVING,2.0621214125577207,0.5,0.0,0,False,
160,0.2,-160176,144673,0,0,0.0,MOVING,2.0821214125577208,0.5,0.0,0,False,
161,0.2,-160176,144673,0,0,0.0,MOVING,2.102121412557721,0.5,0.0,0,False,
162,0.2,-160176,144673,0,0,0.0,MOVING,2.122121412557721,0.5,0.0,0,False,
163,0.2,-160176,144673,0,0,0.0,MOVING,2.142121412557721,0.5,0.0,0,False,
164,0.2,-160344,144829,0,0,0.0,MOVING,2.162121412557721,0.5,0.0,0,False,
165,0.2,-160344,144829,0,0,0.0,MOVING,2.182121412557721,0.5,0.0,0,False,
166,0.2,-160344,144829,0,0,0.0,MOVING,2.202121412557721,0.5,0.0,0,False,
167,0.2,-160344,144829,0,0,0.0,MOVING,2.222121412557721,0.5,0.0,0,False,
168,0.2,-160344,144829,0,0,0.0,MOVING,2.242121412557721,0.5,0.0,0,False,
169,0.2,-160344,144829,0,0,0.0,MOVING,2.262121412557721,0.5,0.0,0,False,
170,0.2,-160344,144829,0,0,0.0,MOVING,2.282121412557721,0.5,0.0,0,False,
171,0.2,-160344,144829,0,0,0.0,MOVING,2.302121412557721,0.5,0.0,0,False,
172,0.2,-160344,144829,0,0,0.0,APPROACHING,2.322121412557721,0.5,0.0,0,False,
173,0.19262619581409313,-160344,144829,0,0,0.0,APPROACHING,2.34138403213913,0.5,0.0,0,False,
174,0.1862053226202901,-160344,144829,0,0,0.0,APPROACHING,2.360004564401159,0.5,0.0,0,False,
175,0.1799984785329471,-160344,144829,0,0,0.0,APPROACHING,2.378004412254454,0.5,0.0,0,False,
176,0.1739985292485155,-160344,144829,0,0,0.0,APPROACHING,2.3954042651793053,0.5,0.0,0,False,
177,0.16819857827356505,-160344,144829,0,0,0.0,APPROACHING,2.412224123006662,0.5,0.0,0,False,
178,0.1625919589977795,-160344,144829,0,0,0.0,APPROACHING,2.42848331890644,0.5,0.0,0,False,
179,0.15717222703118683,-160344,144829,0,0,0.0,APPROACHING,2.4442005416095585,0.5,0.0,0,False,
180,0.15193315279681396,-160344,144829,0,0,0.0,APPROACHING,2.45939385688924,0.5,0.0,0,False,
181,0.14686871437025348,-161428,145859,0,0,0.0,APPROACHING,2.4740807283262654,0.5,0.0,0,False,
182,0.14197309055791169,-161428,145859,0,0,0.0,APPROACHING,2.4882780373820563,0.5,0.0,0,False,
183,0.13724065420598136,-161428,145859,0,0,0.0,APPROACHING,2.5020021028026544,0.5,0.0,0,False,
184,0.13266596573244865,-161428,145859,0,0,0.0,APPROACHING,2.5152686993758993,0.5,0.0,0,False,
185,0.12824376687470038,-161428,145859,0,0,0.0,APPROACHING,2.528093076063369,0.5,0.0,0,False,
186,0.12396897464554378,-161428,145859,0,0,0.0,APPROACHING,2.5404899735279236,0.5,0.0,0,False,
187,0.11983667549069227,-161428,145859,0,0,0.0,APPROACHING,2.552473641076993,0.5,0.0,0,False,
188,0.11584211964100254,-161428,145859,0,0,0.0,APPROACHING,2.564057853041093,0.5,0.0,0,False,
189,0.11198071565296917,-161428,145859,0,0,0.0,APPROACHING,2.57525592460639,0.5,0.0,0,False,
190,0.10824802513120346,-161428,145859,0,0,0.0,APPROACHING,2.5860807271195103,0.5,0.0,0,False,
191,0.10463975762683003,-161428,145859,0,0,0.0,APPROACHING,2.5965447028821935,0.5,0.0,0,False,
192,0.10115176570593563,-161428,145859,0,0,0.0,APPROACHING,2.606659879452787,0.5,0.0,0,False,
193,0.09778004018240444,-161428,145859,0,0,0.0,APPROACHING,2.6164378834710273,0.5,0.0,0,False,
194,0.09452070550965769,-161428,145859,0,0,0.0,APPROACHING,2.6258899540219933,0.5,0.0,0,False,
195,0.09137001532600236,-161428,145859,0,0,0.0,APPROACHING,2.6350269555545935,0.5,0.0,0,False,
196,0.08832434814846896,-161428,145859,0,0,0.0,APPROACHING,2.6438593903694403,0.5,0.0,0,False,
197,0.08538020321018669,-161428,145859,0,0,0.0,APPROACHING,2.652397410690459,0.5,0.0,0,False,
198,0.08253419643651377,-162370,146695,0,0,0.0,APPROACHING,2.6606508303341103,0.5,0.0,0,False,
199,0.07978305655529669,-162370,146695,0,0,0.0,APPROACHING,2.66862913598964,0.5,0.0,0,False,
200,0.07712362133678674,-162370,146695,0,0,0.0,APPROACHING,2.676341498123319,0.5,0.0,0,False,
201,0.07455283395889382,-162370,146695,0,0,0.0,APPROACHING,2.683796781519208,0.5,0.0,0,False,
202,0.07206773949359743,-162370,146695,0,0,0.0,APPROACHING,2.691003555468568,0.5,0.0,0,False,
203,0.06966548151047751,-162370,146695,0,0,0.0,APPROACHING,2.6979701036196158,0.5,0.0,0,False,
204,0.06734329879346154,-162370,146695,0,0,0.0,APPROACHING,2.704704433498962,0.5,0.0,0,False,
205,0.06509852216701277,-162370,146695,0,0,0.0,APPROACHING,2.711214285715663,0.5,0.0,0,False,
206,0.06292857142811241,-162370,146695,0,0,0.0,APPROACHING,2.7175071428584743,0.5,0.0,0,False,
207,0.0608309523805087,-162370,146695,0,0,0.0,APPROACHING,2.7235902380965253,0.5,0.0,0,False,
208,0.058803253967825014,-162370,146695,0,0,0.0,APPROACHING,2.7294705634933076,0.5,0.0,0,False,
209,0.05684314550223091,-162370,146695,0,0,0.0,APPROACHING,2.735154878043531,0.5,0.0,0,False,
210,0.054948373985489844,-162370,146695,0,0,0.0,APPROACHING,2.7406497154420797,0.5,0.0,0,False,
211,0.05311676151930689,-162370,146695,0,0,0.0,APPROACHING,2.7459613915940104,0.5,0.0,0,False,
212,0.05134620280199664,-162370,146695,0,0,0.0,APPROACHING,2.75109601187421,0.5,0.0,0,False,
213,0.049634662708596775,-162370,146695,0,0,0.0,APPROACHING,2.75605947814507,0.5,0.0,0,False,
214,0.04798017395164353,-163045,147330,0,0,0.0,APPROACHING,2.7608574955402343,0.5,0.0,0,False,
215,0.04638083481992203,-163045,147330,0,0,0.0,APPROACHING,2.7654955790222266,0.5,0.0,0,False,
216,0.044834806992591236,-163045,147330,0,0,0.0,APPROACHING,2.7699790597214857,0.5,0.0,0,False,
217,0.04334031342617155,-163045,147330,0,0,0.0,APPROACHING,2.7743130910641027,0.5,0.0,0,False,
218,0.041895636311965884,-163045,147330,0,0,0.0,APPROACHING,2.7785026546952993,0.5,0.0,0,False,
219,0.04049911510156701,-163045,147330,0,0,0.0,APPROACHING,2.782552566205456,0.5,0.0,0,False,
220,0.0,-163045,147330,0,0,0.0,STOPPING,2.782552566205456,0.5,0.0,0,False,
221,0.0,-163045,147330,0,0,0.0,STOPPING,2.782552566205456,0.5,0.0,0,False,
222,0.0,-163045,147330,0,0,0.0,STOPPING,2.782552566205456,0.5,0.0,0,False,
223,0.0,-163045,147330,0,0,0.0,STEPPER_DOWN,2.782552566205456,0.5,0.0,0,False,
224,0.0,-163045,147330,0,0,0.045454545454545456,STEPPER_DOWN,2.782552566205456,0.5,0.0,0,False,
225,0.0,-163045,147330,0,0,0.09090909090909091,STEPPER_DOWN,2.782552566205456,0.5,0.0,0,False,
226,0.0,-163045,147330,0,0,0.13636363636363638,STEPPER_DOWN,2.782552566205456,0.5,0.0,0,False,
227,0.0,-163045,147330,0,0,0.18181818181818182,STEPPER_DOWN,2.782552566205456,0.5,0.0,0,False,
228,0.0,-163045,147330,0,0,0.22727272727272727,STEPPER_DOWN,2.782552566205456,0.5,0.0,0,False,
229,0.0,-163045,147330,0,0,0.2727272727272727,STEPPER_DOWN,2.782552566205456,0.5,0.0,0,False,
230,0.0,-163045,147330,0,0,0.3181818181818181,STEPPER_DOWN,2.782552566205456,0.5,0.0,0,False,
231,0.0,-163256,147564,0,0,0.3636363636363636,STEPPER_DOWN,2.782552566205456,0.5,0.0,0,False,
232,0.0,-163256,147564,0,0,0.409090909090909,STEPPER_DOWN,2.782552566205456,0.5,0.0,0,False,
233,0.0,-163256,147564,0,0,0.4545454545454545,STEPPER_DOWN,2.782552566205456,0.5,0.0,0,False,
234,0.0,-163256,147564,0,0,0.4999999999999999,STEPPER_DOWN,2.782552566205456,0.5,0.0,0,False,
235,0.0,-163256,147564,0,0,0.5454545454545454,STEPPER_DOWN,2.782552566205456,0.5,0.0,0,False,
236,0.0,-163256,147564,0,0,0.5909090909090908,STEPPER_DOWN,2.782552566205456,0.5,0.0,0,False,
237,0.0,-163256,147564,0,0,0.6363636363636364,STEPPER_DOWN,2.782552566205456,0.5,0.0,0,False,
238,0.0,-163256,147564,0,0,0.6818181818181819,STEPPER_DOWN,2.782552566205456,0.5,0.0,0,False,
239,0.0,-163256,147564,0,0,0.7272727272727274,STEPPER_DOWN,2.782552566205456,0.5,0.0,0,False,
240,0.0,-163256,147564,0,0,0.7727272727272728,STEPPER_DOWN,2.782552566205456,0.5,0.0,0,False,
241,0.0,-163256,147564,0,0,0.8181818181818183,STEPPER_DOWN,2.782552566205456,0.5,0.0,0,False,
242,0.0,-163256,147564,0,0,0.8636363636363639,STEPPER_DOWN,2.782552566205456,0.5,0.0,0,False,
243,0.0,-163256,147564,0,0,0.9090909090909092,STEPPER_DOWN,2.782552566205456,0.5,0.0,0,False,
244,0.0,-163256,147564,0,0,0.9545454545454547,STEPPER_DOWN,2.782552566205456,0.5,0.0,0,False,
245,0.0,-163256,147564,0,0,1.0,BENIH_BUKA,2.782552566205456,0.5,0.0,0,False,
246,0.0,-163256,147564,0,0,1.0,BENIH_BUKA,2.782552566205456,0.5,0.0,0,False,
247,0.0,-163256,147564,0,0,1.0,BENIH_BUKA,2.782552566205456,0.5,0.0,0,False,
248,0.0,-163256,147564,0,0,1.0,BENIH_BUKA,2.782552566205456,0.5,0.0,0,False,
249,0.0,-163256,147564,0,0,1.0,BENIH_BUKA,2.782552566205456,0.5,0.0,0,False,
250,0.0,-163256,147564,0,0,1.0,BENIH_DORONG,2.782552566205456,0.5,0.0,0,False,
251,0.0,-163256,147564,0,0,1.0,HOLDING,2.782552566205456,0.5,0.0,0,False,
252,0.0,-163256,147564,0,0,1.0,HOLDING,2.782552566205456,0.5,0.0,0,False,
253,0.0,-163256,147564,0,0,1.0,STEPPER_UP,2.782552566205456,0.5,0.0,0,False,
254,0.0,-163256,147564,0,0,0.9545454545454546,STEPPER_UP,2.782552566205456,0.5,0.0,0,False,
255,0.0,-163256,147564,0,0,0.9090909090909091,STEPPER_UP,2.782552566205456,0.5,0.0,0,False,
256,0.0,-163256,147564,0,0,0.8636363636363636,STEPPER_UP,2.782552566205456,0.5,0.0,0,False,
257,0.0,-163256,147564,0,0,0.8181818181818181,STEPPER_UP,2.782552566205456,0.5,0.0,0,False,
258,0.0,-163256,147564,0,0,0.7727272727272727,STEPPER_UP,2.782552566205456,0.5,0.0,0,False,
259,0.0,-163256,147564,0,0,0.7272727272727273,STEPPER_UP,2.782552566205456,0.5,0.0,0,False,
260,0.0,-163256,147564,0,0,0.6818181818181819,STEPPER_UP,2.782552566205456,0.5,0.0,0,False,
261,0.0,-163256,147564,0,0,0.6363636363636365,STEPPER_UP,2.782552566205456,0.5,0.0,0,False,
262,0.0,-163256,147564,0,0,0.590909090909091,STEPPER_UP,2.782552566205456,0.5,0.0,0,False,
263,0.0,-163256,147564,0,0,0.5454545454545455,STEPPER_UP,2.782552566205456,0.5,0.0,0,False,
264,0.0,-163256,147564,0,0,0.5000000000000001,STEPPER_UP,2.782552566205456,0.5,0.0,0,False,
265,0.0,-163256,147564,0,0,0.4545454545454546,STEPPER_UP,2.782552566205456,0.5,0.0,0,False,
266,0.0,-163256,147564,0,0,0.40909090909090917,STEPPER_UP,2.782552566205456,0.5,0.0,0,False,
267,0.0,-163256,147564,0,0,0.36363636363636365,STEPPER_UP,2.782552566205456,0.5,0.0,0,False,
268,0.0,-163256,147564,0,0,0.3181818181818181,STEPPER_UP,2.782552566205456,0.5,0.0,0,False,
269,0.0,-163256,147564,0,0,0.2727272727272726,STEPPER_UP,2.782552566205456,0.5,0.0,0,False,
270,0.0,-163256,147564,0,0,0.22727272727272718,STEPPER_UP,2.782552566205456,0.5,0.0,0,False,
271,0.0,-163256,147564,0,0,0.18181818181818166,STEPPER_UP,2.782552566205456,0.5,0.0,0,False,
272,0.0,-163256,147564,0,0,0.13636363636363613,STEPPER_UP,2.782552566205456,0.5,0.0,0,False,
273,0.0,-163256,147564,0,0,0.09090909090909083,STEPPER_UP,2.782552566205456,0.5,0.0,0,False,
274,0.0,-163256,147564,0,0,0.0454545454545453,STEPPER_UP,2.782552566205456,0.5,0.0,0,False,
275,0.0,-163256,147564,0,0,0.0,WAITING,2.782552566205456,0.5,0.0,0,False,
276,0.0,-163256,147564,0,0,0.0,WAITING,2.782552566205456,0.5,0.0,0,False,
277,0.0,-163256,147564,0,0,0.0,MOVING,2.782552566205456,0.5,0.0,0,False,
278,0.2,-163256,147564,0,0,0.0,MOVING,2.8025525662054562,0.5,0.0,0,False,
279,0.2,-163256,147564,0,0,0.0,MOVING,2.8225525662054562,0.5,0.0,0,False,
280,0.2,-163256,147564,0,0,0.0,MOVING,2.8425525662054563,0.5,0.0,0,False,
281,0.2,-163256,147564,0,0,0.0,MOVING,2.8625525662054563,0.5,0.0,0,False,
282,0.2,-163256,147564,0,0,0.0,MOVING,2.8825525662054563,0.5,0.0,0,False,
283,0.2,-163256,147564,0,0,0.0,MOVING,2.9025525662054563,0.5,0.0,0,False,
284,0.2,-163256,147564,0,0,0.0,MOVING,2.9225525662054563,0.5,0.0,0,False,
285,0.2,-163256,147564,0,0,0.0,MOVING,2.9425525662054564,0.5,0.0,0,False,
286,0.2,-163256,147564,0,0,0.0,MOVING,2.9625525662054564,0.5,0.0,0,False,
287,0.2,-163256,147564,0,0,0.0,MOVING,2.9825525662054564,0.5,0.0,0,False,
288,0.2,-163256,147564,0,0,0.0,MOVING,3.0025525662054564,0.5,0.0,0,False,
289,0.2,-163256,147564,0,0,0.0,MOVING,3.0225525662054564,0.5,0.0,0,False,
290,0.2,-163256,147564,0,0,0.0,MOVING,3.0425525662054564,0.5,0.0,0,False,
291,0.2,-163256,147564,0,0,0.0,MOVING,3.0625525662054565,0.5,0.0,0,False,
292,0.2,-163256,147564,0,0,0.0,MOVING,3.0825525662054565,0.5,0.0,0,False,
293,0.2,-163256,147564,0,0,0.0,MOVING,3.1025525662054565,0.5,0.0,0,False,
294,0.2,-163256,147564,0,0,0.0,MOVING,3.1225525662054565,0.5,0.0,0,False,
295,0.2,-163256,147564,0,0,0.0,MOVING,3.1425525662054565,0.5,0.0,0,False,
296,0.2,-163256,147564,0,0,0.0,MOVING,3.1625525662054566,0.5,0.0,0,False,
297,0.2,-163256,147564,0,0,0.0,MOVING,3.1825525662054566,0.5,0.0,0,False,
298,0.2,-164306,148595,0,0,0.0,MOVING,3.2025525662054566,0.5,0.0,0,False,
299,0.2,-164306,148595,0,0,0.0,MOVING,3.2225525662054566,0.5,0.0,0,False,
300,0.2,-164306,148595,0,0,0.0,MOVING,3.2425525662054566,0.5,0.0,0,False,
301,0.2,-164306,148595,0,0,0.0,MOVING,3.2625525662054566,0.5,0.0,0,False,
302,0.2,-164306,148595,0,0,0.0,MOVING,3.2825525662054567,0.5,0.0,0,False,
303,0.2,-164306,148595,0,0,0.0,MOVING,3.3025525662054567,0.5,0.0,0,False,
304,0.2,-164306,148595,0,0,0.0,MOVING,3.3225525662054567,0.5,0.0,0,False,
305,0.2,-164306,148595,0,0,0.0,MOVING,3.3425525662054567,0.5,0.0,0,False,
306,0.2,-164306,148595,0,0,0.0,MOVING,3.3625525662054567,0.5,0.0,0,False,
307,0.2,-164306,148595,0,0,0.0,MOVING,3.3825525662054567,0.5,0.0,0,False,
308,0.2,-164306,148595,0,0,0.0,MOVING,3.4025525662054568,0.5,0.0,0,False,
309,0.2,-164306,148595,0,0,0.0,MOVING,3.422552566205457,0.5,0.0,0,False,
310,0.2,-164306,148595,0,0,0.0,MOVING,3.442552566205457,0.5,0.0,0,False,
311,0.2,-164306,148595,0,0,0.0,MOVING,3.462552566205457,0.5,0.0,0,False,
312,0.2,-164306,148595,0,0,0.0,MOVING,3.482552566205457,0.5,0.0,0,False,
313,0.2,-165430,149636,0,0,0.0,MOVING,3.502552566205457,0.5,0.0,0,False,
314,0.2,-165430,149636,0,0,0.0,MOVING,3.522552566205457,0.5,0.0,0,False,
315,0.2,-165430,149636,0,0,0.0,MOVING,3.542552566205457,0.5,0.0,0,False,
316,0.2,-165430,149636,0,0,0.0,MOVING,3.562552566205457,0.5,0.0,0,False,
317,0.2,-165430,149636,0,0,0.0,MOVING,3.582552566205457,0.5,0.0,0,False,
318,0.2,-165430,149636,0,0,0.0,MOVING,3.602552566205457,0.5,0.0,0,False,
319,0.2,-165430,149636,0,0,0.0,MOVING,3.622552566205457,0.5,0.0,0,False,
320,0.2,-165430,149636,0,0,0.0,MOVING,3.642552566205457,0.5,0.0,0,False,
321,0.2,-165430,149636,0,0,0.0,MOVING,3.662552566205457,0.5,0.0,0,False,
322,0.2,-165430,149636,0,0,0.0,MOVING,3.682552566205457,0.5,0.0,0,False,
323,0.2,-165430,149636,0,0,0.0,MOVING,3.702552566205457,0.5,0.0,0,False,
324,0.19999575171273598,-165430,149636,0,0,0.0,MOVING,3.7225521413767306,0.5,0.0005990965874159012,1,False,
325,0.1999423657341892,-165430,149636,0,0,0.0,MOVING,3.7425463779490564,0.5000002090638962,0.005860523154728278,1,False,
326,0.1998800896941012,-165430,149636,0,0,0.0,MOVING,3.7625343868139063,0.5000022535458838,0.015545869842659819,1,False,
327,0.19981531386778276,-165430,149636,0,0,0.0,MOVING,3.782515917465183,0.5000076750670678,0.02942268985655142,1,False,
328,0.1997163712191899,-165430,149636,0,0,0.0,MOVING,3.802487551953785,0.5000179309578879,0.049253465308357,2,False,
329,0.19947776386919092,-166532,150674,0,0,0.0,MOVING,3.822435320970275,0.5000350787652761,0.08219594041717906,2,False,
330,0.19923323646792931,-166532,150674,0,0,0.0,MOVING,3.8423586241154943,0.5000636605521998,0.12750929977130634,2,False,
331,0.19898942160121819,-166532,150674,0,0,0.0,MOVING,3.8622575169992954,0.500107944757916,0.1844768143206262,2,False,
332,0.19867666495247016,-166532,150674,0,0,0.0,MOVING,3.8821250805140877,0.500171913125598,0.2556868452760765,3,False,
333,0.1982197421177977,-166532,150674,0,0,0.0,MOVING,3.901946857352889,0.5002603699242405,0.346659309540039,3,False,
334,0.19777110729886085,-166532,150674,0,0,0.0,MOVING,3.9217236060965908,0.5003800275635972,0.4561287665360937,3,False,
335,0.19733549496264788,-166532,150674,0,0,0.0,MOVING,3.9414565302724793,0.5005371236811798,0.5828861094727025,3,False,
336,0.1967742422906563,-166532,150674,1,0,0.0,MOVING,3.961132936246303,0.5007373042094462,0.731124823971749,4,False,
337,0.19610809038894472,-166532,150674,1,0,0.0,MOVING,3.9807421486804477,0.5009875418416148,0.903904854536525,4,False,
338,0.19546816795461175,-166532,150674,1,0,0.0,MOVING,4.000286533063489,0.5012959018961671,1.0994438781755205,4,False,
339,0.19485747819802335,-166532,150674,1,0,0.0,MOVING,4.019768693526095,0.5016697893206645,1.3160627897155397,4,False,
340,0.19402756844335386,-166532,150674,1,0,0.0,MOVING,4.039166332110873,0.5021154242550566,1.5604581138847886,5,False,
341,0.19318201735005347,-166532,150674,2,0,0.0,MOVING,4.0584773696273775,0.5026414929868103,1.8322481132426731,5,False,
342,0.1923827374680212,-166532,150674,2,0,0.0,MOVING,4.077705807286418,0.5032566043176087,2.129190184221224,5,False,
343,0.1915716214026833,-166532,150674,2,0,0.0,MOVING,4.0968497432339905,0.5039683470406238,2.4509917082994948,6,False,
344,0.19052380254858747,-166532,150674,2,0,0.0,MOVING,4.115884693727716,0.5047831188351505,2.804008861601668,6,False,
345,0.1895431800639347,-166532,150674,3,0,0.0,MOVING,4.13481631805108,0.5057103575134161,3.1854038656540955,6,False,
346,0.1886290449020531,-167588,151702,3,3,0.0,MOVING,4.153650078454946,0.5067585153528569,3.592584563998998,6,False,
347,0.1875514267842724,-167588,151702,3,3,0.0,MOVING,4.172368364402013,0.507933737924127,4.029395759976234,7,False,
348,0.18640020952877023,-167588,151702,3,3,0.0,MOVING,4.190962309650331,0.509243539903913,4.497008879480646,7,False,
349,0.18533760855173276,-167588,151702,4,3,0.0,MOVING,4.209439012994286,0.5106967174485507,4.992323417125863,7,False,
350,0.18432806433547735,-167588,151702,4,3,0.0,MOVING,4.227801892114378,0.5123007821098169,5.5133458649171905,8,False,
351,0.18301942885767397,-167588,151702,4,3,0.0,MOVING,4.246019167395352,0.5140591889828429,6.066857253477779,8,False,
352,0.09000000000000001,-167588,151702,-15,3,0.0,MOVING,4.257045040454288,0.5152310645301416,7.125680782889544,1,True,L
353,0.09000000000000001,-167588,151702,-15,3,0.0,MOVING,4.268047375873586,0.5166064860405748,8.184504312301309,1,True,L
354,0.09000000000000001,-167588,151702,-15,3,0.0,MOVING,4.279022416365781,0.5181849838089568,9.243327841713073,1,True,L
355,0.09000000000000001,-167588,151702,-15,3,0.0,MOVING,4.289966413964599,0.5199660187797458,10.302151371124838,1,True,L
356,0.09000000000000001,-167588,151702,-15,3,0.0,MOVING,4.300875631304886,0.5219489827311309,11.360974900536602,1,True,L
357,0.09000000000000001,-167588,151702,-15,3,0.0,MOVING,4.311746342898914,0.5241331984827392,12.419798429948369,1,True,L
358,0.09000000000000001,-167588,151702,-15,3,0.0,MOVING,4.3225748364086325,0.5265179201268926,13.478621959360133,1,True,L
359,0.09000000000000001,-167588,151702,-15,3,0.0,MOVING,4.333357413913428,0.5291023332833342,14.537445488771898,1,True,L
360,0.09000000000000001,-167588,151702,-15,3,0.0,MOVING,4.34409039317296,0.5318855553773387,15.596269018183662,2,True,L
361,0.09000000000000001,-167588,151702,-15,3,0.0,MOVING,4.3547701088846456,0.5348666359411107,16.655092547595427,2,True,L
362,0.09000000000000001,-167588,151702,-15,3,0.0,MOVING,4.365392913935351,0.5380445569383687,17.71391607700719,2,True,L
363,0.09000000000000001,-168524,152590,-15,-15,0.0,MOVING,4.375955180646884,0.5414182331120034,18.772739606418956,2,True,L
364,0.09000000000000001,-168524,152590,-15,-15,0.0,MOVING,4.386453302014839,0.5449865123546922,19.831563135830724,2,True,L
365,0.09000000000000001,-168524,152590,-15,-15,0.0,MOVING,4.396883692940386,0.5487481761023426,20.890386665242488,2,True,L
366,0.09000000000000001,-168524,152590,-15,-15,0.0,MOVING,4.407242791454578,0.5527019397502309,21.949210194654253,2,True,L
367,0.09000000000000001,-168524,152590,-15,-15,0.0,MOVING,4.4175270599347645,0.5568464530916933,23.008033724066017,3,True,L
368,0.09000000000000001,-168524,152590,-15,-15,0.0,MOVING,4.427732986312679,0.5611803007792207,24.06685725347778,3,True,L
369,0.09000000000000001,-168524,152590,-15,-15,0.0,MOVING,4.437857085273815,0.5657020028077979,25.125680782889546,3,True,L
370,0.09000000000000001,-168524,152590,-15,-15,0.0,MOVING,4.4478958994476505,0.5704100150203246,26.18450431230131,3,True,L
371,0.09000000000000001,-168524,152590,-15,-15,0.0,MOVING,4.457846000588343,0.5753027296349432,27.243327841713075,3,True,L
372,0.09000000000000001,-168524,152590,-15,-15,0.0,MOVING,4.467703990745467,0.5803784757940951,28.30215137112484,3,True,L
373,0.09000000000000001,-168524,152590,-15,-15,0.0,MOVING,4.4774665034244165,0.5856355201351168,29.360974900536608,3,True,L
374,0.09000000000000001,-168524,152590,-15,-15,0.0,MOVING,4.4871302047360535,0.5910720673821818,30.41979842994837,4,True,L
375,0.09000000000000001,-168524,152590,-15,-15,0.0,MOVING,4.496691794535234,0.5966862609593857,31.47862195936013,4,True,L
376,0.09000000000000001,-168524,152590,-15,-15,0.0,MOVING,4.506148007547801,0.6024761836247652,32.537445488771894,4,True,L
377,0.09000000000000001,-168524,152590,-15,-15,0.0,MOVING,4.515495614485673,0.6084398581250342,33.596269018183655,4,True,L
378,0.09000000000000001,-168524,152590,-15,-15,0.0,MOVING,4.524731423149644,0.6145752478708142,34.655092547595416,4,True,L
379,0.09000000000000001,-169280,153312,-15,-15,0.0,MOVING,4.533852279519517,0.6208802576321276,35.71391607700718,4,True,L
380,0.09000000000000001,-169280,153312,-15,-15,0.0,MOVING,4.542855068831197,0.6273527342539171,36.77273960641894,4,True,L
381,0.09000000000000001,-169280,153312,-15,-15,0.0,MOVING,4.551736716640382,0.6339904673913458,37.8315631358307,5,True,L
382,0.09000000000000001,-169280,153312,-15,-15,0.0,MOVING,4.560494189872481,0.640791190264628,38.89038666524246,5,True,L
383,0.09000000000000001,-169280,153312,-15,-15,0.0,MOVING,4.569124497858407,0.6477525804331329,39.94921019465422,5,True,L
384,0.09000000000000001,-169280,153312,-15,-15,0.0,MOVING,4.577624693355892,0.6548722605884951,41.00803372406598,5,True,L
385,0.09000000000000001,-169280,153312,-15,-15,0.0,MOVING,4.585991873555958,0.6621477993664641,42.06685725347775,5,True,L
386,0.09000000000000001,-169280,153312,-15,-15,0.0,MOVING,4.594223181074233,0.6695767121772122,43.12568078288951,5,True,L
387,0.09000000000000001,-169280,153312,-15,-15,0.0,MOVING,4.60231580492674,0.6771564620538202,44.18450431230127,5,True,L
388,0.09000000000000001,-169280,153312,-15,-15,0.0,MOVING,4.610266981489848,0.6848844605186492,45.24332784171303,6,True,L
389,0.09000000000000001,-169280,153312,-15,-15,0.0,MOVING,4.6180739954440435,0.692758068467303,46.30215137112479,6,True,L
390,0.09000000000000001,-169280,153312,-15,-15,0.0,MOVING,4.625734180701214,0.7007745970698804,47.360974900536554,6,True,L
391,0.09000000000000001,-169280,153312,-15,-15,0.0,MOVING,4.633244921315111,0.7089313086892075,48.419798429948315,6,True,L
392,0.09000000000000001,-169280,153312,-15,-15,0.0,MOVING,4.640603652374696,0.7172254178157387,49.478621959360076,6,True,L
393,0.09000000000000001,-169280,153312,-15,-15,0.0,MOVING,4.647807860880054,0.7256540920188055,50.53744548877184,6,True,L
394,0.09000000000000001,-169280,153312,-15,-15,0.0,MOVING,4.654855086600579,0.7342144529138891,51.596269018183605,6,True,L
395,0.09000000000000001,-169280,153312,-15,-15,0.0,MOVING,4.661742922915144,0.7429035771455861,52.655092547595366,7,True,L
396,0.09000000000000001,-169280,153312,-15,-15,0.0,MOVING,4.668469017633957,0.7517184973859315,53.71391607700713,7,True,L
397,0.09000000000000001,-170036,154006,-15,-15,0.0,MOVING,4.6750310738018355,0.7606562033477388,54.77273960641889,7,True,L
398,0.09000000000000001,-170036,154006,-15,-15,0.0,MOVING,4.681426850482608,0.7697136428126096,55.83156313583065,7,True,L
399,0.09000000000000001,-170036,154006,-15,-15,0.0,MOVING,4.687654163524397,0.7788877226732643,56.89038666524241,7,True,L
400,0.09000000000000001,-170036,154006,-15,-15,0.0,MOVING,4.693710886305504,0.7881753099898351,57.94921019465417,7,True,L
401,0.09000000000000001,-170036,154006,-15,-15,0.0,MOVING,4.699594950460648,0.7975732330597617,59.00803372406593,7,True,L
402,0.09000000000000001,-170036,154006,-15,-15,0.0,MOVING,4.705304346587311,0.8070782825009252,60.06685725347769,8,True,L
403,0.09000000000000001,-170036,154006,-15,-15,0.0,MOVING,4.7108371249319445,0.816687212347649,61.125680782889454,8,True,L
404,0.09000000000000001,-170036,154006,-15,-15,0.0,MOVING,4.716191396055814,0.8263967411591933,62.18450431230122,8,True,L
405,0.09000000000000001,-170036,154006,-15,-15,0.0,MOVING,4.721365331480235,0.8362035531403639,63.24332784171298,8,True,L
406,0.09000000000000001,-170036,154006,-15,-15,0.0,MOVING,4.726357164311,0.8461042992738532,64.30215137112474,8,True,L
407,0.09000000000000001,-170036,154006,-15,-15,0.0,MOVING,4.731165189841771,0.8560955984639269,65.3609749005365,8,True,L
408,0.09000000000000001,-170036,154006,-15,-15,0.0,MOVING,4.735787766136233,0.8661740386910647,66.41979842994827,8,True,L
409,0.09000000000000001,-170036,154006,-15,-15,0.0,MOVING,4.740223314588817,0.8763361781771618,67.47862195936003,9,True,L
410,0.09000000000000001,-170036,154006,-15,-15,0.0,MOVING,4.744470320463789,0.8865785465608934,68.5374454887718,9,True,L
411,0.09000000000000001,-170036,154006,-15,-15,0.0,MOVING,4.748527333412533,0.8968976460828395,69.59626901818355,9,True,L
412,0.09000000000000001,-170792,154680,-15,-15,0.0,MOVING,4.752392967968846,0.9072899527799667,70.65509254759532,9,True,L
413,0.09000000000000001,-170792,154680,-15,-15,0.0,MOVING,4.756065904022066,0.9177519176890584,71.71391607700707,9,True,L
414,0.09000000000000001,-170792,154680,-15,-15,0.0,MOVING,4.7595448872678965,0.9282799680586824,72.77273960641884,9,True,L
415,0.09000000000000001,-170792,154680,-15,-15,0.0,MOVING,4.762828729636746,0.9388705085692823,73.83156313583059,9,True,L
416,0.09000000000000001,-170792,154680,-15,-15,0.0,MOVING,4.765916309699454,0.9495199225609758,74.89038666524236,10,True,L
417,0.09000000000000001,-170792,154680,-15,-15,0.0,MOVING,4.7688065730502585,0.9602245732686407,75.94921019465411,10,True,L
418,0.09000000000000001,-170792,154680,-15,-15,0.0,MOVING,4.771498532666872,0.970980805063867,77.00803372406588,10,True,L
419,0.09000000000000001,-170792,154680,-15,-15,0.0,MOVING,4.773991269247551,0.9817849447033503,78.06685725347765,10,True,L
420,0.09000000000000001,-170792,154680,-15,-15,0.0,MOVING,4.776283931525038,0.9926333025833015,79.1256807828894,10,True,L
421,0.09000000000000001,-170792,154680,-15,-15,0.0,MOVING,4.7783757365572646,1.0035221739994429,80.18450431230117,10,True,L
422,0.09000000000000001,-170792,154680,-15,-15,0.0,MOVING,4.780265969994729,1.0144478404121613,81.24332784171293,10,True,L
423,0.09000000000000001,-170792,154680,-15,-15,0.0,MOVING,4.781953986324444,1.0254065707163857,82.3021513711247,11,True,L
424,0.09000000000000001,-170792,154680,-15,-15,0.0,MOVING,4.783439209090379,1.0363946225157565,83.36097490053645,11,True,L
425,0.09000000000000001,-170792,154680,-15,-15,0.0,MOVING,4.784721131090321,1.0474082434006506,84.41979842994822,11,True,L
426,0.09000000000000001,-170792,154680,-15,-15,0.0,MOVING,4.785799314549081,1.0584436722296253,85.47862195935997,11,True,L
427,0.09000000000000001,-170792,154680,-15,-15,0.0,MOVING,4.786673391267995,1.0694971404138451,86.53744548877174,11,True,L
428,0.09000000000000001,-171527,155426,-15,-15,0.0,MOVING,4.787343062750665,1.0805648732040514,87.5962690181835,11,True,L
429,0.09000000000000001,-171527,155426,-15,-15,0.0,MOVING,4.7878081003048925,1.0916430909796355,88.65509254759526,11,True,L
430,0.09000000000000001,-171527,155426,-15,-15,0.0,MOVING,4.788068345120779,1.1027280105393757,89.71391607700703,12,True,L
431,0.09000000000000001,-171527,155426,-15,-15,0.0,MOVING,4.788123708324958,1.1138158463933976,90.77273960641878,12,True,L
432,0.09000000000000001,-171527,155426,-15,-15,0.0,MOVING,4.787974171010947,1.1249028120559144,91.83156313583055,12,True,L
433,0.09000000000000001,-171527,155426,-15,-15,0.0,MOVING,4.787619784245601,1.1359851213383092,92.8903866652423,12,True,L
434,0.09000000000000001,-171527,155426,-15,-15,0.0,MOVING,4.787060669051676,1.1470589896421148,93.94921019465407,12,True,L
435,0.09000000000000001,-171527,155426,-15,-15,0.0,MOVING,4.786297016366498,1.1581206352514504,95.00803372406583,12,True,L
436,0.09000000000000001,-171527,155426,-15,-15,0.0,MOVING,4.785329086976759,1.1691662806244736,96.0668572534776,12,True,L
437,0.09000000000000001,-171527,155426,-15,-15,0.0,MOVING,4.78415721142946,1.1801921536834088,97.12568078288936,13,True,L
438,0.09000000000000001,-171527,155426,-15,-15,0.0,MOVING,4.782781789919027,1.191194489102707,98.18450431230112,13,True,L
439,0.09000000000000001,-171527,155426,-15,-15,0.0,MOVING,4.781203292150645,1.2021695295949022,99.24332784171288,13,True,L
440,0.09000000000000001,-171527,155426,-15,-15,0.0,MOVING,4.7794222571798555,1.2131135271937203,100.30215137112464,13,True,L
441,0.09000000000000001,-171527,155426,-15,-15,0.0,MOVING,4.77743929322847,1.2240227445340073,101.3609749005364,13,True,L
442,0.09000000000000001,-171527,155426,-15,-15,0.0,MOVING,4.775255077476862,1.2348934561280354,102.41979842994816,13,True,L
443,0.09000000000000001,-171527,155426,-15,-15,0.0,MOVING,4.772870355832708,1.2457219496377538,103.47862195935993,13,True,L
444,0.09000000000000001,-172302,156131,-15,-15,0.0,MOVING,4.770285942676267,1.2565045271425492,104.53744548877168,13,True,L
445,0.09000000000000001,-172302,156131,-15,-15,0.0,MOVING,4.767502720582263,1.2672375064020818,105.59626901818345,14,True,L
446,0.09000000000000001,-172302,156131,-15,-15,0.0,MOVING,4.764521640018491,1.2779172221137667,106.65509254759522,14,True,L
447,0.09000000000000001,-172302,156131,-15,-15,0.0,MOVING,4.761343719021233,1.2885400271644722,107.71391607700697,14,True,L
448,0.09000000000000001,-172302,156131,-15,-15,0.0,MOVING,4.757970042847599,1.2991022938760053,108.77273960641874,14,True,L
449,0.09000000000000001,-172302,156131,-15,-15,0.0,MOVING,4.75440176360491,1.30960041524396,109.83156313583049,14,True,L
450,0.09000000000000001,-172302,156131,-15,-15,0.0,MOVING,4.750640099857259,1.3200308061695065,110.89038666524226,14,True,L
451,0.09000000000000001,-172302,156131,-15,-15,0.0,MOVING,4.746686336209371,1.330389904683699,111.94921019465401,14,True,L
452,0.09000000000000001,-172302,156131,-15,-15,0.0,MOVING,4.742541822867908,1.3406741731638852,113.00803372406578,15,True,L
453,0.09000000000000001,-172302,156131,-15,-15,0.0,MOVING,4.738207975180381,1.3508800995418002,114.06685725347754,15,True,L
454,0.09000000000000001,-172302,156131,-15,-15,0.0,MOVING,4.733686273151804,1.361004198502936,115.12568078288932,15,True,L
455,0.09000000000000001,-172302,156131,-15,-15,0.0,MOVING,4.728978260939277,1.3710430126767719,116.18450431230107,15,True,L
456,0.09000000000000001,-172302,156131,-15,-15,0.0,MOVING,4.724085546324658,1.3809931138174643,117.24332784171284,15,True,L
457,0.09000000000000001,-172302,156131,-15,-15,0.0,MOVING,4.719009800165506,1.3908511039745888,118.30215137112461,15,True,L
458,0.09000000000000001,-172302,156131,-15,-15,0.0,MOVING,4.713752755824484,1.400613616653538,119.36097490053636,15,True,L
459,0.09000000000000001,-172302,156131,-15,-15,0.0,MOVING,4.708316208577419,1.410277317965175,120.41979842994813,16,True,L
460,0.09000000000000001,-173091,156859,-15,-15,0.0,MOVING,4.702702015000216,1.4198389077643556,121.47862195935988,16,True,L
461,0.09000000000000001,-173091,156859,-15,-15,0.0,MOVING,4.696912092334836,1.4292951207769222,122.53744548877165,16,True,L
462,0.09000000000000001,-173091,156859,-15,-15,0.0,MOVING,4.690948417834567,1.4386427277147942,123.5962690181834,16,True,L
463,0.09000000000000001,-173091,156859,-15,-15,0.0,MOVING,4.6848130280887865,1.4478785363787654,124.65509254759517,16,True,L
464,0.09000000000000001,-173091,156859,-15,-15,0.0,MOVING,4.678508018327473,1.4569993927486384,125.71391607700693,16,True,L
465,0.09000000000000001,-173091,156859,-15,-15,0.0,MOVING,4.672035541705683,1.4660021820603184,126.7727396064187,16,True,L
466,0.09000000000000001,-173091,156859,-15,-15,0.0,MOVING,4.665397808568255,1.4748838298695028,127.83156313583046,17,True,L
467,0.09000000000000001,-173091,156859,-15,-15,0.0,MOVING,4.658597085694972,1.4836413031016016,128.89038666524223,17,True,L
468,0.09000000000000001,-173091,156859,-15,-15,0.0,MOVING,4.651635695526467,1.4922716110875285,129.94921019465397,17,True,L
469,0.09000000000000001,-173091,156859,-15,-15,0.0,MOVING,4.644516015371105,1.5007718065850129,131.00803372406574,17,True,L
470,0.09000000000000001,-173091,156859,-15,-15,0.0,MOVING,4.637240476593136,1.509138986785079,132.0668572534775,17,True,L
471,0.09000000000000001,-173091,156859,-15,-15,0.0,MOVING,4.629811563782388,1.5173702943033542,133.12568078288928,17,True,L
472,0.09000000000000001,-173091,156859,-15,-15,0.0,MOVING,4.62223181390578,1.5254629181558617,134.18450431230102,17,True,L
473,0.09000000000000001,-173091,156859,-15,-15,0.0,MOVING,4.614503815440951,1.5334140947189692,135.24332784171278,18,True,L
474,0.09000000000000001,-173091,156859,-15,-15,0.0,MOVING,4.606630207492297,1.5412211086731646,136.30215137112455,18,True,L
475,0.09000000000000001,-173091,156859,-15,-15,0.0,MOVING,4.59861367888972,1.548881293930335,137.36097490053632,18,True,L
476,0.09000000000000001,-173091,156859,-15,-15,0.0,MOVING,4.590456967270393,1.5563920345442321,138.4197984299481,18,True,L
477,0.09000000000000001,-173853,157570,-15,-15,0.0,MOVING,4.582162858143862,1.5637507656038172,139.47862195935983,18,True,L
478,0.09000000000000001,-173853,157570,-15,-15,0.0,MOVING,4.573734183940795,1.5709549741091748,140.5374454887716,18,True,L
479,0.09000000000000001,-173853,157570,-15,-15,0.0,MOVING,4.565173823045711,1.5780021998297,141.59626901818336,18,True,L
480,0.09000000000000001,-173853,157570,-15,-15,0.0,MOVING,4.556484698814014,1.5848900361442655,142.65509254759513,19,True,L
481,0.09000000000000001,-173853,157570,-15,-15,0.0,MOVING,4.547669778573669,1.5916161308630796,143.71391607700687,19,True,L
482,0.09000000000000001,-173853,157570,-15,-15,0.0,MOVING,4.538732072611862,1.5981781870309577,144.77273960641864,19,True,L
483,0.09000000000000001,-173853,157570,-15,-15,0.0,MOVING,4.529674633146991,1.60457396371173,145.8315631358304,19,True,L
484,0.09000000000000001,-173853,157570,-15,-15,0.0,MOVING,4.520500553286336,1.6108012767535191,146.89038666524218,19,True,L
485,0.09000000000000001,-173853,157570,-15,-15,0.0,MOVING,4.511212965969765,1.6168579995346264,147.94921019465394,19,True,L
486,0.09000000000000001,-173853,157570,-15,-15,0.0,MOVING,4.501815042899839,1.6227420636897705,149.00803372406568,19,True,L
487,0.09000000000000001,-173853,157570,-15,-15,0.0,MOVING,4.492309993458676,1.628451459816433,150.06685725347745,20,True,L
488,0.09000000000000001,-173853,157570,-15,-15,0.0,MOVING,4.482701063611952,1.633984238161067,151.12568078288922,20,True,L
489,0.09000000000000001,-173853,157570,-15,-15,0.0,MOVING,4.472991534800408,1.6393385092849364,152.184504312301,20,True,L
490,0.09000000000000001,-173853,157570,-15,-15,0.0,MOVING,4.463184722819237,1.6445124447093575,153.24332784171273,20,True,L
491,0.09000000000000001,-173853,157570,-15,-15,0.0,MOVING,4.453283976685748,1.6495042775401227,154.3021513711245,20,True,L
492,0.09000000000000001,-174619,158204,-15,-15,0.0,MOVING,4.443292677495674,1.6543123030708933,155.36097490053626,20,True,L
493,0.09000000000000001,-174619,158204,-15,-15,0.0,MOVING,4.433214237268537,1.6589348793653553,156.41979842994803,20,True,L
494,0.09000000000000001,-174619,158204,-15,-15,0.0,MOVING,4.42305209778244,1.6633704278179389,157.4786219593598,21,True,L
495,0.09000000000000001,-174619,158204,-15,-15,0.0,MOVING,4.412809729398709,1.6676174336929108,158.53744548877154,21,True,L
496,0.09000000000000001,-174619,158204,-15,-15,0.0,MOVING,4.4024906298767625,1.6716744466416555,159.5962690181833,21,True,L
497,0.09000000000000001,-174619,158204,-15,-15,0.0,MOVING,4.392098323179636,1.6755400811979677,160.65509254759507,21,True,L
498,0.09000000000000001,-174619,158204,-15,-15,0.0,MOVING,4.381636358270544,1.6792130172511879,161.71391607700684,21,True,L
499,0.09000000000000001,-174619,158204,-15,-15,0.0,MOVING,4.37110830790092,1.6826920004970185,162.77273960641858,21,True,L
500,0.09000000000000001,-174619,158204,-15,-15,0.0,MOVING,4.360517767390321,1.6859758428658682,163.83156313583035,21,True,L
501,0.09000000000000001,-174619,158204,-15,-15,0.0,MOVING,4.3498683533986275,1.6890634229285764,164.89038666524212,22,True,L
502,0.09000000000000001,-174619,158204,-15,-15,0.0,MOVING,4.339163702690962,1.6919536862793803,165.9492101946539,22,True,L
503,0.09000000000000001,-174619,158204,-15,-15,0.0,MOVING,4.328407470895736,1.694645645895993,167.00803372406565,22,True,L
504,0.09000000000000001,-174619,158204,-15,-15,0.0,MOVING,4.317603331256253,1.6971383824766721,168.0668572534774,22,True,L
505,0.09000000000000001,-174619,158204,-15,-15,0.0,MOVING,4.306754973376301,1.6994310447541587,169.12568078288916,22,True,L
506,0.09000000000000001,-174619,158204,-15,-15,0.0,MOVING,4.29586610196016,1.7015228497863855,170.18450431230093,22,True,L
507,0.09000000000000001,-174619,158204,-15,-15,0.0,MOVING,4.284940435547441,1.7034130832238499,171.2433278417127,22,True,L
508,0.09000000000000001,-174619,158204,-15,-15,0.0,MOVING,4.273981705243217,1.705101099553565,172.30215137112444,23,True,L
509,0.09000000000000001,-175358,158866,-15,-15,0.0,MOVING,4.2629936534438455,1.7065863223195004,173.3609749005362,23,True,L
510,0.09000000000000001,-175358,158866,-15,-15,0.0,MOVING,4.251980032558952,1.7078682443194422,174.41979842994797,23,True,L
511,0.09000000000000001,-175358,158866,-15,-15,0.0,MOVING,4.240944603729977,1.708946427778202,175.47862195935974,23,True,L
512,0.09000000000000001,-175358,158866,-15,-15,0.0,MOVING,4.229891135545757,1.7098205044971162,176.53744548877148,23,True,L
513,0.09000000000000001,-175358,158866,-15,-15,0.0,MOVING,4.218823402755551,1.7104901759797861,177.59626901818325,23,True,L
514,0.09000000000000001,-175358,158866,-15,-15,0.0,MOVING,4.207745184979967,1.7109552135340138,178.65509254759502,23,True,L
515,0.09000000000000001,-175358,158866,-15,-15,0.0,MOVING,4.196660265420227,1.7112154583499006,179.7139160770068,24,True,L
516,0.09000000000000001,-175358,158866,-15,-15,0.0,MOVING,4.1855724295662045,1.7112708215540802,180.77273960641855,24,True,L
517,0.09000000000000001,-175358,158866,-15,-15,0.0,MOVING,4.174485463903688,1.7111212842400692,181.8315631358303,24,True,L
518,0.09000000000000001,-175358,158866,-15,-15,0.0,MOVING,4.163403154621292,1.7107668974747232,182.89038666524206,24,True,L
519,0.09000000000000001,-175358,158866,-15,-15,0.0,MOVING,4.152329286317487,1.710207782280798,183.94921019465383,24,True,L
520,0.09000000000000001,-175358,158866,-15,-15,0.0,MOVING,4.1412676407081515,1.70944412959562,185.0080337240656,24,True,L
521,0.09000000000000001,-175358,158866,-15,-15,0.0,MOVING,4.130221995335128,1.7084762002058818,186.06685725347734,24,True,L
522,0.04251522434623756,-175358,158866,-13,-15,0.0,MOVING,4.125994284630798,1.7080268615667578,-175.04969802589696,25,False,L
523,0.07951123289972091,-175358,158866,-10,-15,0.0,MOVING,4.118072819653177,1.7073407462844208,-176.51994841262683,25,False,L
524,0.11468604479697986,-175358,158866,-8,-15,0.0,MOVING,4.106625363361348,1.7066445902972829,-177.97909603720097,25,False,L
525,0.1475542179649983,-176100,159538,-5,-15,0.0,MOVING,4.091879119028946,1.70612425340475,-179.1625920015192,25,False,L
526,0.17717164745346178,-176100,159538,-3,-15,0.0,MOVING,4.074163846563785,1.7058653169283298,-179.85102595100324,25,False,L
527,0.2,-176100,159538,0,-15,0.0,MOVING,4.054163914168305,1.705813315233822,-179.85102595100324,25,False,L
528,0.19982359242439307,-176100,159538,0,-15,0.0,MOVING,4.034181622470755,1.7057613594067784,-179.83766890884004,25,False,L
529,0.199837025592109,-176100,159538,0,-15,0.0,MOVING,4.014198000116983,1.705704741416248,-179.8251641742883,25,False,L
530,0.19984987715440722,-176100,159538,0,-15,0.0,MOVING,3.9942131054457084,1.705643758104104,-179.813485996847,25,False,L
531,0.19986215740598945,-176100,159538,0,-15,0.0,MOVING,3.974226995600685,1.7055786974215603,-179.80260883740218,25,False,L
532,0.1998738768667076,-176100,159538,0,-15,0.0,MOVING,3.9542397265279607,1.7055098384947451,-179.79250739015268,25,False,L
533,0.19988504622588543,-176100,159538,0,-15,0.0,MOVING,3.934251352977345,1.7054374516983555,-179.78315660319782,25,False,L
534,0.19989567628385427,-176100,159538,0,-15,0.0,MOVING,3.914261928508411,1.7053617987369287,-179.77453169782288,25,False,L
535,0.19990577788931654,-176100,159538,0,-15,0.0,MOVING,3.894271505501501,1.7052831327332703,-179.76660818651715,25,False,L
536,0.19991536187060677,-176100,159538,0,-15,0.0,MOVING,3.8742801351743954,1.7052016983235947,-179.75936188976107,25,False,L
537,0.19992443895810733,-176100,159538,0,-15,0.0,MOVING,3.8542878676055787,1.7051177317589479,-179.75276895161716,25,False,L
538,0.1999330196938411,-176100,159538,0,-15,0.0,MOVING,3.834294751765438,1.705031461012489,-179.7468058541614,25,False,L
539,0.1999411143223175,-176100,159538,0,-15,0.0,MOVING,3.814300835557321,1.7049431058922278,-179.74144943078963,25,False,L
540,0.199948732653562,-176100,159538,0,-15,0.0,MOVING,3.7943061658712827,1.7048528781588277,-179.73667687843528,25,False,L
541,0.1999558838839681,-176100,159538,0,-15,0.0,MOVING,3.774310788654798,1.7047609816481037,-179.73246576873277,25,False,L
542,0.1999625763513339,-177078,160429,0,0,0.0,MOVING,3.7543147490070643,1.704667612397866,-179.7287940581617,25,False,L
543,0.19996881718333087,-177078,160429,0,0,0.0,MOVING,3.7343180913076037,1.7045729587787934,-179.72564009720597,25,False,L
544,0.19997461176507358,-177078,160429,0,0,0.0,MOVING,3.714320859397307,1.7044772016290701,-179.72298263856072,25,False,L
545,0.19997996288036404,-177078,160429,0,0,0.0,MOVING,3.6943230968445957,1.7043805143925943,-179.7208008444194,25,False,L
546,0.19998486921517594,-177078,160429,0,0,0.0,MOVING,3.674324847360528,1.704283063260742,-179.7190742928702,25,False,L
547,0.199989322470134,-177078,160429,0,0,0.0,MOVING,3.6543261555019906,1.704185007318042,-179.7177829834274,25,False,L
548,0.19999330091057366,-177078,160429,0,0,0.0,MOVING,3.6343270680192603,1.7040864986932016,-179.71690734171173,25,False,L
549,0.19999675102381276,-177078,160429,0,0,0.0,MOVING,3.6143276370372437,1.7039876827210392,-179.716428223265,25,False,L
550,0.19999949652859364,-177078,160429,0,0,0.0,MOVING,3.594327932335129,1.703888698150934,-179.71632691635065,25,False,L
551,0.19999845259413346,-177078,160429,-1,0,0.0,MOVING,3.5743283322002304,1.7037896787354196,-179.71658513920542,25,False,L
552,0.19999574494158623,-177078,160429,-1,0,0.0,MOVING,3.5543290023812126,1.7036907507942256,-179.71718503139402,25,False,L
553,0.19999285321089044,-177078,160429,-1,0,0.0,MOVING,3.534329960697053,1.7035920336752648,-179.71810917216644,25,False,L
554,0.19998991403824073,-177078,160429,-1,0,0.0,MOVING,3.5143312113369647,1.7034936405728889,-179.71934058510465,25,False,L
555,0.19998699260012454,-177078,160429,-1,0,0.0,MOVING,3.4943327520071166,1.7033956787189017,-179.72086273826162,25,False,L
556,0.19998412736220678,-177078,160429,-1,0,0.0,APPROACHING,3.4743345766022053,1.7032982495516042,-179.72265954340713,25,False,L
557,0.1914301567185407,-177078,160429,-1,0,0.0,APPROACHING,3.455191785194937,1.7032055880672934,-179.72462744828982,25,False,L
558,0.18504737146165234,-177078,160429,-1,0,0.0,APPROACHING,3.436687261770227,1.7031166517248213,-179.72674571324225,25,False,L
559,0.1788776487237549,-178202,161462,-1,-1,0.0,APPROACHING,3.4187997003273654,1.703031341952547,-179.7289834716531,25,False,L
560,0.1729138574171994,-178202,161462,-1,-1,0.0,APPROACHING,3.4015085080252003,1.7029495517421904,-179.73131401005656,25,False,L
561,0.16714910454144002,-178202,161462,-1,-1,0.0,APPROACHING,3.384793781359433,1.7028711682060924,-179.7337142469139,25,False,L
562,0.16157672821584537,-178202,161462,-1,-1,0.0,APPROACHING,3.368636283039134,1.7027960746717536,-179.7361642762361,25,False,L
563,0.1561902904662513,-178202,161462,-1,-1,0.0,APPROACHING,3.35301741958674,1.7027241523887375,-179.73864696798026,25,False,L
564,0.1509835699748406,-178202,161462,-1,-1,0.0,APPROACHING,3.3379192196648684,1.7026552819112037,-179.74114761814363,25,False,L
565,0.1459505549085848,-178202,161462,-1,-1,0.0,APPROACHING,3.323324313121806,1.70258934420938,-179.74365364235496,25,False,L
566,0.14108543589100137,-178202,161462,-1,-1,0.0,APPROACHING,3.309215910741096,1.7025262215548775,-179.74615430753488,25,False,L
567,0.136382599153467,-178202,161462,-1,-1,0.0,APPROACHING,3.2955777846770475,1.7024657982176652,-179.74864049687358,25,False,L
568,0.13183661988555248,-178202,161462,-1,-1,0.0,APPROACHING,3.2823942495560914,1.7024079610065268,-179.75110450396983,25,False,L
569,0.1274422557936797,-178202,161462,-1,-1,0.0,APPROACHING,3.2696501442229846,1.70235259967978,-179.7535398524956,25,False,L
570,0.12319444087112748,-178202,161462,-1,-1,0.0,APPROACHING,3.257330814110606,1.702299607248762,-179.75594113820748,25,False,L
571,0.11908827937849197,-178202,161462,-1,-1,0.0,APPROACHING,3.2454220942121825,1.702248880192997,-179.7583038905248,25,False,L
572,0.11511904003126686,-178202,161462,-1,-1,0.0,APPROACHING,3.2339102926351413,1.7022003186029138,-179.7606244512442,25,False,L
573,0.11128215038970721,-178202,161462,-1,-1,0.0,APPROACHING,3.2227821747162864,1.702153826263428,-179.76289986826467,25,False,L
574,0.10757319144524911,-178202,161462,-1,-1,0.0,APPROACHING,3.212024947678576,1.7021093106895333,-179.7651278024638,25,False,L
575,0.10398789239726432,-179169,162385,-1,-1,0.0,APPROACHING,3.2016262458104174,1.7020666831232305,-179.7673064461001,25,False,L
576,0.1005221256137012,-179169,162385,-1,-1,0.0,APPROACHING,3.191574116149044,1.7020258584995804,-179.76943445131778,25,False,L
577,0.09717190176910499,-179169,162385,-1,-1,0.0,APPROACHING,3.181857004650201,1.7019867553883739,-179.77151086750982,25,False,L
578,0.09393336515356958,-179169,162385,-1,-1,0.0,APPROACHING,3.1724637428270253,1.7019492959168205,-179.77353508644939,25,False,L
579,0.09080278914630407,-179169,162385,-1,-1,0.0,APPROACHING,3.16338353484162,1.701913405677739,-179.77550679423547,25,False,L
580,0.08777657184766888,-179169,162385,-1,-1,0.0,APPROACHING,3.1546059450334702,1.7018790136269564,-179.7774259292178,25,False,L
581,0.08485123186374331,-179169,162385,-1,-1,0.0,APPROACHING,3.146120885869427,1.7018460519729772,-179.7792926451685,25,False,L
582,0.08202340423770141,-179169,162385,-1,-1,0.0,APPROACHING,3.137918606300564,1.7018144560614337,-179.78110727905934,25,False,L
583,0.07928983652249469,-179169,162385,-1,-1,0.0,APPROACHING,3.129989680511771,1.7017841642563702,-179.78287032288245,25,False,L
584,0.07664738498956387,-179169,162385,-1,-1,0.0,APPROACHING,3.1223249970504714,1.7017551178200327,-179.78458239902122,25,False,L
585,0.07409301096852013,-179169,162385,-1,-1,0.0,APPROACHING,3.1149157483213608,1.701727260792509,-179.78624423873902,25,False,L
586,0.07162377731294839,-179169,162385,-1,-1,0.0,APPROACHING,3.107753420434551,1.7017005398722966,-179.78785666340627,25,False,L
587,0.0692368449876894,-179169,162385,-1,-1,0.0,APPROACHING,3.10082978339497,1.7016749042986554,-179.78942056813264,25,False,L
588,0.0669294697731549,-179169,162385,-1,-1,0.0,APPROACHING,3.0941368816213077,1.7016503057364054,-179.7909369075121,25,False,L
589,0.06469899908241487,-179169,162385,-1,-1,0.0,APPROACHING,3.087667024783234,1.7016266981636847,-179.79240668322362,25,False,L
590,0.06254286888697598,-179169,162385,-1,-1,0.0,APPROACHING,3.081412778946014,1.7016040377630468,-179.79383093326229,25,False,L
591,0.06045860074734007,-179169,162385,-1,-1,0.0,APPROACHING,3.075366958012051,1.7015822828161737,-179.79521072260204,25,False,L
592,0.05844379894459051,-179948,163127,-1,-1,0.0,APPROACHING,3.069522615449238,1.701561393602392,-179.79654713511584,25,False,L
593,0.056496147709407744,-179948,163127,-1,-1,0.0,APPROACHING,3.063873036296396,1.7015413323011082,-179.7978412666002,25,False,L
594,0.05461340854506254,-179948,163127,-1,-1,0.0,APPROACHING,3.0584117294363846,1.701522062898223,-179.79909421876863,25,False,L
595,0.05279341764106896,-179948,163127,-1,-1,0.0,APPROACHING,3.053132420127825,1.7015035510965333,-179.800307094096,25,False,L
596,0.05103408337431376,-179948,163127,-1,-1,0.0,APPROACHING,3.0480290427866965,1.7014857642300951,-179.80148099140905,25,False,L
597,0.04933338389460203,-179948,163127,-1,-1,0.0,APPROACHING,3.04309573400935,1.7014686711824933,-179.80261700213126,25,False,L
598,0.04768936479167464,-179948,163127,-1,-1,0.0,APPROACHING,3.038326825828807,1.7014522423089355,-179.80371620710116,25,False,L
599,0.046100136840870595,-179948,163127,-1,-1,0.0,APPROACHING,3.0337168391964733,1.7014364493620733,-179.8047796738931,25,False,L
600,0.04456387382470959,-179948,163127,-1,-1,0.0,APPROACHING,3.029260477681673,1.7014212654214382,-179.80580845457746,25,False,L
601,0.043078810427775734,-179948,163127,-1,-1,0.0,APPROACHING,3.024952621381685,1.7014066648263737,-179.80680358386545,25,False,L
602,0.04164324020237934,-179948,163127,-1,-1,0.0,APPROACHING,3.0207883210351927,1.701392623112331,-179.80776607758955,25,False,L
603,0.04025551360256758,-179948,163127,-1,-1,0.0,APPROACHING,3.0167627923323197,1.7013791169504011,-179.80869693147713,25,False,L
604,0.0,-179948,163127,0,-1,0.0,STOPPING,3.0167627923323197,1.7013791169504011,-179.80869693147713,25,False,L
605,0.0,-179948,163127,0,-1,0.0,STOPPING,3.0167627923323197,1.7013791169504011,-179.80869693147713,25,False,L
606,0.0,-179948,163127,0,-1,0.0,STOPPING,3.0167627923323197,1.7013791169504011,-179.80869693147713,25,False,L
607,0.0,-179948,163127,0,-1,0.0,STEPPER_DOWN,3.0167627923323197,1.7013791169504011,-179.80869693147713,25,False,L
608,0.0,-180376,163523,0,0,0.045454545454545456,STEPPER_DOWN,3.0167627923323197,1.7013791169504011,-179.80869693147713,25,False,L
609,0.0,-180376,163523,0,0,0.09090909090909091,STEPPER_DOWN,3.0167627923323197,1.7013791169504011,-179.80869693147713,25,False,L
610,0.0,-180376,163523,0,0,0.13636363636363638,STEPPER_DOWN,3.0167627923323197,1.7013791169504011,-179.80869693147713,25,False,L
611,0.0,-180376,163523,0,0,0.18181818181818182,STEPPER_DOWN,3.0167627923323197,1.7013791169504011,-179.80869693147713,25,False,L
612,0.0,-180376,163523,0,0,0.22727272727272727,STEPPER_DOWN,3.0167627923323197,1.7013791169504011,-179.80869693147713,25,False,L
613,0.0,-180376,163523,0,0,0.2727272727272727,STEPPER_DOWN,3.0167627923323197,1.7013791169504011,-179.80869693147713,25,False,L
614,0.0,-180376,163523,0,0,0.3181818181818181,STEPPER_DOWN,3.0167627923323197,1.7013791169504011,-179.80869693147713,25,False,L
615,0.0,-180376,163523,0,0,0.3636363636363636,STEPPER_DOWN,3.0167627923323197,1.7013791169504011,-179.80869693147713,25,False,L
616,0.0,-180376,163523,0,0,0.409090909090909,STEPPER_DOWN,3.0167627923323197,1.7013791169504011,-179.80869693147713,25,False,L
617,0.0,-180376,163523,0,0,0.4545454545454545,STEPPER_DOWN,3.0167627923323197,1.7013791169504011,-179.80869693147713,25,False,L
618,0.0,-180376,163523,0,0,0.4999999999999999,STEPPER_DOWN,3.0167627923323197,1.7013791169504011,-179.80869693147713,25,False,L
619,0.0,-180376,163523,0,0,0.5454545454545454,STEPPER_DOWN,3.0167627923323197,1.7013791169504011,-179.80869693147713,25,False,L
620,0.0,-180376,163523,0,0,0.5909090909090908,STEPPER_DOWN,3.0167627923323197,1.7013791169504011,-179.80869693147713,25,False,L
621,0.0,-180376,163523,0,0,0.6363636363636364,STEPPER_DOWN,3.0167627923323197,1.7013791169504011,-179.80869693147713,25,False,L
622,0.0,-180376,163523,0,0,0.6818181818181819,STEPPER_DOWN,3.0167627923323197,1.7013791169504011,-179.80869693147713,25,False,L
623,0.0,-180376,163523,0,0,0.7272727272727274,STEPPER_DOWN,3.0167627923323197,1.7013791169504011,-179.80869693147713,25,False,L
624,0.0,-180376,163523,0,0,0.7727272727272728,STEPPER_DOWN,3.0167627923323197,1.7013791169504011,-179.80869693147713,25,False,L
625,0.0,-180376,163541,0,0,0.8181818181818183,STEPPER_DOWN,3.0167627923323197,1.7013791169504011,-179.80869693147713,25,False,L
626,0.0,-180376,163541,0,0,0.8636363636363639,STEPPER_DOWN,3.0167627923323197,1.7013791169504011,-179.80869693147713,25,False,L
627,0.0,-180376,163541,0,0,0.9090909090909092,STEPPER_DOWN,3.0167627923323197,1.7013791169504011,-179.80869693147713,25,False,L
628,0.0,-180376,163541,0,0,0.9545454545454547,STEPPER_DOWN,3.0167627923323197,1.7013791169504011,-179.80869693147713,25,False,L
629,0.0,-180376,163541,0,0,1.0,BENIH_BUKA,3.0167627923323197,1.7013791169504011,-179.80869693147713,25,False,L
630,0.0,-180376,163541,0,0,1.0,BENIH_BUKA,3.0167627923323197,1.7013791169504011,-179.80869693147713,25,False,L
631,0.0,-180376,163541,0,0,1.0,BENIH_BUKA,3.0167627923323197,1.7013791169504011,-179.80869693147713,25,False,L
632,0.0,-180376,163541,0,0,1.0,BENIH_BUKA,3.0167627923323197,1.7013791169504011,-179.80869693147713,25,False,L
633,0.0,-180376,163541,0,0,1.0,BENIH_BUKA,3.0167627923323197,1.7013791169504011,-179.80869693147713,25,False,L
634,0.0,-180376,163541,0,0,1.0,BENIH_DORONG,3.0167627923323197,1.7013791169504011,-179.80869693147713,25,False,L
635,0.0,-180376,163541,0,0,1.0,HOLDING,3.0167627923323197,1.7013791169504011,-179.80869693147713,25,False,L
636,0.0,-180376,163541,0,0,1.0,HOLDING,3.0167627923323197,1.7013791169504011,-179.80869693147713,25,False,L
637,0.0,-180376,163541,0,0,1.0,STEPPER_UP,3.0167627923323197,1.7013791169504011,-179.80869693147713,25,False,L
638,0.0,-180376,163541,0,0,0.9545454545454546,STEPPER_UP,3.0167627923323197,1.7013791169504011,-179.80869693147713,25,False,L
639,0.0,-180376,163541,0,0,0.9090909090909091,STEPPER_UP,3.0167627923323197,1.7013791169504011,-179.80869693147713,25,False,L
640,0.0,-180376,163541,0,0,0.8636363636363636,STEPPER_UP,3.0167627923323197,1.7013791169504011,-179.80869693147713,25,False,L
641,0.0,-180376,163541,0,0,0.8181818181818181,STEPPER_UP,3.0167627923323197,1.7013791169504011,-179.80869693147713,25,False,L
642,0.0,-180376,163541,0,0,0.7727272727272727,STEPPER_UP,3.0167627923323197,1.7013791169504011,-179.80869693147713,25,False,L
643,0.0,-180376,163541,0,0,0.7272727272727273,STEPPER_UP,3.0167627923323197,1.7013791169504011,-179.80869693147713,25,False,L
644,0.0,-180376,163541,0,0,0.6818181818181819,STEPPER_UP,3.0167627923323197,1.7013791169504011,-179.80869693147713,25,False,L
645,0.0,-180376,163541,0,0,0.6363636363636365,STEPPER_UP,3.0167627923323197,1.7013791169504011,-179.80869693147713,25,False,L
646,0.0,-180376,163541,0,0,0.590909090909091,STEPPER_UP,3.0167627923323197,1.7013791169504011,-179.80869693147713,25,False,L
647,0.0,-180376,163541,0,0,0.5454545454545455,STEPPER_UP,3.0167627923323197,1.7013791169504011,-179.80869693147713,25,False,L
648,0.0,-180376,163541,0,0,0.5000000000000001,STEPPER_UP,3.0167627923323197,1.7013791169504011,-179.80869693147713,25,False,L
649,0.0,-180376,163541,0,0,0.4545454545454546,STEPPER_UP,3.0167627923323197,1.7013791169504011,-179.80869693147713,25,False,L
650,0.0,-180376,163541,0,0,0.40909090909090917,STEPPER_UP,3.0167627923323197,1.7013791169504011,-179.80869693147713,25,False,L
651,0.0,-180376,163541,0,0,0.36363636363636365,STEPPER_UP,3.0167627923323197,1.7013791169504011,-179.80869693147713,25,False,L
652,0.0,-180376,163541,0,0,0.3181818181818181,STEPPER_UP,3.0167627923323197,1.7013791169504011,-179.80869693147713,25,False,L
653,0.0,-180376,163541,0,0,0.2727272727272726,STEPPER_UP,3.0167627923323197,1.7013791169504011,-179.80869693147713,25,False,L
654,0.0,-180376,163541,0,0,0.22727272727272718,STEPPER_UP,3.0167627923323197,1.7013791169504011,-179.80869693147713,25,False,L
655,0.0,-180376,163541,0,0,0.18181818181818166,STEPPER_UP,3.0167627923323197,1.7013791169504011,-179.80869693147713,25,False,L
656,0.0,-180376,163541,0,0,0.13636363636363613,STEPPER_UP,3.0167627923323197,1.7013791169504011,-179.80869693147713,25,False,L
657,0.0,-180376,163541,0,0,0.09090909090909083,STEPPER_UP,3.0167627923323197,1.7013791169504011,-179.80869693147713,25,False,L
658,0.0,-180376,163541,0,0,0.0454545454545453,STEPPER_UP,3.0167627923323197,1.7013791169504011,-179.80869693147713,25,False,L
659,0.0,-180376,163541,0,0,0.0,WAITING,3.0167627923323197,1.7013791169504011,-179.80869693147713,25,False,L
660,0.0,-180376,163541,0,0,0.0,WAITING,3.0167627923323197,1.7013791169504011,-179.80869693147713,25,False,L
661,0.0,-180376,163541,0,0,0.0,MOVING,3.0167627923323197,1.7013791169504011,-179.80869693147713,25,False,L
662,0.199950624087596,-180376,163541,-1,0,0.0,MOVING,2.996767841376357,1.7013123561921129,-179.81332233945082,25,False,L
663,0.19995052418730794,-180376,163541,-1,0,0.0,MOVING,2.9767728950860226,1.7012472096309548,-179.81795554246904,25,False,L
664,0.19995050331628972,-180376,163541,-1,0,0.0,MOVING,2.9567779456801,1.7011836799609243,-179.82259037368374,25,False,L
665,0.19995055766503,-180376,163541,-1,0,0.0,MOVING,2.9367829857656402,1.701121767727013,-179.82722096478741,25,False,L
666,0.19995068346021197,-180376,163541,-1,0,0.0,MOVING,2.9167880083333313,1.7010614714292542,-179.83184173877066,25,False,L
667,0.19995087697381864,-180376,163541,-1,0,0.0,MOVING,2.8967930067520107,1.7010027876242366,-179.83644740267206,25,False,L
668,0.199951134531131,-180376,163541,-1,0,0.0,MOVING,2.8767979747624244,1.70094571102408,-179.84103294032897,25,False,L
669,0.19995145251773708,-180376,163541,-1,0,0.0,MOVING,2.85680290647034,1.7008902345928776,-179.84559360513828,25,False,L
670,0.19995182738565265,-180376,163541,-1,0,0.0,MOVING,2.836807796339097,1.7008363496406091,-179.8501249128357,25,False,L
671,0.19995225565864225,-180376,163541,-1,0,0.0,MOVING,2.8168126391816743,1.700784045914533,-179.85462263430142,25,False,L
672,0.19995273393681837,-180376,163541,-1,0,0.0,MOVING,2.7968174301523505,1.700733311688067,-179.85908278839952,25,False,L
673,0.19995325890058668,-180376,163541,-1,0,0.0,MOVING,2.7768221647380176,1.7006841338471732,-179.8635016348586,25,False,L
674,0.19995382731399813,-180919,164064,-1,-1,0.0,MOVING,2.7568268387492076,1.700636497974258,-179.8678756672001,25,False,L
675,0.1999544360275619,-180919,164064,-1,-1,0.0,MOVING,2.7368314483108866,1.7005903884296099,-179.8722016057206,25,False,L
676,0.19995508198056783,-180919,164064,-1,-1,0.0,MOVING,2.716835989853061,1.7005457884303896,-179.87647639053458,25,False,L
677,0.19995576220296085,-180919,164064,-1,-1,0.0,MOVING,2.6968404601012423,1.7005026801271996,-179.88069717468267,25,False,L
678,0.1999564738168082,-180919,164064,-1,-1,0.0,APPROACHING,2.676844856066807,1.7004610446782513,-179.88486131731096,25,False,L
679,0.19224054532023507,-180919,164064,-1,-1,0.0,APPROACHING,2.6576208403509014,1.7004224130225898,-179.8888079561098,25,False,L
680,0.18583458744789288,-180919,164064,-1,-1,0.0,APPROACHING,2.639037416600514,1.7003863487351167,-179.89256826840762,25,False,L
681,0.17964206652851195,-180919,164064,-1,-1,0.0,APPROACHING,2.621073241526622,1.7003526651948466,-179.8961503992458,25,False,L
682,0.17365586934952454,-180919,164064,-1,-1,0.0,APPROACHING,2.603707683116544,1.7003211897825572,-179.89956238070343,25,False,L
683,0.1678691204966317,-180919,164064,-1,-1,0.0,APPROACHING,2.5869207968590735,1.700291762892262,-179.9028120780691,25,False,L
684,0.16227517425254817,-180919,164064,-1,-1,0.0,APPROACHING,2.5706933027792185,1.7002642369915104,-179.90590714926236,25,False,L
685,0.15686760679841485,-180919,164064,-1,-1,0.0,APPROACHING,2.5550065632523378,1.7002384757333462,-179.90885501506784,25,False,L
686,0.15164020870225883,-180919,164064,-1,-1,0.0,APPROACHING,2.5398425615690017,1.7002143531211305,-179.91166283816116,25,False,L
687,0.14658697768029424,-180919,164064,-1,-1,0.0,APPROACHING,2.52518388122333,1.7001917527262136,-179.91433750924824,25,False,L
688,0.1417021116180749,-180919,164064,-1,-1,0.0,APPROACHING,2.5110136858988676,1.7001705669575462,-179.9168856389289,25,False,L
689,0.13698000183958833,-180919,164064,-1,-1,0.0,APPROACHING,2.4973157001272313,1.7001506963816744,-179.91931355413516,25,False,L
690,0.13241522661330873,-180919,164064,-1,-1,0.0,APPROACHING,2.484074190595871,1.7001320490911178,-179.92162729819512,25,False,L
691,0.12800254488504875,-182004,165056,-1,-1,0.0,APPROACHING,2.4712739480822945,1.7001145401188384,-179.9238326337408,25,False,L
692,0.12373689022816682,-182004,165056,-1,-1,0.0,APPROACHING,2.4589002699930416,1.7000980908963268,-179.9259350478165,25,False,L
693,0.11961336500232038,-182004,165056,-1,-1,0.0,APPROACHING,2.446938943486592,1.7000826287527493,-179.92793975866078,25,False,L
694,0.11562723471251836,-182004,165056,-1,-1,0.0,APPROACHING,2.4353762291601826,1.7000680864525781,-179.92985172373116,25,False,L
695,0.11177392256071918,-182004,165056,-1,-1,0.0,APPROACHING,2.4241988452813166,1.700054401769156,-179.93167564862046,25,False,L
696,0.10804900418267176,-182004,165056,-1,-1,0.0,APPROACHING,2.4133939525454418,1.7000415170917136,-179.93341599658032,25,False,L
697,0.10444820256308923,-182004,165056,-1,-1,0.0,APPROACHING,2.402949139341996,1.7000293790634498,-179.93507699842274,25,False,L
698,0.10096738312261122,-182004,165056,-1,-1,0.0,APPROACHING,2.392852407511645,1.7000179382483902,-179.93666266261516,25,False,L
699,0.09760254897033051,-182004,165056,-1,-1,0.0,APPROACHING,2.38309215857817,1.7000071488248634,-179.93817678542322,25,False,L
700,0.09434983631596142,-182004,165056,-1,-1,0.0,APPROACHING,2.3736571804390607,1.6999969683035518,-179.93962296098604,25,False,L
701,0.09120551003599676,-182004,165056,-1,-1,0.0,APPROACHING,2.364536634499411,1.6999873572682096,-179.94100459123422,25,False,L
702,0.08816595938845076,-182004,165056,-1,-1,0.0,APPROACHING,2.355720043234279,1.6999782791372575,-179.94232489558206,25,False,L
703,0.08522769387101559,-182004,165056,-1,-1,0.0,APPROACHING,2.3471972781651735,1.6999696999445928,-179.94358692034248,25,False,L
704,0.08238733921767662,-182004,165056,-1,-1,0.0,APPROACHING,2.3389585482368243,1.6999615881380712,-179.94479354782737,25,False,L
705,0.07964163352902674,-182004,165056,-1,-1,0.0,APPROACHING,2.33099438858088,1.6999539143942293,-179.94594750510723,25,False,L
706,0.0769874235317128,-182004,165056,-1,-1,0.0,APPROACHING,2.323295649653619,1.6999466514479262,-179.94705137241354,25,False,L
707,0.0744216609626187,-182004,165056,-1,-1,0.0,APPROACHING,2.3158534867352074,1.699939773935685,-179.9481075911739,25,False,L
708,0.07194139907355826,-182858,165851,-1,-1,0.0,APPROACHING,2.3086593497784578,1.6999332582516091,-179.94911847167728,25,False,L
709,0.06954378925240617,-182858,165851,-1,-1,0.0,APPROACHING,2.301704973595444,1.6999270824148416,-179.95008620036947,25,False,L
710,0.06722607775674488,-182858,165851,-1,-1,0.0,APPROACHING,2.29498236837073,1.6999212259476129,-179.95101284678458,25,False,L
711,0.06498560255624662,-182858,165851,-1,-1,0.0,APPROACHING,2.2884838104903387,1.6999156697630065,-179.9519003701195,25,False,L
712,0.06281979028014346,-182858,165851,-1,-1,0.0,APPROACHING,2.2822018336759524,1.6999103960616406,-179.95275062546122,25,False,L
713,0.06072615326626767,-182858,165851,-1,-1,0.0,APPROACHING,2.276129220414195,1.6999053882365283,-179.95356536967853,25,False,L
714,0.05870228670826698,-182858,165851,-1,-1,0.0,APPROACHING,2.270258993671176,1.6999006307854436,-179.95434626698992,25,False,L
715,0.05674586589771704,-182858,165851,-1,-1,0.0,APPROACHING,2.26458440888281,1.6998961092301754,-179.95509489422156,25,False,L
716,0.05485464355796522,-182858,165851,-1,-1,0.0,APPROACHING,2.2590989462117403,1.6998918100421023,-179.95581274576818,25,False,L
717,0.05302644726665092,-182858,165851,-1,-1,0.0,APPROACHING,2.253796303062001,1.699887720573569,-179.95650123827102,25,False,L
718,0.051259176963947564,-182858,165851,-1,-1,0.0,APPROACHING,2.2486703868428433,1.6998838289945906,-179.95716171502647,25,False,L
719,0.04955080254367396,-182858,165851,-1,-1,0.0,APPROACHING,2.243715307973443,1.6998801242344488,-179.95779545013912,25,False,L
720,0.04789936152451981,-182858,165851,-1,-1,0.0,APPROACHING,2.2389253731204812,1.6998765959277808,-179.9584036524321,25,False,L
721,0.04630295679871983,-182858,165851,-1,-1,0.0,APPROACHING,2.2342950786608453,1.6998732343647973,-179.95898746912872,25,False,L
722,0.044759754455602915,-182858,165851,-1,-1,0.0,APPROACHING,2.2298191043619737,1.6998700304452936,-179.95954798931643,25,False,L
723,0.04326798167752801,-182858,165851,-1,-1,0.0,APPROACHING,2.2254923072726003,1.6998669756361497,-179.9600862472072,25,False,L
724,0.041825924705801806,-182858,165851,-1,-1,0.0,APPROACHING,2.221309715816902,1.699864061932037,-179.960603225204,25,False,L
725,0.040431926874252795,-183429,166365,-1,-1,0.0,APPROACHING,2.2172665240852845,1.6998612818190766,-179.96109985678612,25,False,L
726,0.0,-183429,166365,0,-1,0.0,STOPPING,2.2172665240852845,1.6998612818190766,-179.96109985678612,25,False,L
727,0.0,-183429,166365,0,-1,0.0,STOPPING,2.2172665240852845,1.6998612818190766,-179.96109985678612,25,False,L
728,0.0,-183429,166365,0,-1,0.0,STOPPING,2.2172665240852845,1.6998612818190766,-179.96109985678612,25,False,L
729,0.0,-183429,166365,0,-1,0.0,STEPPER_DOWN,2.2172665240852845,1.6998612818190766,-179.96109985678612,25,False,L
730,0.0,-183429,166365,0,-1,0.045454545454545456,STEPPER_DOWN,2.2172665240852845,1.6998612818190766,-179.96109985678612,25,False,L
731,0.0,-183429,166365,0,-1,0.09090909090909091,STEPPER_DOWN,2.2172665240852845,1.6998612818190766,-179.96109985678612,25,False,L
732,0.0,-183429,166365,0,-1,0.13636363636363638,STEPPER_DOWN,2.2172665240852845,1.6998612818190766,-179.96109985678612,25,False,L
733,0.0,-183429,166365,0,-1,0.18181818181818182,STEPPER_DOWN,2.2172665240852845,1.6998612818190766,-179.96109985678612,25,False,L
734,0.0,-183429,166365,0,-1,0.22727272727272727,STEPPER_DOWN,2.2172665240852845,1.6998612818190766,-179.96109985678612,25,False,L
735,0.0,-183429,166365,0,-1,0.2727272727272727,STEPPER_DOWN,2.2172665240852845,1.6998612818190766,-179.96109985678612,25,False,L
736,0.0,-183429,166365,0,-1,0.3181818181818181,STEPPER_DOWN,2.2172665240852845,1.6998612818190766,-179.96109985678612,25,False,L
737,0.0,-183429,166365,0,-1,0.3636363636363636,STEPPER_DOWN,2.2172665240852845,1.6998612818190766,-179.96109985678612,25,False,L
738,0.0,-183429,166365,0,-1,0.409090909090909,STEPPER_DOWN,2.2172665240852845,1.6998612818190766,-179.96109985678612,25,False,L
739,0.0,-183429,166365,0,-1,0.4545454545454545,STEPPER_DOWN,2.2172665240852845,1.6998612818190766,-179.96109985678612,25,False,L
740,0.0,-183429,166365,0,-1,0.4999999999999999,STEPPER_DOWN,2.2172665240852845,1.6998612818190766,-179.96109985678612,25,False,L
741,0.0,-183514,166509,0,0,0.5454545454545454,STEPPER_DOWN,2.2172665240852845,1.6998612818190766,-179.96109985678612,25,False,L
742,0.0,-183514,166509,0,0,0.5909090909090908,STEPPER_DOWN,2.2172665240852845,1.6998612818190766,-179.96109985678612,25,False,L
743,0.0,-183514,166509,0,0,0.6363636363636364,STEPPER_DOWN,2.2172665240852845,1.6998612818190766,-179.96109985678612,25,False,L
744,0.0,-183514,166509,0,0,0.6818181818181819,STEPPER_DOWN,2.2172665240852845,1.6998612818190766,-179.96109985678612,25,False,L
745,0.0,-183514,166509,0,0,0.7272727272727274,STEPPER_DOWN,2.2172665240852845,1.6998612818190766,-179.96109985678612,25,False,L
746,0.0,-183514,166509,0,0,0.7727272727272728,STEPPER_DOWN,2.2172665240852845,1.6998612818190766,-179.96109985678612,25,False,L
747,0.0,-183514,166509,0,0,0.8181818181818183,STEPPER_DOWN,2.2172665240852845,1.6998612818190766,-179.96109985678612,25,False,L
748,0.0,-183514,166509,0,0,0.8636363636363639,STEPPER_DOWN,2.2172665240852845,1.6998612818190766,-179.96109985678612,25,False,L
749,0.0,-183514,166509,0,0,0.9090909090909092,STEPPER_DOWN,2.2172665240852845,1.6998612818190766,-179.96109985678612,25,False,L
750,0.0,-183514,166509,0,0,0.9545454545454547,STEPPER_DOWN,2.2172665240852845,1.6998612818190766,-179.96109985678612,25,False,L
751,0.0,-183514,166509,0,0,1.0,BENIH_BUKA,2.2172665240852845,1.6998612818190766,-179.96109985678612,25,False,L
752,0.0,-183514,166509,0,0,1.0,BENIH_BUKA,2.2172665240852845,1.6998612818190766,-179.96109985678612,25,False,L
753,0.0,-183514,166509,0,0,1.0,BENIH_BUKA,2.2172665240852845,1.6998612818190766,-179.96109985678612,25,False,L
754,0.0,-183514,166509,0,0,1.0,BENIH_BUKA,2.2172665240852845,1.6998612818190766,-179.96109985678612,25,False,L
755,0.0,-183514,166509,0,0,1.0,BENIH_BUKA,2.2172665240852845,1.6998612818190766,-179.96109985678612,25,False,L
756,0.0,-183514,166509,0,0,1.0,BENIH_DORONG,2.2172665240852845,1.6998612818190766,-179.96109985678612,25,False,L
757,0.0,-183514,166509,0,0,1.0,HOLDING,2.2172665240852845,1.6998612818190766,-179.96109985678612,25,False,L
758,0.0,-183514,166509,0,0,1.0,HOLDING,2.2172665240852845,1.6998612818190766,-179.96109985678612,25,False,L
759,0.0,-183514,166509,0,0,1.0,STEPPER_UP,2.2172665240852845,1.6998612818190766,-179.96109985678612,25,False,L
760,0.0,-183514,166509,0,0,0.9545454545454546,STEPPER_UP,2.2172665240852845,1.6998612818190766,-179.96109985678612,25,False,L
761,0.0,-183514,166509,0,0,0.9090909090909091,STEPPER_UP,2.2172665240852845,1.6998612818190766,-179.96109985678612,25,False,L
762,0.0,-183514,166509,0,0,0.8636363636363636,STEPPER_UP,2.2172665240852845,1.6998612818190766,-179.96109985678612,25,False,L
763,0.0,-183514,166509,0,0,0.8181818181818181,STEPPER_UP,2.2172665240852845,1.6998612818190766,-179.96109985678612,25,False,L
764,0.0,-183514,166509,0,0,0.7727272727272727,STEPPER_UP,2.2172665240852845,1.6998612818190766,-179.96109985678612,25,False,L
765,0.0,-183514,166509,0,0,0.7272727272727273,STEPPER_UP,2.2172665240852845,1.6998612818190766,-179.96109985678612,25,False,L
766,0.0,-183514,166509,0,0,0.6818181818181819,STEPPER_UP,2.2172665240852845,1.6998612818190766,-179.96109985678612,25,False,L
767,0.0,-183514,166509,0,0,0.6363636363636365,STEPPER_UP,2.2172665240852845,1.6998612818190766,-179.96109985678612,25,False,L
768,0.0,-183514,166509,0,0,0.590909090909091,STEPPER_UP,2.2172665240852845,1.6998612818190766,-179.96109985678612,25,False,L
769,0.0,-183514,166509,0,0,0.5454545454545455,STEPPER_UP,2.2172665240852845,1.6998612818190766,-179.96109985678612,25,False,L
770,0.0,-183514,166509,0,0,0.5000000000000001,STEPPER_UP,2.2172665240852845,1.6998612818190766,-179.96109985678612,25,False,L
771,0.0,-183514,166509,0,0,0.4545454545454546,STEPPER_UP,2.2172665240852845,1.6998612818190766,-179.96109985678612,25,False,L
772,0.0,-183514,166509,0,0,0.40909090909090917,STEPPER_UP,2.2172665240852845,1.6998612818190766,-179.96109985678612,25,False,L
773,0.0,-183514,166509,0,0,0.36363636363636365,STEPPER_UP,2.2172665240852845,1.6998612818190766,-179.96109985678612,25,False,L
774,0.0,-183514,166509,0,0,0.3181818181818181,STEPPER_UP,2.2172665240852845,1.6998612818190766,-179.96109985678612,25,False,L
775,0.0,-183514,166509,0,0,0.2727272727272726,STEPPER_UP,2.2172665240852845,1.6998612818190766,-179.96109985678612,25,False,L
776,0.0,-183514,166509,0,0,0.22727272727272718,STEPPER_UP,2.2172665240852845,1.6998612818190766,-179.96109985678612,25,False,L
777,0.0,-183514,166509,0,0,0.18181818181818166,STEPPER_UP,2.2172665240852845,1.6998612818190766,-179.96109985678612,25,False,L
778,0.0,-183514,166509,0,0,0.13636363636363613,STEPPER_UP,2.2172665240852845,1.6998612818190766,-179.96109985678612,25,False,L
779,0.0,-183514,166509,0,0,0.09090909090909083,STEPPER_UP,2.2172665240852845,1.6998612818190766,-179.96109985678612,25,False,L
780,0.0,-183514,166509,0,0,0.0454545454545453,STEPPER_UP,2.2172665240852845,1.6998612818190766,-179.96109985678612,25,False,L
781,0.0,-183514,166509,0,0,0.0,WAITING,2.2172665240852845,1.6998612818190766,-179.96109985678612,25,False,L
782,0.0,-183514,166509,0,0,0.0,WAITING,2.2172665240852845,1.6998612818190766,-179.96109985678612,25,False,L
783,0.0,-183514,166509,0,0,0.0,MOVING,2.2172665240852845,1.6998612818190766,-179.96109985678612,25,False,L
784,0.19997706762724834,-183514,166509,-1,0,0.0,MOVING,2.197268821931566,1.6998477046655085,-179.9635413315718,25,False,L
785,0.1999778929525037,-183514,166509,-1,0,0.0,MOVING,2.1772710366849477,1.699834979596992,-179.9659093704402,25,False,L
786,0.19997870626638356,-183514,166509,-1,0,0.0,MOVING,2.1572731695981076,1.6998230809900599,-179.9682045930705,25,False,L
787,0.1999795068995608,-183514,166509,-1,0,0.0,MOVING,2.1372752219873594,1.6998119834371037,-179.9704276799225,25,False,L
788,0.1999802942402825,-183514,166509,-1,0,0.0,MOVING,2.1172771952270155,1.6998016617675877,-179.97257936842684,25,False,L
789,0.19998106773228105,-183514,166509,-1,0,0.0,MOVING,2.0972790907439616,1.6997920910679356,-179.97466044929018,25,False,L
790,0.19998182687269614,-183514,166509,-1,0,0.0,MOVING,2.077280910012441,1.6997832467001288,-179.97667176291353,25,False,L
791,0.19998257121001053,-183669,166650,-1,-1,0.0,MOVING,2.0572826545490437,1.699775104319058,-179.97861419592235,25,False,L
792,0.19998330034200382,-183669,166650,-1,-1,0.0,MOVING,2.0372843259079025,1.6997676398886639,-179.98048867780824,25,False,L
793,0.19998401391372642,-183669,166650,-1,-1,0.0,MOVING,2.01728592567609,1.6997608296969073,-179.98229617768047,25,False,L
794,0.19998471161549725,-183669,166650,-1,-1,0.0,MOVING,1.9972874554692157,1.6997546503696082,-179.98403770112583,25,False,L
795,0.19998539318092698,-183669,166650,-1,-1,0.0,MOVING,1.9772889169272163,1.6997490788831875,-179.9857142871761,25,False,L
796,0.1999860583849697,-183669,166650,-1,-1,0.0,MOVING,1.9572903117103442,1.6997440925763538,-179.98732700538102,25,False,L
797,0.19998670704200447,-183669,166650,-1,-1,0.0,MOVING,1.9372916414953414,1.6997396691607671,-179.98887695298572,25,False,L
798,0.1999873390039488,-183669,166650,-1,-1,0.0,MOVING,1.917292907971802,1.6997357867307192,-179.99036525221103,25,False,L
799,0.19998795415840562,-183669,166650,-1,-1,0.0,MOVING,1.8972941128387157,1.6997324237718654,-179.99179304763473,25,False,L
800,0.19998855242684477,-183669,166650,-1,-1,0.0,MOVING,1.8772952578011917,1.6997295591690418,-179.99316150367244,25,False,L
801,0.19998913376282032,-183669,166650,-1,-1,0.0,MOVING,1.8572963445673563,1.6997271722132046,-179.99447180215648,25,False,L
802,0.19998969815022452,-183669,166650,-1,-1,0.0,MOVING,1.837297374845423,1.6997252426075238,-179.99572514001062,25,False,L
803,0.1999902456015789,-183669,166650,-1,-1,0.0,MOVING,1.8172983503409297,1.6997237504726657,-179.99692272701918,25,False,L
804,0.19999077615636274,-183669,166650,-1,-1,0.0,MOVING,1.7972992727541381,1.699722676351296,-179.99806578368882,25,False,L
805,0.1999912898793795,-183669,166650,-1,-1,0.0,MOVING,1.777300143777596,1.6997220012118386,-179.99915553920079,25,False,L
806,0.19999178685916075,-183669,166650,-1,-1,0.0,MOVING,1.757300965093852,1.6997217064515167,179.99980677054768,25,False,L
807,0.19999226720640711,-183669,166650,-1,-1,0.0,MOVING,1.7373017383733251,1.6997217738987118,179.99881990481524,25,False,L
808,0.19999273105246584,-184760,167614,-1,-1,0.0,MOVING,1.7173024652723206,1.6997221858146696,179.99788261980308,25,False,L
809,0.19999317854784365,-184760,167614,-1,-1,0.0,MOVING,1.6973031474311926,1.6997229248945795,179.99699367035862,25,False,L
810,0.19999360986075376,-184760,167614,-1,-1,0.0,MOVING,1.6773037864726477,1.6997239742680625,179.9961518115975,25,False,L
811,0.19999402517569487,-184760,167614,-1,-1,0.0,MOVING,1.6573043840001862,1.6997253174990896,179.9953558004468,25,False,L
812,0.19999442469205958,-184760,167614,-1,-1,0.0,MOVING,1.63730494159668,1.6997269385853628,179.99460439711032,25,False,L
813,0.19999480862276997,-184760,167614,-1,-1,0.0,MOVING,1.6173054608230826,1.6997288219571833,179.99389636645887,25,False,L
814,0.19999517719293508,-184760,167614,-1,-1,0.0,MOVING,1.5973059432172696,1.6997309524758353,179.99323047934655,25,False,L
815,0.19999553063852651,-184760,167614,-1,-1,0.0,MOVING,1.5773063902930091,1.6997333154315077,179.9926055138559,25,False,L
816,0.19999586920506512,-184760,167614,-1,-1,0.0,MOVING,1.5573068035390591,1.6997358965407834,179.99202025647287,25,False,L
817,0.19999619314631073,-184760,167614,-1,-1,0.0,MOVING,1.5373071844183934,1.6997386819437155,179.99147350319464,25,False,L
818,0.19999650272294478,-184760,167614,-1,-1,0.0,MOVING,1.5173075343675555,1.6997416582005178,179.99096406057095,25,False,L
819,0.19999679820123173,-184760,167614,-1,-1,0.0,MOVING,1.497307854796143,1.699744812287891,179.99049074668199,25,False,L
820,0.19999707985164128,-184760,167614,-1,-1,0.0,MOVING,1.4773081470864278,1.699748131595007,179.99005239205403,25,False,L
821,0.19999734794740745,-184760,167614,-1,-1,0.0,MOVING,1.4573084125931168,1.699751603919172,179.9896478405149,25,False,L
822,0.19999760276299122,-184760,167614,-1,-1,0.0,MOVING,1.4373086526432637,1.6997552174611934,179.98927594999105,25,False,L
823,0.199997844572401,-184760,167614,-1,-1,0.0,MOVING,1.4173088685363457,1.6997589608204644,179.98893559324847,25,False,L
824,0.1999980736473066,-184760,167614,-1,-1,0.0,MOVING,1.3973090615445274,1.6997628229897925,179.98862565857854,25,False,L
825,0.19999829025485316,-185846,168627,-1,-1,0.0,MOVING,1.3773092329131393,1.6997667933499856,179.98834505043132,25,False,L
826,0.1999984946550373,-185846,168627,-1,-1,0.0,MOVING,1.3573093838614183,1.6997708616642189,179.9880926899977,25,False,L
827,0.1999986870974345,-185846,168627,-1,-1,0.0,MOVING,1.3373095155835708,1.699775018072196,179.9878675157422,25,False,L
828,0.19999886781694753,-185846,168627,-1,-1,0.0,MOVING,1.3173096292502617,1.6997792530841251,179.98766848388823,25,False,L
829,0.19999903702803426,-185846,168627,-1,-1,0.0,MOVING,1.2973097260106765,1.6997835575745246,179.9874945688575,25,False,L
830,0.19999415837989454,-185846,168627,-1,-1,0.0,MOVING,1.2773103106490515,1.6997879226659465,179.98671337362654,26,False,L
831,0.19994029314246384,-185846,168627,-1,-1,0.0,MOVING,1.2573162818723993,1.6997925591888645,179.98129479684692,26,False,L
832,0.19987810609789447,-185846,168627,-1,-1,0.0,MOVING,1.2373284723277698,1.6997990845569557,179.9714762148495,26,False,L
833,0.19981354797161416,-185846,168627,-1,-1,0.0,MOVING,1.2173471200066843,1.6998090319536496,179.95748903490696,26,False,L
834,0.19971374215912535,-185846,168627,-1,-1,0.0,MOVING,1.197375751287884,1.6998238498393905,179.9375054560005,27,False,L
835,0.19947532674520796,-185846,168627,-1,-1,0.0,MOVING,1.1774282304791923,1.6998456073182453,179.9044353190564,27,False,L
836,0.19923111885846065,-185846,168627,-1,-1,0.0,MOVING,1.1575051463059058,1.6998788374263645,179.85901817216052,27,False,L
837,0.19898768325198865,-185846,168627,-1,-1,0.0,MOVING,1.137606438219601,1.6999278002282185,179.80196949778838,27,False,L
838,0.19867388852508994,-185846,168627,-1,-1,0.0,MOVING,1.1177391680339044,1.6999964674353376,179.7306359614149,28,False,L
839,0.19821741165624152,-185846,168627,-1,-1,0.0,MOVING,1.097917645919144,1.7000896548328979,179.63956530973576,28,False,L
840,0.19776926359603791,-185846,168627,-1,-1,0.0,MOVING,1.0781411108824464,1.7002140661485632,179.53002138797487,28,False,L
841,0.19733415558827094,-186958,169675,-1,-1,0.0,MOVING,1.0584083591901206,1.7003759311119586,179.40321177997635,28,False,L
842,0.19677173742143972,-186958,169675,-1,-1,0.0,MOVING,1.0387322528401584,1.7005808832612443,179.25487895972753,29,False,L
843,0.19610618178952646,-186958,169675,-1,-1,0.0,MOVING,1.019123292962946,1.700835908543407,179.08202992933855,29,False,L
844,0.19546685846652212,-186958,169675,-1,-1,0.0,MOVING,0.9995791157983652,1.701149064330833,178.88644506771678,29,False,L
845,0.19485675925163148,-186958,169675,-1,-1,0.0,MOVING,0.9800971198902975,1.7015277484980693,178.66980167613045,29,False,L
846,0.19402558463836947,-186958,169675,-1,-1,0.0,MOVING,0.9606997901662038,1.7019781644362895,178.4253410573073,30,False,L
847,0.19318073195159535,-186958,169675,-1,-1,0.0,MOVING,0.9413890121209203,1.7025090158838148,178.15351005077088,30,False,L
848,0.19238212637375215,-186958,169675,-2,-1,0.0,MOVING,0.9221607890299277,1.7031289047802165,177.85654900654657,30,False,L
849,0.19156962521318338,-186958,169675,-2,-1,0.0,MOVING,0.9030172303060128,1.7038454049038847,177.53468707848103,31,False,L
850,0.19052260979417648,-186958,169675,-2,-1,0.0,MOVING,0.883982603226049,1.704664929372435,177.18163493342624,31,False,L
851,0.18954274678742297,-186958,169675,-2,-1,0.0,MOVING,0.8650512551039526,1.7055969094565617,176.80022755900305,31,False,L
852,0.1886293247399683,-186958,169675,-2,-1,0.0,MOVING,0.8462177302080689,1.7066497919356114,176.39305466049345,31,False,L
853,0.1875502582000466,-186958,169675,-2,-1,0.0,MOVING,0.8274998560369912,1.707829698722075,175.95621176211074,32,False,L
854,0.18639988991289005,-186958,169675,-2,-1,0.0,MOVING,0.8089062722745066,1.7091441691336278,175.48859020750584,32,False,L
855,0.18533807090568521,-186958,169675,-2,-1,0.0,MOVING,0.7904298886685315,1.7106019942655484,174.99328757729018,32,False,L
856,0.18432694599463728,-186958,169675,-2,-1,0.0,MOVING,0.7720675243724971,1.7122106606874095,174.4722369689947,33,False,L
857,0.1830192512332005,-186958,169675,-2,-1,0.0,MOVING,0.7538507098107642,1.7139736497523346,173.9187212322956,33,False,L
858,0.09000000000000001,-188011,170646,35,-2,0.0,MOVING,0.7469086793786084,1.714713244671798,173.25205456562895,26,True,R
859,0.09000000000000001,-188011,170646,35,-2,0.0,MOVING,0.7399757242498238,1.7155335618958845,172.5853878989623,26,True,R
860,0.09000000000000001,-188011,170646,35,-2,0.0,MOVING,0.7330527830355554,1.716434490366773,171.91872123229564,26,True,R
861,0.09000000000000001,-188011,170646,35,-2,0.0,MOVING,0.7261407929912245,1.7174159081131704,171.25205456562898,26,True,R
862,0.09000000000000001,-188011,170646,35,-2,0.0,MOVING,0.7192406898896392,1.7184776822668237,170.5853878989623,26,True,R
863,0.09000000000000001,-188011,170646,35,-2,0.0,MOVING,0.7123534078943059,1.719619669080509,169.91872123229564,26,True,R
864,0.09000000000000001,-188011,170646,35,-2,0.0,MOVING,0.7054798794329584,1.720841713947492,169.25205456562898,26,True,R
865,0.09000000000000001,-188011,170646,35,-2,0.0,MOVING,0.6986210350713223,1.72214365142246,168.58538789896232,26,True,R
866,0.09000000000000001,-188011,170646,35,-2,0.0,MOVING,0.691777803387131,1.7235253052439192,167.91872123229567,26,True,R
867,0.09000000000000001,-188011,170646,35,-2,0.0,MOVING,0.6849511108444113,1.7249864883580592,167.252054565629,26,True,R
868,0.09000000000000001,-188011,170646,35,-2,0.0,MOVING,0.678141881668055,1.7265270029440765,166.58538789896235,26,True,R
869,0.09000000000000001,-188011,170646,35,-2,0.0,MOVING,0.6713510377186938,1.7281466404409556,165.9187212322957,26,True,R
870,0.09000000000000001,-188011,170646,35,-2,0.0,MOVING,0.6645794983678937,1.7298451815757059,165.25205456562904,27,True,R
871,0.09000000000000001,-188011,170646,35,-2,0.0,MOVING,0.6578281803736873,1.7316223963930473,164.58538789896238,27,True,R
872,0.09000000000000001,-188011,170646,35,-2,0.0,MOVING,0.651097997756459,1.7334780442865423,163.91872123229572,27,True,R
873,0.09000000000000001,-188858,171435,35,35,0.0,MOVING,0.6443898616752018,1.7354118740311706,163.25205456562907,27,True,R
874,0.09000000000000001,-188858,171435,35,35,0.0,MOVING,0.6377046803041605,1.7374236238173404,162.5853878989624,27,True,R
875,0.09000000000000001,-188858,171435,35,35,0.0,MOVING,0.6310433587098793,1.739513021286334,161.91872123229575,27,True,R
876,0.09000000000000001,-188858,171435,35,35,0.0,MOVING,0.6244067987286709,1.7416797835671798,161.2520545656291,27,True,R
877,0.09000000000000001,-188858,171435,35,35,0.0,MOVING,0.6177958988445219,1.7439236173149497,160.5853878989624,27,True,R
878,0.09000000000000001,-188858,171435,35,35,0.0,MOVING,0.6112115540674524,1.7462442187504725,159.91872123229575,27,True,R
879,0.09000000000000001,-188858,171435,35,35,0.0,MOVING,0.6046546558123462,1.7486412737014612,159.2520545656291,27,True,R
880,0.09000000000000001,-188858,171435,35,35,0.0,MOVING,0.5981260917782674,1.751114457645046,158.58538789896244,27,True,R
881,0.09000000000000001,-188858,171435,35,35,0.0,MOVING,0.5916267458282799,1.7536634357517102,157.91872123229578,28,True,R
882,0.09000000000000001,-188858,171435,35,35,0.0,MOVING,0.585157497869787,1.7562878629306216,157.25205456562912,28,True,R
883,0.09000000000000001,-188858,171435,35,35,0.0,MOVING,0.5787192237354056,1.7589873838763503,156.58538789896247,28,True,R
884,0.09000000000000001,-188858,171435,35,35,0.0,MOVING,0.5723127950643927,1.7617616331169732,155.9187212322958,28,True,R
885,0.09000000000000001,-188858,171435,35,35,0.0,MOVING,0.5659390791846393,1.764610235063552,155.25205456562915,28,True,R
886,0.09000000000000001,-188858,171435,35,35,0.0,MOVING,0.5595989389952479,1.767532804060982,154.5853878989625,28,True,R
887,0.09000000000000001,-188858,171435,35,35,0.0,MOVING,0.5532932328497105,1.770528944440204,153.91872123229584,28,True,R
888,0.09000000000000001,-188858,171435,35,35,0.0,MOVING,0.5470228144397004,1.7735982505717716,153.25205456562918,28,True,R
889,0.09000000000000001,-189616,172098,35,35,0.0,MOVING,0.5407885326794962,1.7767403069207666,152.58538789896252,28,True,R
890,0.09000000000000001,-189616,172098,35,35,0.0,MOVING,0.534591231591053,1.7799546881030557,151.91872123229587,28,True,R
891,0.09000000000000001,-189616,172098,35,35,0.0,MOVING,0.5284317501897348,1.7832409589428813,151.25205456562918,28,True,R
892,0.09000000000000001,-189616,172098,35,35,0.0,MOVING,0.5223109223707251,1.7865986745317766,150.58538789896252,29,True,R
893,0.09000000000000001,-189616,172098,35,35,0.0,MOVING,0.5162295767961314,1.7900273802887996,149.91872123229587,29,True,R
894,0.09000000000000001,-189616,172098,35,35,0.0,MOVING,0.5101885367827972,1.793526612022076,149.2520545656292,29,True,R
895,0.09000000000000001,-189616,172098,35,35,0.0,MOVING,0.5041886201908382,1.7970958959916432,148.58538789896255,29,True,R
896,0.09000000000000001,-189616,172098,35,35,0.0,MOVING,0.4982306393129172,1.800734748973587,147.9187212322959,29,True,R
897,0.09000000000000001,-189616,172098,35,35,0.0,MOVING,0.4923154007642725,1.8044426783254626,147.25205456562924,29,True,R
898,0.09000000000000001,-189616,172098,35,35,0.0,MOVING,0.4864437053735152,1.8082191820529907,146.58538789896258,29,True,R
899,0.09000000000000001,-189616,172098,35,35,0.0,MOVING,0.48061634807421,1.812063748878019,145.91872123229592,29,True,R
900,0.09000000000000001,-189616,172098,35,35,0.0,MOVING,0.4748341177972536,1.8159758583077412,145.25205456562927,29,True,R
901,0.09000000000000001,-189616,172098,35,35,0.0,MOVING,0.4690977973640663,1.819954980705164,144.5853878989626,29,True,R
902,0.09000000000000001,-189616,172098,35,35,0.0,MOVING,0.4634081633806105,1.8240005773608106,143.91872123229595,29,True,R
903,0.09000000000000001,-189616,172098,35,35,0.0,MOVING,0.4577659861322506,1.8281121005656538,143.2520545656293,29,True,R
904,0.09000000000000001,-189616,172098,35,35,0.0,MOVING,0.4521720294794688,1.8322889936852669,142.58538789896264,30,True,R
905,0.09000000000000001,-190348,172776,35,35,0.0,MOVING,0.44662705075445036,1.8365306912351833,141.91872123229598,30,True,R
906,0.09000000000000001,-190348,172776,35,35,0.0,MOVING,0.44113180065855334,1.8408366189574537,141.2520545656293,30,True,R
907,0.09000000000000001,-190348,172776,35,35,0.0,MOVING,0.43568702316067537,1.845206193898392,140.58538789896264,30,True,R
908,0.09000000000000001,-190348,172776,35,35,0.0,MOVING,0.4302934553965322,1.8496388244874968,139.91872123229598,30,True,R
909,0.09000000000000001,-190348,172776,35,35,0.0,MOVING,0.42495182756886146,1.8541339106175423,139.25205456562932,30,True,R
910,0.09000000000000001,-190348,172776,35,35,0.0,MOVING,0.4196628628485648,1.8586908437258214,138.58538789896267,30,True,R
911,0.09000000000000001,-190348,172776,35,35,0.0,MOVING,0.4144272772768021,1.8633090068765366,137.918721232296,30,True,R
912,0.09000000000000001,-190348,172776,35,35,0.0,MOVING,0.40924577966805104,1.8679877748443225,137.25205456562935,30,True,R
913,0.09000000000000001,-190348,172776,35,35,0.0,MOVING,0.40411907151414483,1.872726514198892,136.5853878989627,30,True,R
914,0.09000000000000001,-190348,172776,35,35,0.0,MOVING,0.39904784688930167,1.8775245833907919,135.91872123229604,30,True,R
915,0.09000000000000001,-190348,172776,35,35,0.0,MOVING,0.39403279235615796,1.8823813328382586,135.25205456562938,31,True,R
916,0.09000000000000001,-190348,172776,35,35,0.0,MOVING,0.38907458687281893,1.8872961050151615,134.58538789896272,31,True,R
917,0.09000000000000001,-190348,172776,35,35,0.0,MOVING,0.3841739017009384,1.8922682345400215,133.91872123229606,31,True,R
918,0.09000000000000001,-190348,172776,35,35,0.0,MOVING,0.3793314003148408,1.897297048266092,133.2520545656294,31,True,R
919,0.09000000000000001,-190348,172776,35,35,0.0,MOVING,0.37454773831169735,1.9023818653724938,132.58538789896275,31,True,R
920,0.09000000000000001,-190348,172776,35,35,0.0,MOVING,0.36982356332276867,1.9075219974563855,131.9187212322961,31,True,R
921,0.09000000000000001,-191117,173492,35,35,0.0,MOVING,0.36515951492572596,1.9127167486261643,131.2520545656294,31,True,R
922,0.09000000000000001,-191117,173492,35,35,0.0,MOVING,0.3605562245580623,1.9179654155956765,130.58538789896275,31,True,R
923,0.09000000000000001,-191117,173492,35,35,0.0,MOVING,0.35601431543160617,1.9232672877794326,129.9187212322961,31,True,R
924,0.09000000000000001,-191117,173492,35,35,0.0,MOVING,0.35153440244814854,1.928621647388809,129.25205456562944,31,True,R
925,0.09000000000000001,-191117,173492,35,35,0.0,MOVING,0.3471170921161951,1.9340277695292245,128.58538789896278,31,True,R
926,0.09000000000000001,-191117,173492,35,35,0.0,MOVING,0.3427629824688546,1.93948492229828,127.91872123229612,32,True,R
927,0.09000000000000001,-191117,173492,35,35,0.0,MOVING,0.33847266298287476,1.944992366884846,127.25205456562946,32,True,R
928,0.09000000000000001,-191117,173492,35,35,0.0,MOVING,0.3342467144988366,1.950549357669086,126.58538789896281,32,True,R
929,0.09000000000000001,-191117,173492,35,35,0.0,MOVING,0.33008570914251784,1.9561551423234016,125.91872123229615,32,True,R
930,0.09000000000000001,-191117,173492,35,35,0.0,MOVING,0.32599021024743635,1.9618089619142853,125.25205456562949,32,True,R
931,0.09000000000000001,-191117,173492,35,35,0.0,MOVING,0.3219607722785838,1.967510051005068,124.58538789896284,32,True,R
932,0.09000000000000001,-191117,173492,35,35,0.0,MOVING,0.3179979407573597,1.9732576377595474,123.91872123229616,32,True,R
933,0.09000000000000001,-191117,173492,35,35,0.0,MOVING,0.31410225218771703,1.9790509440464814,123.2520545656295,32,True,R
934,0.09000000000000001,-191117,173492,35,35,0.0,MOVING,0.3102742339835277,1.9848891855449353,122.58538789896285,32,True,R
935,0.09000000000000001,-191117,173492,35,35,0.0,MOVING,0.30651440439717953,1.990771571850466,121.91872123229619,32,True,R
936,0.09000000000000001,-191117,173492,35,35,0.0,MOVING,0.30282327244941293,1.99669730658213,121.25205456562954,32,True,R
937,0.09000000000000001,-191876,174181,35,35,0.0,MOVING,0.2992013378604077,2.002665587490301,120.58538789896288,33,True,R
938,0.09000000000000001,-191876,174181,35,35,0.0,MOVING,0.29564909098212905,2.008675606565282,119.91872123229622,33,True,R
939,0.09000000000000001,-191876,174181,35,35,0.0,MOVING,0.29216701273194157,2.0147265501466953,119.25205456562955,33,True,R
940,0.09000000000000001,-191876,174181,35,35,0.0,MOVING,0.2887555745275009,2.0208175990336406,118.58538789896289,33,True,R
941,0.09000000000000001,-191876,174181,35,35,0.0,MOVING,0.28541523822293124,2.026947928595601,117.91872123229624,33,True,R
942,0.09000000000000001,-191876,174181,35,35,0.0,MOVING,0.28214645604629773,2.033116708884086,117.25205456562958,33,True,R
943,0.09000000000000001,-191876,174181,35,35,0.0,MOVING,0.27894967053838193,2.0393231047449905,116.58538789896292,33,True,R
944,0.09000000000000001,-191876,174181,35,35,0.0,MOVING,0.27582531449276904,2.045566275931664,115.91872123229626,33,True,R
945,0.09000000000000001,-191876,174181,35,35,0.0,MOVING,0.2727738108972544,2.0518453772186667,115.2520545656296,33,True,R
946,0.09000000000000001,-191876,174181,35,35,0.0,MOVING,0.2697955728765778,2.0581595585161963,114.58538789896294,33,True,R
947,0.09000000000000001,-191876,174181,35,35,0.0,MOVING,0.2668910036364931,2.064507964985179,113.91872123229626,33,True,R
948,0.09000000000000001,-191876,174181,35,35,0.0,MOVING,0.2640604964091804,2.0708897371530024,113.25205456562959,33,True,R
949,0.09000000000000001,-191876,174181,35,35,0.0,MOVING,0.26130443440000883,2.0773040110298706,112.58538789896292,34,True,R
950,0.09000000000000001,-191876,174181,35,35,0.0,MOVING,0.25862319073565676,2.0837499182257777,111.91872123229624,34,True,R
951,0.09000000000000001,-191876,174181,35,35,0.0,MOVING,0.25601712841359625,2.090226586068072,111.25205456562956,34,True,R
952,0.09000000000000001,-191876,174181,35,35,0.0,MOVING,0.2534866002529491,2.0967331377196037,110.58538789896289,34,True,R
953,0.09000000000000001,-192629,174904,35,35,0.0,MOVING,0.25103194884672075,2.103268692297432,109.91872123229622,34,True,R
954,0.09000000000000001,-192629,174904,35,35,0.0,MOVING,0.24865350651541873,2.109832364992086,109.25205456562955,34,True,R
955,0.09000000000000001,-192629,174904,35,35,0.0,MOVING,0.2463515952620617,2.11642326718735,108.58538789896288,34,True,R
956,0.09000000000000001,-192629,174904,35,35,0.0,MOVING,0.2441265267285855,2.123040506580572,107.9187212322962,34,True,R
957,0.09000000000000001,-192629,174904,35,35,0.0,MOVING,0.24197860215365172,2.1296831873034634,107.25205456562954,34,True,R
958,0.09000000000000001,-192629,174904,35,35,0.0,MOVING,0.23990811233186482,2.1363504100433865,106.58538789896286,34,True,R
959,0.09000000000000001,-192629,174904,35,35,0.0,MOVING,0.23791533757440328,2.143041272165109,105.91872123229619,34,True,R
960,0.09000000000000001,-192629,174904,35,35,0.0,MOVING,0.23600054767106987,2.149754867833003,105.25205456562952,35,True,R
961,0.09000000000000001,-192629,174904,35,35,0.0,MOVING,0.23416400185376646,2.1564902881336834,104.58538789896285,35,True,R
962,0.09000000000000001,-192629,174904,35,35,0.0,MOVING,0.23240594876139814,2.163246621199059,103.91872123229618,35,True,R
963,0.09000000000000001,-192629,174904,35,35,0.0,MOVING,0.23072662640621155,2.1700229523297847,103.2520545656295,35,True,R
964,0.09000000000000001,-192629,174904,35,35,0.0,MOVING,0.22912626214157178,2.176818364119098,102.58538789896284,35,True,R
965,0.09000000000000001,-192629,174904,35,35,0.0,MOVING,0.2276050726311824,2.18363193657702,101.91872123229616,35,True,R
966,0.09000000000000001,-192629,174904,35,35,0.0,MOVING,0.22616326381975263,2.1904627472549087,101.25205456562949,35,True,R
967,0.09000000000000001,-192629,174904,35,35,0.0,MOVING,0.22480103090511577,2.1973098713703423,100.58538789896282,35,True,R
968,0.09000000000000001,-192629,174904,35,35,0.0,MOVING,0.22351855831180245,2.204172381932321,99.91872123229615,35,True,R
969,0.09000000000000001,-193392,175579,35,35,0.0,MOVING,0.22231601966607262,2.211049349866767,99.25205456562948,35,True,R
970,0.09000000000000001,-193392,175579,35,35,0.0,MOVING,0.22119357777240922,2.2179398441423053,98.58538789896281,35,True,R
971,0.09000000000000001,-193392,175579,35,35,0.0,MOVING,0.22015138459147718,2.22484293189631,97.91872123229614,36,True,R
972,0.09000000000000001,-193392,175579,35,35,0.0,MOVING,0.21918958121955023,2.2317576785612014,97.25205456562946,36,True,R
973,0.09000000000000001,-193392,175579,35,35,0.0,MOVING,0.21830829786940886,2.2386831479909683,96.5853878989628,36,True,R
974,0.09000000000000001,-193392,175579,35,35,0.0,MOVING,0.21750765385271148,2.24561840258791,95.91872123229612,36,True,R
975,0.09000000000000001,-193392,175579,35,35,0.0,MOVING,0.21678775756384164,2.25256250342957,95.25205456562945,36,True,R
976,0.09000000000000001,-193392,175579,35,35,0.0,MOVING,0.2161487064652331,2.259514510395853,94.58538789896278,36,True,R
977,0.09000000000000001,-193392,175579,35,35,0.0,MOVING,0.215590587074175,2.266473482296299,93.91872123229611,36,True,R
978,0.09000000000000001,-193392,175579,35,35,0.0,MOVING,0.21511347495109875,2.273438476997509,93.25205456562944,36,True,R
979,0.09000000000000001,-193392,175579,35,35,0.0,MOVING,0.21471743468934845,2.2804085515506936,92.58538789896276,36,True,R
980,0.09000000000000001,-193392,175579,35,35,0.0,MOVING,0.2144025199064359,2.287382762319331,91.9187212322961,36,True,R
981,0.09000000000000001,-193392,175579,35,35,0.0,MOVING,0.21416877323678174,2.294360165106923,91.25205456562942,36,True,R
982,0.09000000000000001,-193392,175579,35,35,0.0,MOVING,0.2140162263259433,2.3013398152848237,90.58538789896274,37,True,R
983,0.09000000000000001,-193392,175579,35,35,0.0,MOVING,0.21394489982633041,2.3083207679201254,89.91872123229606,37,True,R
984,0.09000000000000001,-193392,175579,35,35,0.0,MOVING,0.21395480339440937,2.3153020779035893,89.2520545656294,37,True,R
985,0.09000000000000001,-194162,176300,35,35,0.0,MOVING,0.21404593568939556,2.322282800077597,88.58538789896272,37,True,R
986,0.09000000000000001,-194162,176300,35,35,0.0,MOVING,0.2142182843734351,2.3292619893641104,87.91872123229605,37,True,R
987,0.09000000000000001,-194162,176300,35,35,0.0,MOVING,0.214471826113275,2.3362387008926198,87.25205456562938,37,True,R
988,0.09000000000000001,-194162,176300,35,35,0.0,MOVING,0.21480652658342228,2.3432119901280637,86.58538789896271,37,True,R
989,0.09000000000000001,-194162,176300,35,35,0.0,MOVING,0.215222340470791,2.350180912998705,85.91872123229604,37,True,R
990,0.09000000000000001,-194162,176300,35,35,0.0,MOVING,0.21571921148083698,2.357144526023942,85.25205456562936,37,True,R
991,0.09000000000000001,-194162,176300,35,35,0.0,MOVING,0.2162970723451791,2.3641018864420413,84.5853878989627,37,True,R
992,0.09000000000000001,-194162,176300,35,35,0.0,MOVING,0.21695584483070646,2.3710520523377725,83.91872123229602,37,True,R
993,0.09000000000000001,-194162,176300,35,35,0.0,MOVING,0.21769543975016986,2.3779940827699284,83.25205456562935,37,True,R
994,0.09000000000000001,-194162,176300,35,35,0.0,MOVING,0.21851575697425626,2.384927037898713,82.58538789896268,38,True,R
995,0.09000000000000001,-194162,176300,35,35,0.0,MOVING,0.2194166854451448,2.391849979112981,81.91872123229601,38,True,R
996,0.09000000000000001,-194162,176300,35,35,0.0,MOVING,0.22039810319154216,2.398761969157312,81.25205456562934,38,True,R
997,0.09000000000000001,-194162,176300,35,35,0.0,MOVING,0.22145987734519548,2.4056620722588975,80.58538789896267,38,True,R
998,0.09000000000000001,-194162,176300,35,35,0.0,MOVING,0.2226018641588808,2.4125493542542307,79.918721232296,38,True,R
999,0.09000000000000001,-194162,176300,35,35,0.0,MOVING,0.2238239090258639,2.419422882715578,79.25205456562932,38,True,R
1000,0.09000000000000001,-194162,176300,35,35,0.0,MOVING,0.22512584650083173,2.426281727077214,78.58538789896265,38,True,R
1001,0.09000000000000001,-194927,176997,35,35,0.0,MOVING,0.22650750032229092,2.433124958761405,77.91872123229598,38,True,R
1002,0.09000000000000001,-194927,176997,35,35,0.0,MOVING,0.22796868343643095,2.439951651304125,77.25205456562931,38,True,R
1003,0.09000000000000001,-194927,176997,35,35,0.0,MOVING,0.22950919802244807,2.4467608804804812,76.58538789896264,38,True,R
1004,0.09000000000000001,-194927,176997,35,35,0.0,MOVING,0.23112883551932717,2.4535517244298424,75.91872123229597,38,True,R
1005,0.09000000000000001,-194927,176997,35,35,0.0,MOVING,0.23282737665407754,2.4603232637806425,75.2520545656293,39,True,R
1006,0.09000000000000001,-194927,176997,35,35,0.0,MOVING,0.234604591471419,2.467074581774849,74.58538789896262,39,True,R
1007,0.09000000000000001,-194927,176997,35,35,0.0,MOVING,0.23646023936491406,2.473804764392077,73.91872123229595,39,True,R
1008,0.09000000000000001,-194927,176997,35,35,0.0,MOVING,0.2383940691095423,2.480512900473334,73.25205456562928,39,True,R
1009,0.09000000000000001,-194927,176997,35,35,0.0,MOVING,0.2404058188957121,2.4871980818443755,72.58538789896261,39,True,R
1010,0.09000000000000001,-194927,176997,35,35,0.0,MOVING,0.24249521636470558,2.4938594034386568,71.91872123229594,39,True,R
1011,0.09000000000000001,-194927,176997,35,35,0.0,MOVING,0.24466197864555148,2.500495963419865,71.25205456562927,39,True,R
1012,0.09000000000000001,-194927,176997,35,35,0.0,MOVING,0.2469058123933215,2.5071068633040143,70.5853878989626,39,True,R
1013,0.09000000000000001,-194927,176997,35,35,0.0,MOVING,0.2492264138288444,2.513691208081084,69.91872123229592,39,True,R
1014,0.09000000000000001,-194927,176997,35,35,0.0,MOVING,0.2516234687798329,2.52024810633619,69.25205456562924,39,True,R
1015,0.09000000000000001,-194927,176997,35,35,0.0,MOVING,0.2540966527234175,2.526776670370269,68.58538789896257,39,True,R
1016,0.09000000000000001,-194927,176997,35,35,0.0,MOVING,0.2566456308300819,2.5332760163202566,67.9187212322959,40,True,R
1017,0.09000000000000001,-195685,177702,35,35,0.0,MOVING,0.2592700580089932,2.5397452642787495,67.25205456562922,40,True,R
1018,0.09000000000000001,-195685,177702,35,35,0.0,MOVING,0.26196957895472206,2.546183538413131,66.58538789896255,40,True,R
1019,0.09000000000000001,-195685,177702,35,35,0.0,MOVING,0.264743828195345,2.552589967084144,65.91872123229588,40,True,R
1020,0.09000000000000001,-195685,177702,35,35,0.0,MOVING,0.26759243014192363,2.5589636829638978,65.25205456562921,40,True,R
1021,0.09000000000000001,-195685,177702,35,35,0.0,MOVING,0.27051499913935356,2.565303823153289,64.58538789896254,40,True,R
1022,0.09000000000000001,-195685,177702,35,35,0.0,MOVING,0.27351113951857564,2.5716095292988266,63.918721232295866,40,True,R
1023,0.09000000000000001,-195685,177702,35,35,0.0,MOVING,0.2765804456501432,2.577879947708837,63.252054565629194,40,True,R
1024,0.09000000000000001,-195685,177702,35,35,0.0,MOVING,0.2797225019991382,2.584114229469041,62.58538789896252,40,True,R
1025,0.09000000000000001,-195685,177702,35,35,0.0,MOVING,0.28293688318142735,2.5903115305574844,61.91872123229585,40,True,R
1026,0.09000000000000001,-195685,177702,35,35,0.0,MOVING,0.2862231540212529,2.5964710119588026,61.25205456562918,40,True,R
1027,0.09000000000000001,-195685,177702,35,35,0.0,MOVING,0.2895808696101483,2.602591839777812,60.58538789896251,41,True,R
1028,0.09000000000000001,-195685,177702,35,35,0.0,MOVING,0.29300957536717137,2.608673185352406,59.91872123229584,41,True,R
1029,0.09000000000000001,-195685,177702,35,35,0.0,MOVING,0.2965088071004478,2.61471422536574,59.252054565629166,41,True,R
1030,0.09000000000000001,-195685,177702,35,35,0.0,MOVING,0.30007809107001493,2.620714141957699,58.585387898962495,41,True,R
1031,0.09000000000000001,-195685,177702,35,35,0.0,MOVING,0.3037169440519587,2.62667212283562,57.91872123229582,41,True,R
1032,0.09000000000000001,-195685,177702,35,35,0.0,MOVING,0.30742487340383434,2.6325873613842647,57.25205456562916,41,True,R
1033,0.09000000000000001,-195685,177702,35,35,0.0,MOVING,0.3112013771313624,2.638459056775022,56.585387898962495,41,True,R
1034,0.09000000000000001,-196453,178459,35,35,0.0,MOVING,0.3150459439563907,2.6442864140743274,55.91872123229582,41,True,R
1035,0.09000000000000001,-196453,178459,35,35,0.0,MOVING,0.318958053386113,2.650068644351284,55.25205456562916,41,True,R
1036,0.09000000000000001,-196453,178459,35,35,0.0,MOVING,0.3229371757835358,2.6558049647844713,54.585387898962495,41,True,R
1037,0.09000000000000001,-196453,178459,35,35,0.0,MOVING,0.3269827724391824,2.661494598767927,53.91872123229583,41,True,R
1038,0.09000000000000001,-196453,178459,35,35,0.0,MOVING,0.33109429564402554,2.667136776016287,53.252054565629166,41,True,R
1039,0.09000000000000001,-196453,178459,35,35,0.0,MOVING,0.3352711887636386,2.672730732669069,52.5853878989625,42,True,R
1040,0.09000000000000001,-196453,178459,35,35,0.0,MOVING,0.3395128863135549,2.6782757113940874,51.91872123229583,42,True,R
1041,0.09000000000000001,-196453,178459,35,35,0.0,MOVING,0.34381881403582537,2.6837709614899845,51.252054565629166,42,True,R
1042,0.09000000000000001,-196453,178459,35,35,0.0,MOVING,0.3481883889767636,2.6892157389878624,50.5853878989625,42,True,R
1043,0.09000000000000001,-196453,178459,35,35,0.0,MOVING,0.35262101956586855,2.6946093067520054,49.91872123229584,42,True,R
1044,0.09000000000000001,-196453,178459,35,35,0.0,MOVING,0.357116105695914,2.699950934579676,49.25205456562917,42,True,R
1045,0.09000000000000001,-196453,178459,35,35,0.0,MOVING,0.36167303880419316,2.705239899299973,48.58538789896251,42,True,R
1046,0.09000000000000001,-196453,178459,35,35,0.0,MOVING,0.3662912019549084,2.7104754848717354,47.91872123229584,42,True,R
1047,0.09000000000000001,-196453,178459,35,35,0.0,MOVING,0.3709699699226944,2.7156569824804864,47.25205456562917,42,True,R
1048,0.09000000000000001,-196453,178459,35,35,0.0,MOVING,0.37570870927726385,2.7207836906343927,46.58538789896251,42,True,R
1049,0.09000000000000001,-197172,179170,35,35,0.0,MOVING,0.38050677846916364,2.725854915259236,45.918721232295844,42,True,R
1050,0.09000000000000001,-197172,179170,35,35,0.0,MOVING,0.38536352791663037,2.7308699697923795,45.25205456562918,43,True,R
1051,0.09000000000000001,-197172,179170,35,35,0.0,MOVING,0.3902783000935334,2.7358281752757185,44.585387898962516,43,True,R
1052,0.09000000000000001,-197172,179170,35,35,0.0,MOVING,0.39525042961839335,2.7407288604475992,43.918721232295844,43,True,R
1053,0.09000000000000001,-197172,179170,35,35,0.0,MOVING,0.40027924334446396,2.7455713618336968,43.25205456562918,43,True,R
1054,0.09000000000000001,-197172,179170,35,35,0.0,MOVING,0.40536406045086565,2.7503550238368404,42.585387898962516,43,True,R
1055,0.09000000000000001,-197172,179170,35,35,0.0,MOVING,0.4105041925347575,2.755079198825769,41.91872123229585,43,True,R
1056,0.09000000000000001,-197172,179170,35,35,0.0,MOVING,0.4156989437045362,2.759743247222812,41.25205456562919,43,True,R
1057,0.09000000000000001,-197172,179170,35,35,0.0,MOVING,0.4209476106740484,2.7643465375904754,40.58538789896252,43,True,R
1058,0.09000000000000001,-197172,179170,35,35,0.0,MOVING,0.4262494828578046,2.7688884467169315,39.91872123229585,43,True,R
1059,0.09000000000000001,-197172,179170,35,35,0.0,MOVING,0.43160384246718103,2.773368359700389,39.25205456562919,43,True,R
1060,0.09000000000000001,-197172,179170,35,35,0.0,MOVING,0.43700996460759656,2.7777856700323427,38.58538789896252,43,True,R
1061,0.09000000000000001,-197172,179170,35,35,0.0,MOVING,0.44246711737665206,2.782139779679683,37.91872123229586,44,True,R
1062,0.09000000000000001,-197172,179170,35,35,0.0,MOVING,0.44797456196321805,2.786430099165663,37.252054565629194,44,True,R
1063,0.09000000000000001,-197172,179170,35,35,0.0,MOVING,0.4535315527474581,2.7906560476497013,36.58538789896253,44,True,R
1064,0.09000000000000001,-197172,179170,35,35,0.0,MOVING,0.4591373374017737,2.79481705300602,35.91872123229586,44,True,R
1065,0.09000000000000001,-197923,179869,35,35,0.0,MOVING,0.4647911569926574,2.7989125519011018,35.252054565629194,44,True,R
1066,0.09000000000000001,-197923,179869,35,35,0.0,MOVING,0.4704922460834402,2.802941989869954,34.58538789896253,44,True,R
1067,0.09000000000000001,-197923,179869,35,35,0.0,MOVING,0.47623983283791954,2.806904821391178,33.918721232295866,44,True,R
1068,0.09000000000000001,-197923,179869,35,35,0.0,MOVING,0.4820331391248535,2.8108005099608206,33.2520545656292,44,True,R
1069,0.09000000000000001,-197923,179869,35,35,0.0,MOVING,0.48787138062330737,2.81462852816501,32.58538789896254,44,True,R
1070,0.09000000000000001,-197923,179869,35,35,0.0,MOVING,0.49375376692883804,2.818388357751358,31.91872123229587,44,True,R
1071,0.09000000000000001,-197923,179869,35,35,0.0,MOVING,0.4996795016605021,2.8220794896991244,31.2520545656292,44,True,R
1072,0.09000000000000001,-197923,179869,35,35,0.0,MOVING,0.5056477825686734,2.8257014242881295,30.585387898962537,45,True,R
1073,0.09000000000000001,-197923,179869,35,35,0.0,MOVING,0.5116578016436542,2.8292536711664082,29.918721232295873,45,True,R
1074,0.09000000000000001,-197923,179869,35,35,0.0,MOVING,0.5177087452250673,2.832735749416596,29.252054565629205,45,True,R
1075,0.09000000000000001,-197923,179869,35,35,0.0,MOVING,0.5237997941120125,2.8361471876210365,28.58538789896254,45,True,R
1076,0.09000000000000001,-197923,179869,35,35,0.0,MOVING,0.5299301236739731,2.839487523925606,27.918721232295876,45,True,R
1077,0.09000000000000001,-197923,179869,35,35,0.0,MOVING,0.5360989039624577,2.8427563061022396,27.25205456562921,45,True,R
1078,0.09000000000000001,-197923,179869,35,35,0.0,MOVING,0.5423052998233623,2.845953091610155,26.585387898962544,45,True,R
1079,0.09000000000000001,-197923,179869,35,35,0.0,MOVING,0.5485484710100362,2.849077447655768,25.91872123229588,45,True,R
1080,0.09000000000000001,-197923,179869,35,35,0.0,MOVING,0.5548275722970386,2.8521289512512826,25.252054565629212,45,True,R
1081,0.09000000000000001,-198620,180560,35,35,0.0,MOVING,0.561141753594568,2.8551071892719593,24.585387898962548,45,True,R
1082,0.09000000000000001,-198620,180560,35,35,0.0,MOVING,0.5674901600635511,2.858011758512044,23.918721232295884,45,True,R
1083,0.09000000000000001,-198620,180560,35,35,0.0,MOVING,0.5738719322313744,2.8608422657393566,23.252054565629216,45,True,R
1084,0.09000000000000001,-198620,180560,35,35,0.0,MOVING,0.5802862061082428,2.863598327748528,22.58538789896255,46,True,R
1085,0.09000000000000001,-198620,180560,35,35,0.0,MOVING,0.5867321133041498,2.86627957141288,21.918721232295887,46,True,R
1086,0.09000000000000001,-198620,180560,35,35,0.0,MOVING,0.5932087811464442,2.8688856337349407,21.25205456562922,46,True,R
1087,0.09000000000000001,-198620,180560,35,35,0.0,MOVING,0.5997153327979755,2.8714161618955876,20.585387898962555,46,True,R
1088,0.09000000000000001,-198620,180560,35,35,0.0,MOVING,0.606250887375804,2.873870813301816,19.91872123229589,46,True,R
1089,0.09000000000000001,-198620,180560,35,35,0.0,MOVING,0.6128145600704579,2.876249255633118,19.252054565629223,46,True,R
1090,0.09000000000000001,-198620,180560,35,35,0.0,MOVING,0.6194054622657224,2.8785511668864747,18.58538789896256,46,True,R
1091,0.09000000000000001,-198620,180560,35,35,0.0,MOVING,0.6260227016589442,2.880776235419951,17.918721232295894,46,True,R
1092,0.09000000000000001,-198620,180560,35,35,0.0,MOVING,0.6326653823818353,2.882924159994885,17.252054565629226,46,True,R
1093,0.09000000000000001,-198620,180560,35,35,0.0,MOVING,0.6393326051217586,2.884994649816672,16.585387898962562,46,True,R
1094,0.09000000000000001,-198620,180560,35,35,0.0,MOVING,0.6460234672434808,2.886987424574133,15.918721232295898,46,True,R
1095,0.09000000000000001,-198620,180560,35,35,0.0,MOVING,0.6527370629113749,2.8889022144774663,15.252054565629232,47,True,R
1096,0.09000000000000001,-198620,180560,35,35,0.0,MOVING,0.6594724832120554,2.8907387602947696,14.585387898962566,47,True,R
1097,0.09000000000000001,-199379,181276,35,35,0.0,MOVING,0.666228816277431,2.892496813387138,13.9187212322959,47,True,R
1098,0.09000000000000001,-199379,181276,35,35,0.0,MOVING,0.6730051474081569,2.894176135742325,13.252054565629232,47,True,R
1099,0.09000000000000001,-199379,181276,35,35,0.0,MOVING,0.6798005591974701,2.8957765000069644,12.585387898962566,47,True,R
1100,0.09000000000000001,-199379,181276,35,35,0.0,MOVING,0.6866141316553922,2.897297689517354,11.918721232295898,47,True,R
1101,0.09000000000000001,-199379,181276,35,35,0.0,MOVING,0.6934449423332808,2.8987394983287835,11.25205456562923,47,True,R
1102,0.09000000000000001,-199379,181276,35,35,0.0,MOVING,0.7002920664487144,2.9001017312434203,10.585387898962564,47,True,R
1103,0.09000000000000001,-199379,181276,35,35,0.0,MOVING,0.7071545770106935,2.9013842038367335,9.918721232295896,47,True,R
1104,0.09000000000000001,-199379,181276,35,35,0.0,MOVING,0.7140315449451397,2.9025867424824634,9.25205456562923,47,True,R
1105,0.09000000000000001,-199379,181276,35,35,0.0,MOVING,0.7209220392206777,2.903709184376127,8.585387898962562,47,True,R
1106,0.09000000000000001,-199379,181276,35,35,0.0,MOVING,0.7278251269746825,2.904751377557059,7.918721232295895,48,True,R
1107,0.09000000000000001,-199379,181276,35,35,0.0,MOVING,0.7347398736395736,2.905713180928986,7.252054565629228,48,True,R
1108,0.09000000000000001,-199379,181276,35,35,0.0,MOVING,0.7416653430693406,2.9065944642791273,6.585387898962561,48,True,R
1109,0.09000000000000001,-199379,181276,35,35,0.0,MOVING,0.7486005976662823,2.9073951082958245,5.918721232295894,48,True,R
1110,0.09000000000000001,-199379,181276,35,35,0.0,MOVING,0.7555446985079424,2.9081150045846944,5.252054565629227,48,True,R
1111,0.09000000000000001,-199379,181276,35,35,0.0,MOVING,0.7624967054742249,2.908754055683303,4.58538789896256,48,True,R
1112,0.09000000000000001,-199379,181276,35,35,0.0,MOVING,0.769455677374671,2.909312175074361,3.918721232295893,48,True,R
1113,0.09000000000000001,-200133,181842,35,35,0.0,MOVING,0.7764206720758813,2.9097892871974373,3.252054565629226,48,True,R
1114,0.09000000000000001,-200133,181842,35,35,0.0,MOVING,0.7833907466290655,2.9101853274591876,2.5853878989625594,48,True,R
1115,0.09000000000000001,-200133,181842,35,35,0.0,MOVING,0.7903649573977028,2.9105002422421,1.9187212322958929,48,True,R
1116,0.09000000000000001,-200133,181842,35,35,0.0,MOVING,0.797342360185295,2.9107339889117543,1.2520545656292261,48,True,R
1117,0.09000000000000001,-200133,181842,35,35,0.0,MOVING,0.8043220103631956,2.9108865358225926,0.5853878989625594,49,True,R
1118,0.09000000000000001,-200133,181842,35,35,0.0,MOVING,0.8113029629984974,2.9109578623222054,-0.08127876770410727,49,True,R
1119,0.09000000000000001,-200133,181842,35,35,0.0,MOVING,0.8182842729819613,2.9109479587541265,-0.747945434370774,49,True,R
1120,0.09000000000000001,-200133,181842,35,35,0.0,MOVING,0.8252649951559691,2.91085682645914,-1.4146121010374406,49,True,R
1121,0.09000000000000001,-200133,181842,35,35,0.0,MOVING,0.8322441844424825,2.9106844777751006,-2.081278767704107,49,True,R
1122,0.09000000000000001,-200133,181842,35,35,0.0,MOVING,0.8392208959709916,2.9104309360352607,-2.747945434370774,49,True,R
1123,0.09000000000000001,-200133,181842,35,35,0.0,MOVING,0.8461941852064354,2.9100962355651134,-3.4146121010374406,49,True,R
1124,0.09000000000000001,-200133,181842,35,35,0.0,MOVING,0.8531631080770765,2.9096804216777445,-4.081278767704108,49,True,R
1125,0.09000000000000001,-200133,181842,35,35,0.0,MOVING,0.8601267211023135,2.9091835506676986,-4.7479454343707745,49,True,R
1126,0.09000000000000001,-200133,181842,35,35,0.0,MOVING,0.8670840815204128,2.9086056898033563,-5.4146121010374415,49,True,R
1127,0.09000000000000001,-200908,182163,35,35,0.0,MOVING,0.8740342474161441,2.9079469173178287,-6.0812787677041085,49,True,R
1128,0.09000000000000001,-200908,182163,35,35,0.0,MOVING,0.8809762778482999,2.9072073223983654,-6.747945434370775,49,True,R
1129,0.04251522434623756,-200908,182163,29,35,0.0,MOVING,0.8851983485886182,2.906707760914805,-5.631390154996474,50,False,R
1130,0.07951123289972091,-200908,182163,23,35,0.0,MOVING,0.8931110980775617,2.9059275320396916,-4.161139768266591,50,False,R
1131,0.11468604479697986,-200908,182163,17,35,0.0,MOVING,0.9045494704079421,2.905095349882146,-2.7019921436924443,50,False,R
1132,0.1475542179649983,-200908,182163,11,35,0.0,MOVING,0.9192884876649436,2.9043997618644006,-1.518496179374242,50,False,R
1133,0.17717164745346178,-200908,182163,5,35,0.0,MOVING,0.9369994305400502,2.9039302631014094,-0.8300622298901811,50,False,R
1134,0.19958213040394593,-200908,182163,0,35,0.0,MOVING,0.9569555491781592,2.903641132218421,-0.8026911195938683,50,False,R
1135,0.1995882135355534,-200908,182163,0,35,0.0,MOVING,0.9769124119150568,2.903361526203178,-0.7756516442230478,50,False,R
1136,0.19959460058139722,-200908,182163,0,35,0.0,MOVING,0.9968700430295243,2.9030913297721983,-0.7489612761267037,50,False,R
1137,0.19960126553462795,-200908,182163,0,35,0.0,MOVING,1.0168284642838454,2.9028304216172627,-0.7226362103083271,50,False,R
1138,0.19960818324154606,-200908,182163,0,35,0.0,MOVING,1.036787695023816,2.902578674842654,-0.6966914063305258,50,False,R
1139,0.199615329407011,-200908,182163,0,35,0.0,MOVING,1.0567477522777415,2.902335957388174,-0.6711406296663174,50,False,R
1140,0.19962268059720392,-200908,182163,0,35,0.0,MOVING,1.0767086508542303,2.9021021324381397,-0.6459964924791679,50,False,R
1141,0.19963021423997537,-200908,182163,0,35,0.0,MOVING,1.0966704034386066,2.9018770588165634,-0.6212704938150229,50,False,R
1142,0.19963790862298728,-200908,182163,0,35,0.0,MOVING,1.116633020687796,2.901660591368731,-0.5969730591907229,50,False,R
1143,0.19964574288984493,-200908,182163,0,35,0.0,MOVING,1.1365965113235519,2.901452581329388,-0.5731135795643242,50,False,R
1144,0.1996536970343967,-201783,182415,0,0,0.0,MOVING,1.1565608822239117,2.901252876677746,-0.5497004496739241,50,False,R
1145,0.1996617518933666,-201783,182415,0,0,0.0,MOVING,1.1765261385127859,2.901061322479526,-0.5267411057326443,50,False,R
1146,0.1996698891374739,-201783,182415,0,0,0.0,MOVING,1.1964922836475969,2.9008777612162615,-0.5042420624684689,50,False,R
1147,0.19967809126118022,-201783,182415,0,0,0.0,MOVING,1.2164593195049034,2.900702033102072,-0.4822089494986351,50,False,R
1148,0.1996863415711968,-201783,182415,0,0,0.0,MOVING,1.2364272464639492,2.90053397638814,-0.4606465470292543,50,False,R
1149,0.19969462417387443,-201783,182415,0,0,0.0,MOVING,1.256396063488094,2.9003734276551065,-0.43955882087181214,50,False,R
1150,0.19970292396159017,-201783,182415,0,0,0.0,MOVING,1.2763657682040885,2.900220222093617,-0.41894895676912514,50,False,R
1151,0.19971122659823748,-201783,182415,0,0,0.0,MOVING,1.296336356979169,2.9000741937732415,-0.39881939402424893,50,False,R
1152,0.199719518503919,-201783,182415,0,0,0.0,MOVING,1.3163078249959497,2.8999351759,-0.3791718584267408,50,False,R
1153,0.19972778683893525,-201783,182415,0,0,0.0,MOVING,1.3362801663251025,2.8998030010627214,-0.3600073944715324,50,False,R
1154,0.19973601948715547,-201783,182415,0,0,0.0,MOVING,1.3562533739958191,2.8996775014684673,-0.34132639686654204,50,False,R
1155,0.19974420503885196,-201783,182415,0,0,0.0,MOVING,1.3762274400640557,2.8995585091672558,-0.32312864132597013,50,False,R
1156,0.1997523327730739,-201783,182415,0,0,0.0,MOVING,1.3962023556785648,2.8994458562663166,-0.3054133146470458,50,False,R
1157,0.19976039263963105,-201783,182415,0,0,0.0,MOVING,1.4161781111447262,2.89933937513411,-0.28817904406877837,50,False,R
1158,0.19976837524075405,-201783,182415,0,0,0.0,MOVING,1.4361546959861917,2.8992388985943456,-0.2714239259120258,50,False,R
1159,0.19977627181249275,-201783,182415,0,0,0.0,MOVING,1.45613209900436,2.8991442601102384,-0.25514555350094714,50,False,R
1160,0.19978407420591068,-202898,183061,0,0,0.0,MOVING,1.4761103083357066,2.8990552939592322,-0.23934104436663034,50,False,R
1161,0.19979177486812938,-202898,183061,0,0,0.0,MOVING,1.496089311506991,2.898971835398428,-0.22400706673438311,50,False,R
1162,0.19979936682327282,-202898,183061,0,0,0.0,MOVING,1.5160690954883707,2.898893720820954,-0.20913986529685,50,False,R
1163,0.19980684365335882,-202898,183061,0,0,0.0,APPROACHING,1.536049646744448,2.8988207879035084,-0.1947352862757853,50,False,R
1164,0.18780922453996976,-202898,183061,0,0,0.0,APPROACHING,1.554830460723223,2.8987569559546222,-0.18162671618515702,50,False,R
1165,0.18156100578405215,-202898,183061,0,0,0.0,APPROACHING,1.5729864700781941,2.89869940149892,-0.16934174398396917,50,False,R
1166,0.17552015495098236,-202898,183061,0,0,0.0,APPROACHING,1.590538408911411,2.89864752534657,-0.1578237001286409,50,False,R
1167,0.16967982994639166,-202898,183061,0,0,0.0,APPROACHING,1.6075063275337351,2.8986007863634167,-0.1470198981958985,50,False,R
1168,0.16403341172165617,-202898,183061,0,0,0.0,APPROACHING,1.623909614703999,2.8985586957430733,-0.13688138353596171,50,False,R
1169,0.15857449707117482,-202898,183061,0,0,0.0,APPROACHING,1.6397670191581923,2.898520811842916,-0.12736268967381675,50,False,R
1170,0.15329689169194805,-202898,183061,0,0,0.0,APPROACHING,1.6550966704532843,2.8984867355313075,-0.11842160426001334,50,False,R
1171,0.1481946034861638,-202898,183061,0,0,0.0,APPROACHING,1.6699160991486108,2.8984561059974365,-0.11001894576156641,50,False,R
1172,0.1432618360907677,-202898,183061,0,0,0.0,APPROACHING,1.6842422563463695,2.898428596979106,-0.10211835160979542,50,False,R
1173,0.13849298262059156,-202898,183061,0,0,0.0,APPROACHING,1.6980915326116044,2.89840391336763,-0.09468607815783571,50,False,R
1174,0.1338826196136811,-202898,183061,0,0,0.0,APPROACHING,1.7114797762910823,2.8983817881526104,-0.08769081252393791,50,False,R
1175,0.1294255011691004,-202898,183061,0,0,0.0,APPROACHING,1.7244223112496155,2.898361979672781,-0.08110349618958726,50,False,R
1176,0.125116553268792,-202898,183061,0,0,0.0,APPROACHING,1.7369339540416606,2.8983442691422696,-0.07489716006948402,50,False,R
1177,0.12095086827609955,-203931,183998,0,0,0.0,APPROACHING,1.749029030535368,2.8983284584245537,-0.06904677066187119,50,False,R
1178,0.11692369960437746,-203931,183998,0,0,0.0,APPROACHING,1.7607213920056828,2.89831436802909,-0.0635290868131817,50,False,R
1179,0.11303045654975931,-203931,183998,0,0,0.0,APPROACHING,1.7720244307125692,2.8983018353080476,-0.05832252658302083,50,False,R
1180,0.10926669928267167,-203931,183998,0,0,0.0,APPROACHING,1.7829510949799403,2.898290712832837,-0.053407043668033755,50,False,R
1181,0.10562813399309197,-203931,183998,0,0,0.0,APPROACHING,1.7935139037904255,2.8982808669321516,-0.0487640128314664,50,False,R
1182,0.10211060818487719,-203931,183998,0,0,0.0,APPROACHING,1.8037249609106787,2.8982721763751003,-0.044376123785324316,50,False,R
1183,0.09871010611475722,-203931,183998,0,0,0.0,APPROACHING,1.8135959685615182,2.898264531184674,-0.04022728298096851,50,False,R
1184,0.09542274437180359,-203931,183998,0,0,0.0,APPROACHING,1.823138240646803,2.8982578315683014,-0.036302522779330375,50,False,R
1185,0.09224476759336236,-203931,183998,0,0,0.0,APPROACHING,1.8323627155545696,2.8982519869536,-0.0325879174917904,50,False,R
1186,0.08917254431359162,-203931,183998,0,0,0.0,APPROACHING,1.841279968543584,2.898246915118668,-0.02907050580566648,50,False,R
1187,0.08620256294086995,-203931,183998,0,0,0.0,APPROACHING,1.8499002237281126,2.89824254140734,-0.025738219133056538,50,False,R
1188,0.08333142786045446,-203931,183998,0,0,0.0,APPROACHING,1.8582333656733623,2.898238798020834,-0.022579815447567018,50,False,R
1189,0.08055585565886596,-203931,183998,0,0,0.0,APPROACHING,1.866288950613698,2.89823562337809,-0.019584818199588835,50,False,R
1190,0.07787267146656665,-203931,183998,0,0,0.0,APPROACHING,1.87407621730542,2.8982329615379046,-0.016743459926724928,50,False,R
1191,0.07527880541557894,-203931,183998,0,0,0.0,APPROACHING,1.8816040975255468,2.898230761676668,-0.014046630201362325,50,False,R
1192,0.07277128920877188,-203931,183998,0,0,0.0,APPROACHING,1.888881226227734,2.898228977616154,-0.011485827581959441,50,False,R
1193,0.07034725279761504,-204802,184803,0,0,0.0,APPROACHING,1.8959159513661452,2.898227567396382,-0.009053115258172026,50,False,R
1194,0.06800392116527056,-204802,184803,0,0,0.0,APPROACHING,1.9027163433977825,2.8982264928890817,-0.006741080102382115,50,False,R
1195,0.06573861121196506,-204802,184803,0,0,0.0,APPROACHING,1.9092902044734799,2.898225719447745,-0.004542794861419413,50,False,R
1196,0.06354872873965006,-204802,184803,0,0,0.0,APPROACHING,1.9156450773274702,2.898225215590671,-0.0024517832422612327,50,False,R
1197,0.061431765533028766,-204802,184803,0,0,0.0,APPROACHING,1.9217882538751487,2.898224952713764,-0.00046198766424838044,50,False,R
1198,0.05938529653409148,-204802,184803,0,0,0.0,APPROACHING,1.927726783528365,2.898224904830177,0.0014322605321160134,50,False,R
1199,0.05740697710737186,-204802,184803,0,0,0.0,APPROACHING,1.9334674812373085,2.898225048334198,0.0032362686133829803,50,False,R
1200,0.05549454039319872,-204802,184803,0,0,0.0,APPROACHING,1.939016935267776,2.8982253617870226,0.004955007896800786,50,False,R
1201,0.05364579474628642,-204802,184803,0,0,0.0,APPROACHING,1.9443815147223438,2.898225825722305,0.006593137273705111,50,False,R
1202,0.05185862125707115,-204802,184803,0,0,0.0,APPROACHING,1.9495673768137165,2.898226422469589,0.00815502496393406,50,False,R
1203,0.050130971353264865,-204802,184803,0,0,0.0,APPROACHING,1.9545804738982644,2.8982271359939094,0.00964476864047821,50,False,R
1204,0.04846086447916403,-204802,184803,0,0,0.0,APPROACHING,1.9594265602775214,2.8982279517500222,0.011066214052439119,50,False,R
1205,0.04684638585031347,-204802,184803,0,0,0.0,APPROACHING,1.9641111987751754,2.8982288565498777,0.012422972264094199,50,False,R
1206,0.045285684281188496,-204802,184803,0,0,0.0,APPROACHING,1.9686397670968465,2.898229838442087,0.013718435618399591,50,False,R
1207,0.04377697008362233,-204802,184803,0,0,0.0,APPROACHING,1.9730174639797273,2.898230886602257,0.014955792524544285,50,False,R
1208,0.04231851303376561,-204802,184803,0,0,0.0,APPROACHING,1.977249315138934,2.898231991233172,0.016138041161147223,50,False,R
1209,0.04090864040542718,-205368,185303,0,0,0.0,APPROACHING,1.9813401790172056,2.898233143473912,0.017268002179315387,50,False,R
1210,0.0,-205368,185303,0,0,0.0,STOPPING,1.9813401790172056,2.898233143473912,0.017268002179315387,50,False,R
1211,0.0,-205368,185303,0,0,0.0,STOPPING,1.9813401790172056,2.898233143473912,0.017268002179315387,50,False,R
1212,0.0,-205368,185303,0,0,0.0,STOPPING,1.9813401790172056,2.898233143473912,0.017268002179315387,50,False,R
1213,0.0,-205368,185303,0,0,0.0,STEPPER_DOWN,1.9813401790172056,2.898233143473912,0.017268002179315387,50,False,R
1214,0.0,-205368,185303,0,0,0.045454545454545456,STEPPER_DOWN,1.9813401790172056,2.898233143473912,0.017268002179315387,50,False,R
1215,0.0,-205368,185303,0,0,0.09090909090909091,STEPPER_DOWN,1.9813401790172056,2.898233143473912,0.017268002179315387,50,False,R
1216,0.0,-205368,185303,0,0,0.13636363636363638,STEPPER_DOWN,1.9813401790172056,2.898233143473912,0.017268002179315387,50,False,R
1217,0.0,-205368,185303,0,0,0.18181818181818182,STEPPER_DOWN,1.9813401790172056,2.898233143473912,0.017268002179315387,50,False,R
1218,0.0,-205368,185303,0,0,0.22727272727272727,STEPPER_DOWN,1.9813401790172056,2.898233143473912,0.017268002179315387,50,False,R
1219,0.0,-205368,185303,0,0,0.2727272727272727,STEPPER_DOWN,1.9813401790172056,2.898233143473912,0.017268002179315387,50,False,R
1220,0.0,-205368,185303,0,0,0.3181818181818181,STEPPER_DOWN,1.9813401790172056,2.898233143473912,0.017268002179315387,50,False,R
1221,0.0,-205368,185303,0,0,0.3636363636363636,STEPPER_DOWN,1.9813401790172056,2.898233143473912,0.017268002179315387,50,False,R
1222,0.0,-205368,185303,0,0,0.409090909090909,STEPPER_DOWN,1.9813401790172056,2.898233143473912,0.017268002179315387,50,False,R
1223,0.0,-205368,185303,0,0,0.4545454545454545,STEPPER_DOWN,1.9813401790172056,2.898233143473912,0.017268002179315387,50,False,R
1224,0.0,-205368,185303,0,0,0.4999999999999999,STEPPER_DOWN,1.9813401790172056,2.898233143473912,0.017268002179315387,50,False,R
1225,0.0,-205482,185391,0,0,0.5454545454545454,STEPPER_DOWN,1.9813401790172056,2.898233143473912,0.017268002179315387,50,False,R
1226,0.0,-205482,185391,0,0,0.5909090909090908,STEPPER_DOWN,1.9813401790172056,2.898233143473912,0.017268002179315387,50,False,R
1227,0.0,-205482,185391,0,0,0.6363636363636364,STEPPER_DOWN,1.9813401790172056,2.898233143473912,0.017268002179315387,50,False,R
1228,0.0,-205482,185391,0,0,0.6818181818181819,STEPPER_DOWN,1.9813401790172056,2.898233143473912,0.017268002179315387,50,False,R
1229,0.0,-205482,185391,0,0,0.7272727272727274,STEPPER_DOWN,1.9813401790172056,2.898233143473912,0.017268002179315387,50,False,R
1230,0.0,-205482,185391,0,0,0.7727272727272728,STEPPER_DOWN,1.9813401790172056,2.898233143473912,0.017268002179315387,50,False,R
1231,0.0,-205482,185391,0,0,0.8181818181818183,STEPPER_DOWN,1.9813401790172056,2.898233143473912,0.017268002179315387,50,False,R
1232,0.0,-205482,185391,0,0,0.8636363636363639,STEPPER_DOWN,1.9813401790172056,2.898233143473912,0.017268002179315387,50,False,R
1233,0.0,-205482,185391,0,0,0.9090909090909092,STEPPER_DOWN,1.9813401790172056,2.898233143473912,0.017268002179315387,50,False,R
1234,0.0,-205482,185391,0,0,0.9545454545454547,STEPPER_DOWN,1.9813401790172056,2.898233143473912,0.017268002179315387,50,False,R
1235,0.0,-205482,185391,0,0,1.0,BENIH_BUKA,1.9813401790172056,2.898233143473912,0.017268002179315387,50,False,R
1236,0.0,-205482,185391,0,0,1.0,BENIH_BUKA,1.9813401790172056,2.898233143473912,0.017268002179315387,50,False,R
1237,0.0,-205482,185391,0,0,1.0,BENIH_BUKA,1.9813401790172056,2.898233143473912,0.017268002179315387,50,False,R
1238,0.0,-205482,185391,0,0,1.0,BENIH_BUKA,1.9813401790172056,2.898233143473912,0.017268002179315387,50,False,R
1239,0.0,-205482,185391,0,0,1.0,BENIH_BUKA,1.9813401790172056,2.898233143473912,0.017268002179315387,50,False,R
1240,0.0,-205482,185391,0,0,1.0,BENIH_DORONG,1.9813401790172056,2.898233143473912,0.017268002179315387,50,False,R
1241,0.0,-205482,185391,0,0,1.0,HOLDING,1.9813401790172056,2.898233143473912,0.017268002179315387,50,False,R
1242,0.0,-205482,185391,0,0,1.0,HOLDING,1.9813401790172056,2.898233143473912,0.017268002179315387,50,False,R
1243,0.0,-205482,185391,0,0,1.0,STEPPER_UP,1.9813401790172056,2.898233143473912,0.017268002179315387,50,False,R
1244,0.0,-205482,185391,0,0,0.9545454545454546,STEPPER_UP,1.9813401790172056,2.898233143473912,0.017268002179315387,50,False,R
1245,0.0,-205482,185391,0,0,0.9090909090909091,STEPPER_UP,1.9813401790172056,2.898233143473912,0.017268002179315387,50,False,R
1246,0.0,-205482,185391,0,0,0.8636363636363636,STEPPER_UP,1.9813401790172056,2.898233143473912,0.017268002179315387,50,False,R
1247,0.0,-205482,185391,0,0,0.8181818181818181,STEPPER_UP,1.9813401790172056,2.898233143473912,0.017268002179315387,50,False,R
1248,0.0,-205482,185391,0,0,0.7727272727272727,STEPPER_UP,1.9813401790172056,2.898233143473912,0.017268002179315387,50,False,R
1249,0.0,-205482,185391,0,0,0.7272727272727273,STEPPER_UP,1.9813401790172056,2.898233143473912,0.017268002179315387,50,False,R
1250,0.0,-205482,185391,0,0,0.6818181818181819,STEPPER_UP,1.9813401790172056,2.898233143473912,0.017268002179315387,50,False,R
1251,0.0,-205482,185391,0,0,0.6363636363636365,STEPPER_UP,1.9813401790172056,2.898233143473912,0.017268002179315387,50,False,R
1252,0.0,-205482,185391,0,0,0.590909090909091,STEPPER_UP,1.9813401790172056,2.898233143473912,0.017268002179315387,50,False,R
1253,0.0,-205482,185391,0,0,0.5454545454545455,STEPPER_UP,1.9813401790172056,2.898233143473912,0.017268002179315387,50,False,R
1254,0.0,-205482,185391,0,0,0.5000000000000001,STEPPER_UP,1.9813401790172056,2.898233143473912,0.017268002179315387,50,False,R
1255,0.0,-205482,185391,0,0,0.4545454545454546,STEPPER_UP,1.9813401790172056,2.898233143473912,0.017268002179315387,50,False,R
1256,0.0,-205482,185391,0,0,0.40909090909090917,STEPPER_UP,1.9813401790172056,2.898233143473912,0.017268002179315387,50,False,R
1257,0.0,-205482,185391,0,0,0.36363636363636365,STEPPER_UP,1.9813401790172056,2.898233143473912,0.017268002179315387,50,False,R
1258,0.0,-205482,185391,0,0,0.3181818181818181,STEPPER_UP,1.9813401790172056,2.898233143473912,0.017268002179315387,50,False,R
1259,0.0,-205482,185391,0,0,0.2727272727272726,STEPPER_UP,1.9813401790172056,2.898233143473912,0.017268002179315387,50,False,R
1260,0.0,-205482,185391,0,0,0.22727272727272718,STEPPER_UP,1.9813401790172056,2.898233143473912,0.017268002179315387,50,False,R
1261,0.0,-205482,185391,0,0,0.18181818181818166,STEPPER_UP,1.9813401790172056,2.898233143473912,0.017268002179315387,50,False,R
1262,0.0,-205482,185391,0,0,0.13636363636363613,STEPPER_UP,1.9813401790172056,2.898233143473912,0.017268002179315387,50,False,R
1263,0.0,-205482,185391,0,0,0.09090909090909083,STEPPER_UP,1.9813401790172056,2.898233143473912,0.017268002179315387,50,False,R
1264,0.0,-205482,185391,0,0,0.0454545454545453,STEPPER_UP,1.9813401790172056,2.898233143473912,0.017268002179315387,50,False,R
1265,0.0,-205482,185391,0,0,0.0,WAITING,1.9813401790172056,2.898233143473912,0.017268002179315387,50,False,R
1266,0.0,-205482,185391,0,0,0.0,WAITING,1.9813401790172056,2.898233143473912,0.017268002179315387,50,False,R
1267,0.0,-205482,185391,0,0,0.0,MOVING,1.9813401790172056,2.898233143473912,0.017268002179315387,50,False,R
1268,0.19993971772362806,-205482,185391,0,0,0.0,MOVING,2.0013341498815223,2.898239169326878,0.02273004595515291,50,False,R
1269,0.19994359790466895,-205482,185391,0,0,0.0,MOVING,2.021328508098612,2.89824710137194,0.027897598604319094,50,False,R
1270,0.19994733184453178,-205482,185391,0,0,0.0,MOVING,2.041323238912925,2.8982568369060977,0.03277854147508631,50,False,R
1271,0.19995092145499482,-205482,185391,0,0,0.0,MOVING,2.0613183277863185,2.898268275967177,0.03738073075665741,50,False,R
1272,0.19995436876495515,-205482,185391,0,0,0.0,MOVING,2.081313760407308,2.898281321325763,0.04171198887937237,50,False,R
1273,0.19995767590817431,-205482,185391,0,0,0.0,MOVING,2.101309522699239,2.8982958784741046,0.045780096372922845,50,False,R
1274,0.19996084511114465,-205482,185391,0,0,0.0,MOVING,2.1213056008273794,2.8983118556121483,0.049592784170813344,50,False,R
1275,0.19996387868100776,-205670,185553,0,0,0.0,MOVING,2.141301981204938,2.89832916363086,0.05315772634929888,50,False,R
1276,0.19996677899343696,-205670,185553,0,0,0.0,MOVING,2.1612986504980043,2.898347716092982,0.056482533289051576,50,False,R
1277,0.1999695484803692,-205670,185553,0,0,0.0,MOVING,2.1812955956293836,2.898367429211375,0.0595747452478171,50,False,R
1278,0.19997218961743513,-205670,185553,0,0,0.0,MOVING,2.2012928037813015,2.898388221825085,0.06244182633237491,50,False,R
1279,0.19997470491088587,-205670,185553,0,0,0.0,MOVING,2.221290262396916,2.8984100153732824,0.06509115885815414,50,False,R
1280,0.1999770968837437,-205670,185553,0,0,0.0,MOVING,2.2412879591805592,2.8984327338671956,0.06753003808492851,50,False,R
1281,0.1999793680607999,-205670,185553,0,0,0.0,MOVING,2.2612858820965873,2.8984563038601854,0.06976566731708796,50,False,R
1282,0.1999815209519327,-205670,185553,0,0,0.0,MOVING,2.281284019366666,2.898480654416075,0.07180515335707117,50,False,R
1283,0.19998355803298792,-205670,185553,0,0,0.0,MOVING,2.3012823594652447,2.898505717075867,0.07365550230064867,50,False,R
1284,0.19998548172311204,-205670,185553,0,0,0.0,APPROACHING,2.3212808911128575,2.8985314258229633,0.07532361566284548,50,False,R
1285,0.19289473570711052,-205670,185553,0,0,0.0,APPROACHING,2.3405703480146522,2.898556784627528,0.07676334917163632,50,False,R
1286,0.18646685754602774,-205670,185553,0,0,0.0,APPROACHING,2.35921701703393,2.8985817669496714,0.07800332548506533,50,False,R
1287,0.1802529908010124,-205670,185553,0,0,0.0,APPROACHING,2.377242299409535,2.898606306852064,0.0790654746710675,50,False,R
1288,0.1742460320285837,-205670,185553,0,0,0.0,APPROACHING,2.394666886021822,2.898630351975416,0.07996939750365903,50,False,R
1289,0.16843911085549382,-205670,185553,0,0,0.0,APPROACHING,2.4115107807008975,2.8986538615077975,0.0807326146601671,50,False,R
1290,0.1628255826464393,-205670,185553,0,0,0.0,APPROACHING,2.4277933228016715,2.8986768044379443,0.08137078911481783,50,False,R
1291,0.1573990213570939,-205670,185553,0,0,0.0,APPROACHING,2.4435332090642077,2.898699158053476,0.08189792455396315,50,False,R
1292,0.15215321256912412,-206763,186580,0,0,0.0,APPROACHING,2.458748514777521,2.898720906650295,0.08232654236440573,50,False,R
1293,0.14708214670025807,-206763,186580,0,0,0.0,APPROACHING,2.4734567142643096,2.898742040424052,0.08266783949216304,50,False,R
1294,0.14218001237528283,-206763,186580,0,0,0.0,APPROACHING,2.487674700702701,2.89876255451857,0.08293182923511618,50,False,R
1295,0.13744118992676685,-206763,186580,0,0,0.0,APPROACHING,2.5014188052979778,2.898782448209536,0.083127466819127,50,False,R
1296,0.13286024494562101,-206763,186580,0,0,0.0,APPROACHING,2.5147048158092677,2.8988017242047706,0.0832627614127359,50,False,R
1297,0.12843192162506276,-206763,186580,0,0,0.0,APPROACHING,2.527547994410538,2.898820388044891,0.0833448760595606,50,False,R
1298,0.12415113468209715,-206763,186580,0,0,0.0,APPROACHING,2.5399630947436544,2.898838447590239,0.08338021684917765,50,False,R
1299,0.12001290865702083,-206763,186580,-1,0,0.0,APPROACHING,2.5519643729013137,2.8988559125743993,0.0833745125106145,50,False,R
1300,0.11601230942798936,-206763,186580,-1,0,0.0,APPROACHING,2.56356559156137,2.8988727942128243,0.08333288559792684,50,False,R
1301,0.11214505098461827,-206763,186580,-1,0,0.0,APPROACHING,2.5747800847983866,2.898889104955934,0.08325991586710482,50,False,R
1302,0.10840670908473285,-206763,186580,-1,0,0.0,APPROACHING,2.585620744260886,2.8989048581761154,0.0831596967532855,50,False,R
1303,0.10479299218130837,-206763,186580,-1,0,0.0,APPROACHING,2.5961000324412122,2.8989200679358325,0.08303588601651946,50,False,R
1304,0.10129974810815424,-206763,186580,-1,0,0.0,APPROACHING,2.6062299966139126,2.89893474879272,0.08289175101857486,50,False,R
1305,0.09792296157664938,-206763,186580,-1,0,0.0,APPROACHING,2.6160222825237494,2.8989489156353523,0.08273020920817668,50,False,R
1306,0.09465875039283446,-206763,186580,-1,0,0.0,APPROACHING,2.625488147695384,2.8989625835452206,0.08255386433365944,50,False,R
1307,0.09150336138074655,-206763,186580,-1,0,0.0,APPROACHING,2.6346384743353632,2.898975767681176,0.08236503884555837,50,False,R
1308,0.08845316627061546,-207691,187445,-1,-1,0.0,APPROACHING,2.6434837818228947,2.8989884831831354,0.08216580290079362,50,False,R
1309,0.08550465764217127,-207691,187445,-1,-1,0.0,APPROACHING,2.6520342387949305,2.8990007450923,0.08195800033471144,50,False,R
1310,0.08265444495951711,-207691,187445,-1,-1,0.0,APPROACHING,2.6602996748347145,2.8990125682855177,0.08174327192684784,50,False,R
1311,0.0798992507131499,-207691,187445,-1,-1,0.0,APPROACHING,2.6682895917745157,2.89902396742175,0.08152307625037063,50,False,R
1312,0.07723590667547817,-207691,187445,-1,-1,0.0,APPROACHING,2.676013174623895,2.8990349568988774,0.08129870836325553,50,False,R
1313,0.07466135027170624,-207691,187445,-1,-1,0.0,APPROACHING,2.683479302135048,2.899045550819331,0.08107131657092226,50,False,R
1314,0.07217262106562747,-207691,187445,-1,-1,0.0,APPROACHING,2.6906965570167145,2.8990557629632403,0.08084191746489172,50,False,R
1315,0.06976685735861075,-207691,187445,-1,-1,0.0,APPROACHING,2.697673235807979,2.899065606767969,0.08061140941967833,50,False,R
1316,0.06744129289937127,-207691,187445,-1,-1,0.0,APPROACHING,2.704417358423034,2.89907509531307,0.0803805847102801,50,False,R
1317,0.06519325370172933,-207691,187445,-1,-1,0.0,APPROACHING,2.71093667737772,2.8990842413098212,0.08015014039499906,50,False,R
1318,0.06302015496736041,-207691,187445,-1,-1,0.0,APPROACHING,2.7172386867083254,2.8990930570946207,0.07992068809265346,50,False,R
1319,0.06091949811044777,-207691,187445,-1,-1,0.0,APPROACHING,2.7233306305928546,2.8991015546256254,0.07969276276931923,50,False,R
1320,0.05888886788112043,-207691,187445,-1,-1,0.0,APPROACHING,2.7292195116846303,2.8991097454820975,0.07946683063735926,50,False,R
1321,0.056925929584577456,-207691,187445,-1,-1,0.0,APPROACHING,2.7349120991678046,2.899117640866004,0.07924329625848715,50,False,R
1322,0.055028426392841036,-207691,187445,-1,-1,0.0,APPROACHING,2.7404149365440467,2.8991252516054726,0.07902250893282017,50,False,R
1323,0.05319417674613946,-207691,187445,-1,-1,0.0,APPROACHING,2.745734349159361,2.8991325881597705,0.07880476844716222,50,False,R
1324,0.051421071840994384,-207691,187445,-1,-1,0.0,APPROACHING,2.7508764514797157,2.8991396606255204,0.07859033024799436,50,False,R
1325,0.04970707320215966,-208361,188041,-1,-1,0.0,APPROACHING,2.755847154123861,2.8991464787439,0.07837941009774292,50,False,R
1326,0.04805021033564088,-208361,188041,-1,-1,0.0,APPROACHING,2.7606521706614493,2.899153051908623,0.07817218826673988,50,False,R
1327,0.04644857846010666,-208361,188041,-1,-1,0.0,APPROACHING,2.7652970241842967,2.8991593891745167,0.0779688133077983,50,False,R
1328,0.04490033631408361,-208361,188041,-1,-1,0.0,APPROACHING,2.7697870536583595,2.8991654992665494,0.07776940545543495,50,False,R
1329,0.0434037040364108,-208361,188041,-1,-1,0.0,APPROACHING,2.774127420063759,2.8991713905891734,0.07757405968740645,50,False,R
1330,0.04195696111750726,-208361,188041,-1,-1,0.0,APPROACHING,2.7783231123299306,2.8991770712358793,0.07738284848232722,50,False,R
1331,0.040558444419087215,-208361,188041,-1,-1,0.0,APPROACHING,2.782378953072745,2.899182548998869,0.07719582430365912,50,False,R
1332,0.0,-208361,188041,0,-1,0.0,STOPPING,2.782378953072745,2.899182548998869,0.07719582430365912,50,False,R
1333,0.0,-208361,188041,0,-1,0.0,STOPPING,2.782378953072745,2.899182548998869,0.07719582430365912,50,False,R
1334,0.0,-208361,188041,0,-1,0.0,STOPPING,2.782378953072745,2.899182548998869,0.07719582430365912,50,False,R
1335,0.0,-208361,188041,0,-1,0.0,STEPPER_DOWN,2.782378953072745,2.899182548998869,0.07719582430365912,50,False,R
1336,0.0,-208361,188041,0,-1,0.045454545454545456,STEPPER_DOWN,2.782378953072745,2.899182548998869,0.07719582430365912,50,False,R
1337,0.0,-208361,188041,0,-1,0.09090909090909091,STEPPER_DOWN,2.782378953072745,2.899182548998869,0.07719582430365912,50,False,R
1338,0.0,-208361,188041,0,-1,0.13636363636363638,STEPPER_DOWN,2.782378953072745,2.899182548998869,0.07719582430365912,50,False,R
1339,0.0,-208361,188041,0,-1,0.18181818181818182,STEPPER_DOWN,2.782378953072745,2.899182548998869,0.07719582430365912,50,False,R
1340,0.0,-208361,188041,0,-1,0.22727272727272727,STEPPER_DOWN,2.782378953072745,2.899182548998869,0.07719582430365912,50,False,R
1341,0.0,-208361,188041,0,-1,0.2727272727272727,STEPPER_DOWN,2.782378953072745,2.899182548998869,0.07719582430365912,50,False,R
1342,0.0,-208657,188281,0,0,0.3181818181818181,STEPPER_DOWN,2.782378953072745,2.899182548998869,0.07719582430365912,50,False,R
1343,0.0,-208657,188281,0,0,0.3636363636363636,STEPPER_DOWN,2.782378953072745,2.899182548998869,0.07719582430365912,50,False,R
1344,0.0,-208657,188281,0,0,0.409090909090909,STEPPER_DOWN,2.782378953072745,2.899182548998869,0.07719582430365912,50,False,R
1345,0.0,-208657,188281,0,0,0.4545454545454545,STEPPER_DOWN,2.782378953072745,2.899182548998869,0.07719582430365912,50,False,R
1346,0.0,-208657,188281,0,0,0.4999999999999999,STEPPER_DOWN,2.782378953072745,2.899182548998869,0.07719582430365912,50,False,R
1347,0.0,-208657,188281,0,0,0.5454545454545454,STEPPER_DOWN,2.782378953072745,2.899182548998869,0.07719582430365912,50,False,R
1348,0.0,-208657,188281,0,0,0.5909090909090908,STEPPER_DOWN,2.782378953072745,2.899182548998869,0.07719582430365912,50,False,R
1349,0.0,-208657,188281,0,0,0.6363636363636364,STEPPER_DOWN,2.782378953072745,2.899182548998869,0.07719582430365912,50,False,R
1350,0.0,-208657,188281,0,0,0.6818181818181819,STEPPER_DOWN,2.782378953072745,2.899182548998869,0.07719582430365912,50,False,R
1351,0.0,-208657,188281,0,0,0.7272727272727274,STEPPER_DOWN,2.782378953072745,2.899182548998869,0.07719582430365912,50,False,R
1352,0.0,-208657,188281,0,0,0.7727272727272728,STEPPER_DOWN,2.782378953072745,2.899182548998869,0.07719582430365912,50,False,R
1353,0.0,-208657,188281,0,0,0.8181818181818183,STEPPER_DOWN,2.782378953072745,2.899182548998869,0.07719582430365912,50,False,R
1354,0.0,-208657,188281,0,0,0.8636363636363639,STEPPER_DOWN,2.782378953072745,2.899182548998869,0.07719582430365912,50,False,R
1355,0.0,-208657,188281,0,0,0.9090909090909092,STEPPER_DOWN,2.782378953072745,2.899182548998869,0.07719582430365912,50,False,R
1356,0.0,-208657,188281,0,0,0.9545454545454547,STEPPER_DOWN,2.782378953072745,2.899182548998869,0.07719582430365912,50,False,R
1357,0.0,-208657,188281,0,0,1.0,BENIH_BUKA,2.782378953072745,2.899182548998869,0.07719582430365912,50,False,R
1358,0.0,-208657,188281,0,0,1.0,BENIH_BUKA,2.782378953072745,2.899182548998869,0.07719582430365912,50,False,R
1359,0.0,-208657,188281,0,0,1.0,BENIH_BUKA,2.782378953072745,2.899182548998869,0.07719582430365912,50,False,R
1360,0.0,-208657,188281,0,0,1.0,BENIH_BUKA,2.782378953072745,2.899182548998869,0.07719582430365912,50,False,R
1361,0.0,-208657,188281,0,0,1.0,BENIH_BUKA,2.782378953072745,2.899182548998869,0.07719582430365912,50,False,R
1362,0.0,-208657,188281,0,0,1.0,BENIH_DORONG,2.782378953072745,2.899182548998869,0.07719582430365912,50,False,R
1363,0.0,-208657,188281,0,0,1.0,HOLDING,2.782378953072745,2.899182548998869,0.07719582430365912,50,False,R
1364,0.0,-208657,188281,0,0,1.0,HOLDING,2.782378953072745,2.899182548998869,0.07719582430365912,50,False,R
1365,0.0,-208657,188281,0,0,1.0,STEPPER_UP,2.782378953072745,2.899182548998869,0.07719582430365912,50,False,R
1366,0.0,-208657,188281,0,0,0.9545454545454546,STEPPER_UP,2.782378953072745,2.899182548998869,0.07719582430365912,50,False,R
1367,0.0,-208657,188281,0,0,0.9090909090909091,STEPPER_UP,2.782378953072745,2.899182548998869,0.07719582430365912,50,False,R
1368,0.0,-208657,188281,0,0,0.8636363636363636,STEPPER_UP,2.782378953072745,2.899182548998869,0.07719582430365912,50,False,R
1369,0.0,-208657,188281,0,0,0.8181818181818181,STEPPER_UP,2.782378953072745,2.899182548998869,0.07719582430365912,50,False,R
1370,0.0,-208657,188281,0,0,0.7727272727272727,STEPPER_UP,2.782378953072745,2.899182548998869,0.07719582430365912,50,False,R
1371,0.0,-208657,188281,0,0,0.7272727272727273,STEPPER_UP,2.782378953072745,2.899182548998869,0.07719582430365912,50,False,R
1372,0.0,-208657,188281,0,0,0.6818181818181819,STEPPER_UP,2.782378953072745,2.899182548998869,0.07719582430365912,50,False,R
1373,0.0,-208657,188281,0,0,0.6363636363636365,STEPPER_UP,2.782378953072745,2.899182548998869,0.07719582430365912,50,False,R
1374,0.0,-208657,188281,0,0,0.590909090909091,STEPPER_UP,2.782378953072745,2.899182548998869,0.07719582430365912,50,False,R
1375,0.0,-208657,188281,0,0,0.5454545454545455,STEPPER_UP,2.782378953072745,2.899182548998869,0.07719582430365912,50,False,R
1376,0.0,-208657,188281,0,0,0.5000000000000001,STEPPER_UP,2.782378953072745,2.899182548998869,0.07719582430365912,50,False,R
1377,0.0,-208657,188281,0,0,0.4545454545454546,STEPPER_UP,2.782378953072745,2.899182548998869,0.07719582430365912,50,False,R
1378,0.0,-208657,188281,0,0,0.40909090909090917,STEPPER_UP,2.782378953072745,2.899182548998869,0.07719582430365912,50,False,R
1379,0.0,-208657,188281,0,0,0.36363636363636365,STEPPER_UP,2.782378953072745,2.899182548998869,0.07719582430365912,50,False,R
1380,0.0,-208657,188281,0,0,0.3181818181818181,STEPPER_UP,2.782378953072745,2.899182548998869,0.07719582430365912,50,False,R
1381,0.0,-208657,188281,0,0,0.2727272727272726,STEPPER_UP,2.782378953072745,2.899182548998869,0.07719582430365912,50,False,R
1382,0.0,-208657,188281,0,0,0.22727272727272718,STEPPER_UP,2.782378953072745,2.899182548998869,0.07719582430365912,50,False,R
1383,0.0,-208657,188281,0,0,0.18181818181818166,STEPPER_UP,2.782378953072745,2.899182548998869,0.07719582430365912,50,False,R
1384,0.0,-208657,188281,0,0,0.13636363636363613,STEPPER_UP,2.782378953072745,2.899182548998869,0.07719582430365912,50,False,R
1385,0.0,-208657,188281,0,0,0.09090909090909083,STEPPER_UP,2.782378953072745,2.899182548998869,0.07719582430365912,50,False,R
1386,0.0,-208657,188281,0,0,0.0454545454545453,STEPPER_UP,2.782378953072745,2.899182548998869,0.07719582430365912,50,False,R
1387,0.0,-208657,188281,0,0,0.0,WAITING,2.782378953072745,2.899182548998869,0.07719582430365912,50,False,R
1388,0.0,-208657,188281,0,0,0.0,WAITING,2.782378953072745,2.899182548998869,0.07719582430365912,50,False,R
1389,0.0,-208657,188281,0,0,0.0,MOVING,2.782378953072745,2.899182548998869,0.07719582430365912,50,False,R
1390,0.1999927757837449,-208657,188281,-1,0,0.0,MOVING,2.8023782124990313,2.899209494443441,0.07626334806782856,50,False,R
1391,0.19999230974695348,-208657,188281,-1,0,0.0,MOVING,2.822377425757562,2.8992361143424197,0.07528100842254097,50,False,R
1392,0.19999187365418358,-208657,188281,-1,0,0.0,MOVING,2.8423765958603138,2.8992623912963613,0.07425246424553787,50,False,R
1393,0.1999914674546271,-208657,188281,-1,0,0.0,MOVING,2.862375725811632,2.8992883091829076,0.07318125373834027,50,False,R
1394,0.19999109093165324,-208657,188281,-1,0,0.0,MOVING,2.8823748185917526,2.8993138531146174,0.07207079589192296,50,False,R
1395,0.1999907437330597,-208657,188281,-1,0,0.0,MOVING,2.902373877143356,2.89933900939732,0.07092439202988544,50,False,R
1396,0.19999042539528938,-208657,188281,-1,0,0.0,MOVING,2.9223729043605435,2.8993637654890096,0.06974522742334212,50,False,R
1397,0.19999013536312854,-208657,188281,-1,0,0.0,MOVING,2.9423719030797892,2.899388109959313,0.06853637297198874,50,False,R
1398,0.19998987300594995,-208657,188281,-1,0,0.0,MOVING,2.9623708760725163,2.8994120324495465,0.06730078694596782,50,False,R
1399,0.19998963763126731,-208657,188281,-1,0,0.0,MOVING,2.9823698260390303,2.8994355236333873,0.06604131678338024,50,False,R
1400,0.19998942849616208,-208657,188281,-1,0,0.0,MOVING,3.002368755603597,2.8994585751781754,0.06476070093846344,50,False,R
1401,0.19998924481700134,-208657,188281,-1,0,0.0,MOVING,3.0223676673104882,2.899481179706863,0.06346157077563826,50,False,R
1402,0.1999890857777658,-208657,188281,-1,0,0.0,MOVING,3.042366563620862,2.89950333076063,0.062146452504825984,50,False,R
1403,0.19998895053723229,-208657,188281,-1,0,0.0,MOVING,3.0623654469103583,2.8995250227621785,0.06081776915359031,50,False,R
1404,0.1999888382352021,-208657,188281,-1,0,0.0,MOVING,3.0823643194673163,2.899546250979713,0.059477842571849474,50,False,R
1405,0.19998874799792707,-208657,188281,-1,0,0.0,MOVING,3.1023631834915286,2.899567011491629,0.05812889546507159,50,False,R
1406,0.19998867894285316,-208657,188281,-1,0,0.0,MOVING,3.1223620410934707,2.8995873011519095,0.056773053452019544,50,False,R
1407,0.19998863018278065,-208657,188281,-1,0,0.0,MOVING,3.142360894293941,2.8996071175562412,0.0554123471432911,50,False,R
1408,0.19998860082951983,-209526,189088,-1,-1,0.0,MOVING,3.1623597450240633,2.8996264590088585,0.05404871423704256,50,False,R
1409,0.19998858999710836,-209526,189088,-1,-1,0.0,MOVING,3.182358595125605,2.899645324490121,0.05268400162845821,50,False,R
1410,0.19998859680464523,-209526,189088,-1,-1,0.0,MOVING,3.202357446351579,2.8996637136248262,0.05131996752965577,50,False,R
1411,0.19998862037878692,-209526,189088,-1,-1,0.0,MOVING,3.2223563003670868,2.899681626651264,0.04995828359689085,50,False,R
1412,0.19998865985594477,-209526,189088,-1,-1,0.0,MOVING,3.2423551587503794,2.899699064391014,0.04860053706205196,50,False,R
1413,0.19998871438421678,-209526,189088,-1,-1,0.0,MOVING,3.262354022994107,2.8997160282194887,0.04724823286558438,50,False,R
1414,0.19998878312508203,-209526,189088,-1,-1,0.0,MOVING,3.2823528945067313,2.8997325200372193,0.04590279578811432,50,False,R
1415,0.19998886525488238,-209526,189088,-1,-1,0.0,MOVING,3.302351774614085,2.899748542241887,0.04456557257819355,50,False,R
1416,0.19998895996611288,-209526,189088,-1,-1,0.0,MOVING,3.322350664561054,2.8997640977010977,0.04323783407369432,50,False,R
1417,0.19998906646853942,-209526,189088,-1,-1,0.0,MOVING,3.3423495655133655,2.8997791897258947,0.041920777314532406,50,False,R
1418,0.1999891839901601,-209526,189088,-1,-1,0.0,MOVING,3.3623484785594724,2.8997938220450123,0.04061552764450586,50,False,R
1419,0.19998931177802529,-209526,189088,-1,-1,0.0,MOVING,3.3823474047125104,2.8998079987798606,0.03932314080016557,50,False,R
1420,0.19998944909892838,-209526,189088,-1,-1,0.0,MOVING,3.402346344912324,2.899821724420239,0.038044604984749146,50,False,R
1421,0.19998959523998,-210603,190128,-1,-1,0.0,MOVING,3.4223453000275437,2.8998350038007756,0.03678084292532428,50,False,R
1422,0.19998974950907522,-210603,190128,-1,-1,0.0,MOVING,3.4423442708577054,2.899847842078081,0.03553271391139645,50,False,R
1423,0.19998991123526347,-210603,190128,-1,-1,0.0,MOVING,3.462343258135406,2.899860244708617,0.03430101581335051,50,False,R
1424,0.19999007976902966,-210603,190128,-1,-1,0.0,MOVING,3.4823422625284812,2.8998722174272658,0.03308648707918654,50,False,R
1425,0.1999902544824943,-210603,190128,-1,-1,0.0,MOVING,3.5023412846421986,2.8998837662266004,0.03188980870813287,50,False,R
1426,0.19999043476953932,-210603,190128,-1,-1,0.0,MOVING,3.5223403250214638,2.899894897336838,0.030711606199789347,50,False,R
1427,0.19999062004586649,-210603,190128,-1,-1,0.0,MOVING,3.5423393841530255,2.899905617206477,0.029552451477579584,50,False,R
1428,0.1999908097489941,-210603,190128,-1,-1,0.0,MOVING,3.562338462467679,2.899915932483604,0.028412864785358,50,False,R
1429,0.19999100333819742,-210603,190128,-1,-1,0.0,MOVING,3.5823375603424608,2.8999258499978637,0.027293316556120554,50,False,R
1430,0.19999120029439763,-210603,190128,-1,-1,0.0,MOVING,3.6023366781028288,2.899935376743076,0.02619422925184266,50,False,R
1431,0.1999914001200047,-210603,190128,-1,-1,0.0,MOVING,3.6223358160248242,2.8999445198605014,0.025115979173571567,50,False,R
1432,0.19999160233871727,-210603,190128,-1,-1,0.0,MOVING,3.642334974337212,2.8999532866227327,0.024058898240948666,50,False,R
1433,0.1999918064952848,-210603,190128,-1,-1,0.0,MOVING,3.6623341532235942,2.899961684418209,0.023023275740446252,50,False,R
1434,0.19999201215523466,-210603,190128,-1,-1,0.0,MOVING,3.682333352824493,2.899969720736341,0.02200936004165779,50,False,R
1435,0.199992218904568,-210603,190128,-1,-1,0.0,MOVING,3.702332573239404,2.899977403153232,0.021017360281054786,50,False,R
1436,0.19999720637922644,-210603,190128,-1,-1,0.0,MOVING,3.722332292531761,2.899984739493331,0.020594891472549563,51,False,R
1437,0.19995520226556576,-211700,191165,0,-1,0.0,MOVING,3.7423278114665735,2.899991926856233,0.02486013725344492,51,False,R
1438,0.1998943672728954,-211700,191165,0,-1,0.0,MOVING,3.762317246312241,2.900000600097601,0.03357507674515787,51,False,R
1439,0.19983031097935364,-211700,191165,0,-1,0.0,MOVING,3.7823002739791813,2.9000123100659443,0.0465072617322261,51,False,R
1440,0.199733831888452,-211700,191165,0,-1,0.0,MOVING,3.802273650588148,2.9000285225560356,0.06531697347813104,52,False,R
1441,0.1994965462284478,-211700,191165,0,-1,0.0,MOVING,3.8222232922477937,2.9000512650824612,0.09727209976259524,52,False,R
1442,0.19925265279264667,-211700,191165,0,-1,0.0,MOVING,3.842148528812289,2.9000850925559236,0.14163147383601055,52,False,R
1443,0.19900911387571066,-211700,191165,0,-1,0.0,MOVING,3.8620493793979764,2.900134286276019,0.19767785463410872,52,False,R
1444,0.19869886946782467,-211700,191165,0,-1,0.0,MOVING,3.8819191480853394,2.900202839821575,0.26789845245487093,53,False,R
1445,0.19824221761117275,-211700,191165,0,-1,0.0,MOVING,3.9017431531456612,2.900295531796879,0.35792274359422105,53,False,R
1446,0.19779356791225078,-211700,191165,0,-1,0.0,MOVING,3.9215221240019598,2.9004190912573553,0.46648409901640964,53,False,R
1447,0.19735775281277465,-211700,191165,0,-1,0.0,MOVING,3.941257245174092,2.900579771916873,0.5923721425168965,53,False,R
1448,0.19679895940507558,-211700,191165,1,-1,0.0,MOVING,3.960936089315191,2.900783235671718,0.7396814652859214,54,False,R
1449,0.19613247404769452,-211700,191165,1,-1,0.0,MOVING,3.9805477023224687,2.9010364332496645,0.9115793535105353,54,False,R
1450,0.1954920665616922,-211700,191165,1,-1,0.0,MOVING,4.000094434785053,2.90134744920062,1.106281315778022,54,False,R
1451,0.19488078838863668,-211700,191165,1,-1,0.0,MOVING,4.019578881075345,2.901723706546732,1.3221061051655638,54,False,R
1452,0.1940532447265238,-211700,191165,1,-1,0.0,MOVING,4.038979039493309,2.902171446702199,1.5656558708136612,55,False,R
1453,0.19320691290204345,-211700,191165,2,-1,0.0,MOVING,4.058292517832242,2.9026993353106945,1.8366512772401313,55,False,R
1454,0.19240678106445427,-212756,192142,2,1,0.0,MOVING,4.07752331128781,2.9033160013995394,2.1328465412796738,55,False,R
1455,0.19159789818089246,-212756,192142,2,1,0.0,MOVING,4.09666982763363,2.90402906359359,2.453852594183782,56,False,R
1456,0.19054899699524572,-212756,192142,2,1,0.0,MOVING,4.115707254554951,2.9048448937072373,2.8061303412409084,56,False,R
1457,0.18956726066775068,-212756,192142,3,1,0.0,MOVING,4.134641249705541,2.9057729512529606,3.1868375987603073,56,False,R
1458,0.18865200423473805,-212756,192142,3,1,0.0,MOVING,4.153477276257825,2.906821708011933,3.59337817210919,56,False,R
1459,0.18757646754683466,-212756,192142,3,1,0.0,MOVING,4.172198045078189,2.90799734679488,4.0295098215065375,57,False,R
1460,0.18642388073420665,-212756,192142,3,1,0.0,MOVING,4.190794348987981,2.9093073521287063,4.496498049786574,57,False,R
1461,0.18535994523018762,-212756,192142,4,1,0.0,MOVING,4.209273292080139,2.9107605400567365,4.991237187882762,57,False,R
1462,0.18435239288829297,-212756,192142,4,1,0.0,MOVING,4.227638625237167,2.9123644682558125,5.511646856639176,58,False,R
1463,0.18304215059385223,-212756,192142,4,1,0.0,MOVING,4.245858214321343,2.914122553163884,6.064601895669408,58,False,R
1464,0.09000000000000001,-212756,192142,-15,1,0.0,MOVING,4.2568841335007646,2.9152939946942076,7.123425425081173,51,True,L
1465,0.09000000000000001,-212756,192142,-15,1,0.0,MOVING,4.267886523052833,2.9166689831140302,8.182248954492938,51,True,L
1466,0.09000000000000001,-212756,192142,-15,1,0.0,MOVING,4.2788616256715954,2.918247048866066,9.241072483904702,51,True,L
1467,0.09000000000000001,-212756,192142,-15,1,0.0,MOVING,4.289805693369561,2.920027653042306,10.299896013316467,51,True,L
1468,0.09000000000000001,-212756,192142,-15,1,0.0,MOVING,4.300714988757639,2.9220101875680555,11.358719542728231,51,True,L
1469,0.09000000000000001,-212756,192142,-15,1,0.0,MOVING,4.311585786321445,2.9241939754095903,12.417543072139996,51,True,L
1470,0.09000000000000001,-213787,193065,-15,-15,0.0,MOVING,4.322414373693573,2.9265782708053627,13.476366601551762,51,True,L
1471,0.09000000000000001,-213787,193065,-15,-15,0.0,MOVING,4.333197052921355,2.92916225952068,14.535190130963525,51,True,L
1472,0.09000000000000001,-213787,193065,-15,-15,0.0,MOVING,4.343930141729711,2.9319450591257623,15.594013660375289,52,True,L
1473,0.09000000000000001,-213787,193065,-15,-15,0.0,MOVING,4.354609974778647,2.9349257192970946,16.652837189787054,52,True,L
1474,0.09000000000000001,-213787,193065,-15,-15,0.0,MOVING,4.3652329049149605,2.9381032221419585,17.711660719198818,52,True,L
1475,0.09000000000000001,-213787,193065,-15,-15,0.0,MOVING,4.375795304417741,2.9414764825460433,18.770484248610583,52,True,L
1476,0.09000000000000001,-213787,193065,-15,-15,0.0,MOVING,4.386293566237235,2.9450443485440116,19.82930777802235,52,True,L
1477,0.09000000000000001,-213787,193065,-15,-15,0.0,MOVING,4.3967241052266495,2.9488056017128934,20.888131307434115,52,True,L
1478,0.09000000000000001,-213787,193065,-15,-15,0.0,MOVING,4.4070833593664736,2.9527589575881774,21.94695483684588,52,True,L
1479,0.09000000000000001,-213787,193065,-15,-15,0.0,MOVING,4.41736779098091,2.956903066102454,23.005778366257644,53,True,L
1480,0.09000000000000001,-213787,193065,-15,-15,0.0,MOVING,4.427573887945982,2.9612365120464617,24.06460189566941,53,True,L
1481,0.09000000000000001,-213787,193065,-15,-15,0.0,MOVING,4.437698164888928,2.9657578155523807,25.123425425081173,53,True,L
1482,0.09000000000000001,-213787,193065,-15,-15,0.0,MOVING,4.447737164378447,2.9704654325992057,26.182248954492938,53,True,L
1483,0.09000000000000001,-213787,193065,-15,-15,0.0,MOVING,4.457687458105409,2.9753577555400277,27.241072483904702,53,True,L
1484,0.09000000000000001,-213787,193065,-15,-15,0.0,MOVING,4.467545648053622,2.9804331136510447,28.299896013316467,53,True,L
1485,0.09000000000000001,-213787,193065,-15,-15,0.0,MOVING,4.47730836766025,2.985689773702111,29.358719542728235,53,True,L
1486,0.09000000000000001,-214356,193713,-15,-15,0.0,MOVING,4.48697228296549,2.9911259405486352,30.417543072139996,54,True,L
1487,0.09000000000000001,-214356,193713,-15,-15,0.0,MOVING,4.49653409375112,2.996739757744619,31.476366601551756,54,True,L
1488,0.09000000000000001,-214356,193713,-15,-15,0.0,MOVING,4.505990534667516,3.0025293081766327,32.53519013096352,54,True,L
1489,0.09000000000000001,-214356,193713,-15,-15,0.0,MOVING,4.515338376348768,3.0084926147185076,33.59401366037528,54,True,L
1490,0.09000000000000001,-214356,193713,-15,-15,0.0,MOVING,4.524574426515505,3.014627640906523,34.65283718978704,54,True,L
1491,0.09000000000000001,-214356,193713,-15,-15,0.0,MOVING,4.533695531065057,3.0209322916348555,35.711660719198804,54,True,L
1492,0.09000000000000001,-214356,193713,-15,-15,0.0,MOVING,4.542698575148575,3.0274044138710576,36.770484248610565,54,True,L
1493,0.09000000000000001,-214356,193713,-15,-15,0.0,MOVING,4.551580484234752,3.0340417973913145,37.829307778022326,55,True,L
1494,0.09000000000000001,-214356,193713,-15,-15,0.0,MOVING,4.560338225159774,3.040842175535235,38.88813130743409,55,True,L
1495,0.09000000000000001,-214356,193713,-15,-15,0.0,MOVING,4.568968807163137,3.047803225979912,39.94695483684585,55,True,L
1496,0.09000000000000001,-214356,193713,-15,-15,0.0,MOVING,4.577469282908993,3.054922571532997,41.00577836625761,55,True,L
1497,0.09000000000000001,-214356,193713,-15,-15,0.0,MOVING,4.585836749492662,3.0621977809445045,42.06460189566938,55,True,L
1498,0.09000000000000001,-214356,193713,-15,-15,0.0,MOVING,4.594068349431972,3.069626369737086,43.12342542508114,55,True,L
1499,0.09000000000000001,-214356,193713,-15,-15,0.0,MOVING,4.602161271643085,3.0772058010544736,44.1822489544929,55,True,L
1500,0.09000000000000001,-214356,193713,-15,-15,0.0,MOVING,4.610112752400478,3.0849334865278166,45.24107248390466,56,True,L
1501,0.09000000000000001,-214356,193713,-15,-15,0.0,MOVING,4.617920076280758,3.0928067871596046,46.29989601331642,56,True,L
1502,0.09000000000000001,-214742,194164,-15,-15,0.0,MOVING,4.6255805770899725,3.100823014224885,47.35871954272818,56,True,L
1503,0.09000000000000001,-214742,194164,-15,-15,0.0,MOVING,4.633091638774112,3.108979430189459,48.41754307213994,56,True,L
1504,0.09000000000000001,-214742,194164,-15,-15,0.0,MOVING,4.640450696312493,3.117273249644746,49.4763666015517,56,True,L
1505,0.09000000000000001,-214742,194164,-15,-15,0.0,MOVING,4.6476552365937085,3.1257016402590008,50.535190130963464,56,True,L
1506,0.09000000000000001,-214742,194164,-15,-15,0.0,MOVING,4.654702799273851,3.1342617237445496,51.59401366037523,56,True,L
1507,0.09000000000000001,-214742,194164,-15,-15,0.0,MOVING,4.661590977616723,3.142950576840724,52.65283718978699,57,True,L
1508,0.09000000000000001,-214742,194164,-15,-15,0.0,MOVING,4.66831741931573,3.151765232312152,53.711660719198754,57,True,L
1509,0.09000000000000001,-214742,194164,-15,-15,0.0,MOVING,4.674879827297193,3.1607026799620646,54.770484248610515,57,True,L
1510,0.09000000000000001,-214742,194164,-15,-15,0.0,MOVING,4.6812759605048,3.1697598676602774,55.829307778022276,57,True,L
1511,0.09000000000000001,-214742,194164,-15,-15,0.0,MOVING,4.687503634664919,3.1789337023854887,56.88813130743404,57,True,L
1512,0.09000000000000001,-214742,194164,-15,-15,0.0,MOVING,4.6935607230325305,3.188221051281544,57.946954836845805,57,True,L
1513,0.09000000000000001,-214742,194164,-15,-15,0.0,MOVING,4.699445157117505,3.1976187427273035,59.005778366257566,57,True,L
1514,0.09000000000000001,-214742,194164,-15,-15,0.0,MOVING,4.705154927390993,3.207123567419748,60.06460189566933,58,True,L
1515,0.09000000000000001,-214742,194164,-15,-15,0.0,MOVING,4.710688083971677,3.216732279469952,61.12342542508109,58,True,L
1516,0.09000000000000001,-214742,194164,-15,-15,0.0,MOVING,4.716042737291654,3.2264415975115535,62.18224895449285,58,True,L
1517,0.09000000000000001,-214742,194164,-15,-15,0.0,MOVING,4.721217058741721,3.2362482058213353,63.24107248390462,58,True,L
1518,0.09000000000000001,-214742,194164,-15,-15,0.0,MOVING,4.7262092812958425,3.2461487554515442,64.29989601331637,58,True,L
1519,0.09000000000000001,-215304,194839,-15,-15,0.0,MOVING,4.73101770011459,3.256139865373551,65.35871954272814,58,True,L
1520,0.09000000000000001,-215304,194839,-15,-15,0.0,MOVING,4.7356406731273415,3.2662181236324708,66.41754307213989,58,True,L
1521,0.09000000000000001,-215304,194839,-15,-15,0.0,MOVING,4.740076621593049,3.27638008851234,67.47636660155166,59,True,L
1522,0.09000000000000001,-215304,194839,-15,-15,0.0,MOVING,4.744324030639374,3.2866222897114623,68.53519013096343,59,True,L
1523,0.09000000000000001,-215304,194839,-15,-15,0.0,MOVING,4.74838144978002,3.2969412295275107,69.59401366037518,59,True,L
1524,0.09000000000000001,-215304,194839,-15,-15,0.0,MOVING,4.752247493410065,3.307333384051992,70.65283718978695,59,True,L
1525,0.09000000000000001,-215304,194839,-15,-15,0.0,MOVING,4.755920841279154,3.317795204373655,71.7116607191987,59,True,L
1526,0.09000000000000001,-215304,194839,-15,-15,0.0,MOVING,4.759400238942352,3.3283231177904455,72.77048424861047,59,True,L
1527,0.09000000000000001,-215304,194839,-15,-15,0.0,MOVING,4.762684498188547,3.3389135290295755,73.82930777802223,59,True,L
1528,0.09000000000000001,-215304,194839,-15,-15,0.0,MOVING,4.765772497446214,3.3495628214753093,74.888131307434,60,True,L
1529,0.09000000000000001,-215304,194839,-15,-15,0.0,MOVING,4.768663182166436,3.360267358404032,75.94695483684575,60,True,L
1530,0.09000000000000001,-215304,194839,-15,-15,0.0,MOVING,4.771355565183028,3.371023484226189,77.00577836625752,60,True,L
1531,0.09000000000000001,-215304,194839,-15,-15,0.0,MOVING,4.773848727049658,3.381827525734666,78.06460189566928,60,True,L
1532,0.09000000000000001,-215304,194839,-15,-15,0.0,MOVING,4.776141816353831,3.3926757933591856,79.12342542508104,60,True,L
1533,0.09000000000000001,-215304,194839,-15,-15,0.0,MOVING,4.778234050007651,3.403564582426292,80.1822489544928,60,True,L
1534,0.09000000000000001,-215304,194839,-15,-15,0.0,MOVING,4.780124713515241,3.4144901744244938,81.24107248390456,60,True,L
1535,0.09000000000000001,-215928,195549,-15,-15,0.0,MOVING,4.781813161216747,3.425448838274133,82.29989601331633,61,True,L
1536,0.09000000000000001,-215928,195549,-15,-15,0.0,MOVING,4.783298816508825,3.436436831601544,83.35871954272808,61,True,L
1537,0.09000000000000001,-215928,195549,-15,-15,0.0,MOVING,4.784581172041554,3.447450402017072,84.41754307213985,61,True,L
1538,0.09000000000000001,-215928,195549,-15,-15,0.0,MOVING,4.785659789891693,3.4584857883965094,85.4763666015516,61,True,L
1539,0.09000000000000001,-215928,195549,-15,-15,0.0,MOVING,4.786534301712236,3.4695392221655172,86.53519013096337,61,True,L
1540,0.09000000000000001,-215928,195549,-15,-15,0.0,MOVING,4.787204408858196,3.4806069285865893,87.59401366037514,61,True,L
1541,0.09000000000000001,-215928,195549,-15,-15,0.0,MOVING,4.787669882488598,3.4916851280481223,88.6528371897869,61,True,L
1542,0.09000000000000001,-215928,195549,-15,-15,0.0,MOVING,4.787930563644623,3.5027700373551487,89.71166071919866,62,True,L
1543,0.09000000000000001,-215928,195549,-15,-15,0.0,MOVING,4.787986363303894,3.5138578710212953,90.77048424861042,62,True,L
1544,0.09000000000000001,-215928,195549,-15,-15,0.0,MOVING,4.787837262410879,3.524944842561523,91.82930777802218,62,True,L
1545,0.09000000000000001,-215928,195549,-15,-15,0.0,MOVING,4.787483311883398,3.5360271657852067,92.88813130743394,62,True,L
1546,0.09000000000000001,-215928,195549,-15,-15,0.0,MOVING,4.78692463259523,3.5471010560891187,93.9469548368457,62,True,L
1547,0.09000000000000001,-215928,195549,-15,-15,0.0,MOVING,4.786161415334841,3.5581627317498654,95.00577836625746,62,True,L
1548,0.09000000000000001,-215928,195549,-15,-15,0.0,MOVING,4.785193920740226,3.569208415215342,96.06460189566923,62,True,L
1549,0.09000000000000001,-215928,195549,-15,-15,0.0,MOVING,4.784022479209902,3.580234334394764,97.123425425081,62,True,L
1550,0.09000000000000001,-215928,195549,-15,-15,0.0,MOVING,4.78264749079008,3.591236723946832,98.18224895449275,63,True,L
1551,0.09000000000000001,-216559,196258,-15,-15,0.0,MOVING,4.781069425038044,3.6022118265655942,99.24107248390452,63,True,L
1552,0.09000000000000001,-216559,196258,-15,-15,0.0,MOVING,4.7792888208618045,3.6131558942635604,100.29989601331627,63,True,L
1553,0.09000000000000001,-216559,196258,-15,-15,0.0,MOVING,4.777306286336055,3.6240651896516374,101.35871954272804,63,True,L
1554,0.09000000000000001,-216559,196258,-15,-15,0.0,MOVING,4.77512249849452,3.6349359872154445,102.4175430721398,63,True,L
1555,0.09000000000000001,-216559,196258,-15,-15,0.0,MOVING,4.772738203098747,3.6457645745875724,103.47636660155156,63,True,L
1556,0.09000000000000001,-216559,196258,-15,-15,0.0,MOVING,4.77015421438343,3.6565472538153534,104.53519013096331,63,True,L
1557,0.09000000000000001,-216559,196258,-15,-15,0.0,MOVING,4.7673714147783475,3.6672803426237097,105.59401366037508,64,True,L
1558,0.09000000000000001,-216559,196258,-15,-15,0.0,MOVING,4.764390754607016,3.6779601756726454,106.65283718978685,64,True,L
1559,0.09000000000000001,-216559,196258,-15,-15,0.0,MOVING,4.761213251762152,3.688583105808959,107.7116607191986,64,True,L
1560,0.09000000000000001,-216559,196258,-15,-15,0.0,MOVING,4.757839991358067,3.6991455053117397,108.77048424861037,64,True,L
1561,0.09000000000000001,-216559,196258,-15,-15,0.0,MOVING,4.7542721253600995,3.709643767131234,109.82930777802213,64,True,L
1562,0.09000000000000001,-216559,196258,-15,-15,0.0,MOVING,4.750510872191217,3.720074306120648,110.8881313074339,64,True,L
1563,0.09000000000000001,-216559,196258,-15,-15,0.0,MOVING,4.746557516315933,3.730433560260472,111.94695483684565,64,True,L
1564,0.09000000000000001,-216559,196258,-15,-15,0.0,MOVING,4.742413407801656,3.740717991874908,113.00577836625742,65,True,L
1565,0.09000000000000001,-216559,196258,-15,-15,0.0,MOVING,4.738079961857649,3.750924088839981,114.06460189566917,65,True,L
1566,0.09000000000000001,-216559,196258,-15,-15,0.0,MOVING,4.73355865835173,3.7610483657829272,115.12342542508095,65,True,L
1567,0.09000000000000001,-216559,196258,-15,-15,0.0,MOVING,4.728851041304905,3.7710873652724457,116.1822489544927,65,True,L
1568,0.09000000000000001,-217196,196974,-15,-15,0.0,MOVING,4.7239587183640825,3.7810376589994075,117.24107248390447,65,True,L
1569,0.09000000000000001,-217196,196974,-15,-15,0.0,MOVING,4.7188833602530655,3.79089584894762,118.29989601331623,65,True,L
1570,0.09000000000000001,-217196,196974,-15,-15,0.0,MOVING,4.713626700201999,3.800658568554248,119.358719542728,65,True,L
1571,0.09000000000000001,-217196,196974,-15,-15,0.0,MOVING,4.708190533355475,3.8103224838594887,120.41754307213976,66,True,L
1572,0.09000000000000001,-217196,196974,-15,-15,0.0,MOVING,4.702576716159492,3.8198842946451186,121.47636660155152,66,True,L
1573,0.09000000000000001,-217196,196974,-15,-15,0.0,MOVING,4.6967871657274785,3.829340735561514,122.53519013096329,66,True,L
1574,0.09000000000000001,-217196,196974,-15,-15,0.0,MOVING,4.6908238591856035,3.8386885772427655,123.59401366037504,66,True,L
1575,0.09000000000000001,-217196,196974,-15,-15,0.0,MOVING,4.684688832997589,3.847924627409502,124.65283718978681,66,True,L
1576,0.09000000000000001,-217196,196974,-15,-15,0.0,MOVING,4.678384182269256,3.857045731959053,125.71166071919856,66,True,L
1577,0.09000000000000001,-217196,196974,-15,-15,0.0,MOVING,4.671912060033054,3.8660487760425712,126.77048424861033,66,True,L
1578,0.09000000000000001,-217196,196974,-15,-15,0.0,MOVING,4.665274676512797,3.8749306851287493,127.82930777802208,67,True,L
1579,0.09000000000000001,-217196,196974,-15,-15,0.0,MOVING,4.658474298368876,3.883688426053771,128.88813130743387,67,True,L
1580,0.09000000000000001,-217196,196974,-15,-15,0.0,MOVING,4.651513247924199,3.8923190080571337,129.9469548368456,67,True,L
1581,0.09000000000000001,-217196,196974,-15,-15,0.0,MOVING,4.644393902371115,3.9008194838029895,131.00577836625737,67,True,L
1582,0.09000000000000001,-217196,196974,-15,-15,0.0,MOVING,4.637118692959607,3.9091869503866588,132.06460189566914,67,True,L
1583,0.09000000000000001,-217196,196974,-15,-15,0.0,MOVING,4.629690104167026,3.9174185503259684,133.1234254250809,67,True,L
1584,0.09000000000000001,-217824,197661,-15,-15,0.0,MOVING,4.622110672849638,3.9255114725370808,134.18224895449265,67,True,L
1585,0.09000000000000001,-217824,197661,-15,-15,0.0,MOVING,4.614382987376295,3.933462953294474,135.24107248390442,68,True,L
1586,0.09000000000000001,-217824,197661,-15,-15,0.0,MOVING,4.6065096867445074,3.9412702771747545,136.2998960133162,68,True,L
1587,0.09000000000000001,-217824,197661,-15,-15,0.0,MOVING,4.598493459679227,3.948930777983969,137.35871954272795,68,True,L
1588,0.09000000000000001,-217824,197661,-15,-15,0.0,MOVING,4.590337043714653,3.956441839668109,138.41754307213972,68,True,L
1589,0.09000000000000001,-217824,197661,-15,-15,0.0,MOVING,4.582043224259366,3.9638008972064904,139.47636660155146,68,True,L
1590,0.09000000000000001,-217824,197661,-15,-15,0.0,MOVING,4.573614833645111,3.9710054374877055,140.53519013096323,68,True,L
1591,0.09000000000000001,-217824,197661,-15,-15,0.0,MOVING,4.565054750159562,3.9780530001678485,141.594013660375,68,True,L
1592,0.09000000000000001,-217824,197661,-15,-15,0.0,MOVING,4.556365897063388,3.98494117851072,142.65283718978677,69,True,L
1593,0.09000000000000001,-217824,197661,-15,-15,0.0,MOVING,4.54755124159196,3.9916676202097268,143.7116607191985,69,True,L
1594,0.09000000000000001,-217824,197661,-15,-15,0.0,MOVING,4.538613793942048,3.9982300281911907,144.77048424861027,69,True,L
1595,0.09000000000000001,-217824,197661,-15,-15,0.0,MOVING,4.529556606243835,4.0046261613987975,145.82930777802204,69,True,L
1596,0.09000000000000001,-217824,197661,-15,-15,0.0,MOVING,4.520382771518624,4.010853835558917,146.8881313074338,69,True,L
1597,0.09000000000000001,-217824,197661,-15,-15,0.0,MOVING,4.511095422622568,4.016910923926528,147.94695483684555,69,True,L
1598,0.09000000000000001,-217824,197661,-15,-15,0.0,MOVING,4.501697731176809,4.022795358011503,149.00577836625732,69,True,L
1599,0.09000000000000001,-217824,197661,-15,-15,0.0,MOVING,4.492192906484364,4.028505128284991,150.06460189566909,70,True,L
1600,0.09000000000000001,-218442,198326,-15,-15,0.0,MOVING,4.4825841944341605,4.034038284865675,151.12342542508085,70,True,L
1601,0.09000000000000001,-218442,198326,-15,-15,0.0,MOVING,4.472874876392559,4.039392938185652,152.18224895449262,70,True,L
1602,0.09000000000000001,-218442,198326,-15,-15,0.0,MOVING,4.463068268082777,4.044567259635719,153.24107248390436,70,True,L
1603,0.09000000000000001,-218442,198326,-15,-15,0.0,MOVING,4.453167718452568,4.04955948218984,154.29989601331613,70,True,L
1604,0.09000000000000001,-218442,198326,-15,-15,0.0,MOVING,4.443176608530561,4.054367901008588,155.3587195427279,70,True,L
1605,0.09000000000000001,-218442,198326,-15,-15,0.0,MOVING,4.433098350271642,4.058990874021339,156.41754307213967,70,True,L
1606,0.09000000000000001,-218442,198326,-15,-15,0.0,MOVING,4.422936385391773,4.063426822487047,157.4763666015514,71,True,L
1607,0.09000000000000001,-218442,198326,-15,-15,0.0,MOVING,4.412694184192651,4.067674231533372,158.53519013096317,71,True,L
1608,0.09000000000000001,-218442,198326,-15,-15,0.0,MOVING,4.402375244376602,4.0717316506740175,159.59401366037494,71,True,L
1609,0.09000000000000001,-218442,198326,-15,-15,0.0,MOVING,4.391983089852121,4.075597694304063,160.6528371897867,71,True,L
1610,0.09000000000000001,-218442,198326,-15,-15,0.0,MOVING,4.381521269530458,4.0792710421731515,161.71166071919848,71,True,L
1611,0.09000000000000001,-218442,198326,-15,-15,0.0,MOVING,4.370993356113668,4.08275043983635,162.77048424861022,71,True,L
1612,0.09000000000000001,-218442,198326,-15,-15,0.0,MOVING,4.360402944874537,4.086034699082545,163.82930777802198,71,True,L
1613,0.09000000000000001,-218442,198326,-15,-15,0.0,MOVING,4.349753652428804,4.089122698340212,164.88813130743375,72,True,L
1614,0.09000000000000001,-218442,198326,-15,-15,0.0,MOVING,4.339049115500082,4.092013383060434,165.94695483684552,72,True,L
1615,0.09000000000000001,-219092,199022,-15,-15,0.0,MOVING,4.328292989677925,4.094705766077026,167.00577836625726,72,True,L
1616,0.09000000000000001,-219092,199022,-15,-15,0.0,MOVING,4.317488948169448,4.097198927943656,168.06460189566903,72,True,L
1617,0.09000000000000001,-219092,199022,-15,-15,0.0,MOVING,4.306640680544929,4.099492017247829,169.1234254250808,72,True,L
1618,0.09000000000000001,-219092,199022,-15,-15,0.0,MOVING,4.295751891477822,4.101584250901649,170.18224895449256,72,True,L
1619,0.09000000000000001,-219092,199022,-15,-15,0.0,MOVING,4.2848262994796205,4.103474914409239,171.24107248390433,72,True,L
1620,0.09000000000000001,-219092,199022,-15,-15,0.0,MOVING,4.273867635629982,4.105163362110745,172.29989601331607,73,True,L
1621,0.09000000000000001,-219092,199022,-15,-15,0.0,MOVING,4.26287964230257,4.106649017402823,173.35871954272784,73,True,L
1622,0.09000000000000001,-219092,199022,-15,-15,0.0,MOVING,4.251866071887043,4.1079313729355516,174.4175430721396,73,True,L
1623,0.09000000000000001,-219092,199022,-15,-15,0.0,MOVING,4.240830685507605,4.109009990785691,175.47636660155138,73,True,L
1624,0.09000000000000001,-219092,199022,-15,-15,0.0,MOVING,4.229777251738597,4.109884502606234,176.53519013096312,73,True,L
1625,0.09000000000000001,-219092,199022,-15,-15,0.0,MOVING,4.218709545317525,4.110554609752194,177.59401366037488,73,True,L
1626,0.09000000000000001,-219092,199022,-15,-15,0.0,MOVING,4.207631345855992,4.111020083382596,178.65283718978665,73,True,L
1627,0.09000000000000001,-219092,199022,-15,-15,0.0,MOVING,4.1965464365489655,4.111280764538621,179.71166071919842,74,True,L
1628,0.09000000000000001,-219092,199022,-15,-15,0.0,MOVING,4.185458602882819,4.111336564197892,180.7704842486102,74,True,L
1629,0.09000000000000001,-219092,199022,-15,-15,0.0,MOVING,4.174371631342591,4.111187463304877,181.82930777802193,74,True,L
1630,0.09000000000000001,-219092,199022,-15,-15,0.0,MOVING,4.163289308118907,4.110833512777396,182.8881313074337,74,True,L
1631,0.09000000000000001,-219695,199731,-15,-15,0.0,MOVING,4.152215417814995,4.110274833489228,183.94695483684546,74,True,L
1632,0.09000000000000001,-219695,199731,-15,-15,0.0,MOVING,4.141153742154248,4.109511616228839,185.00577836625723,74,True,L
1633,0.09000000000000001,-219695,199731,-15,-15,0.0,MOVING,4.130108058688772,4.108544121634224,186.06460189566897,74,True,L
1634,0.09000000000000001,-219695,199731,-15,-15,0.0,MOVING,4.11908213950935,4.1073726801039,187.12342542508074,74,True,L
1635,0.04251522434623756,-219695,199731,-13,-15,0.0,MOVING,4.11486343321427,4.106845460787141,-173.99312985429356,75,False,L
1636,0.07951123289972091,-219695,199731,-10,-15,0.0,MOVING,4.1069559667231355,4.106013393924492,-175.46338024102343,75,False,L
1637,0.11468604479697986,-219695,199731,-8,-15,0.0,MOVING,4.095523293563207,4.105106270377237,-176.92252786559757,75,False,L
1638,0.1475542179649983,-219695,199731,-5,-15,0.0,MOVING,4.080789151207614,4.104314107870081,-178.10602382991578,75,False,L
1639,0.17717164745346178,-219695,199731,-3,-15,0.0,MOVING,4.06308166541652,4.103728553797476,-178.79445777939983,75,False,L
1640,0.19920411458466802,-219695,199731,-1,-15,0.0,MOVING,4.043165663280624,4.103309445699672,-178.84119411707357,75,False,L
1641,0.19922109605165228,-219695,199731,-1,-15,0.0,MOVING,4.023247628103417,4.102906548939007,-178.88710182231523,75,False,L
1642,0.1992383520308548,-219695,199731,-1,-15,0.0,MOVING,4.003327551230141,4.102519577929134,-178.93216425217088,75,False,L
1643,0.19925584045431946,-219695,199731,-1,-15,0.0,MOVING,3.9834054276312134,4.102148241342441,-178.97636659479593,75,False,L
1644,0.19927352105119922,-219695,199731,-1,-15,0.0,MOVING,3.9634812557059527,4.101792242727166,-179.0196958003164,75,False,L
1645,0.19929135532701012,-219695,199731,-1,-15,0.0,MOVING,3.9435550370920014,4.101451281102076,-179.0621405129151,75,False,L
1646,0.19930930654023188,-219695,199731,-1,-15,0.0,MOVING,3.923626776480468,4.1011250515290865,-179.10369100415102,75,False,L
1647,0.19932733967650618,-220265,199607,-1,-1,0.0,MOVING,3.903696481436797,4.100813245664214,-179.1443391075208,75,False,L
1648,0.19934542142066689,-220265,199607,-1,-1,0.0,MOVING,3.883764162227354,4.100515552287229,-179.18407815426983,75,False,L
1649,0.1993635201268215,-220265,199607,-1,-1,0.0,MOVING,3.8638298316516964,4.1002316578104,-179.2229029104605,75,False,L
1650,0.1993816057866875,-220265,199607,-1,-1,0.0,MOVING,3.8438935048804925,4.099961246766695,-179.26080951530412,75,False,L
1651,0.19939964999637472,-220265,199607,-1,-1,0.0,MOVING,3.8239551992990317,4.099704002277824,-179.29779542076193,75,False,L
1652,0.19941762592179274,-220265,199607,-1,-1,0.0,MOVING,3.804014934356262,4.099459606502507,-179.3338593324212,75,False,L
1653,0.19943550826285156,-220265,199607,-1,-1,0.0,MOVING,3.784072731419283,4.099227741065328,-179.3690011516498,75,False,L
1654,0.19945327321661122,-220265,199607,-1,-1,0.0,MOVING,3.76412861363321,4.0990080874665695,-179.40322191903314,75,False,L
1655,0.19947089843952928,-220265,199607,-1,-1,0.0,MOVING,3.7441826057863254,4.098800327473408,-179.43652375909662,75,False,L
1656,0.1994883630089443,-220265,199607,-1,-1,0.0,MOVING,3.724234734180421,4.098604143492844,-179.46890982631447,75,False,L
1657,0.19950564738392423,-220265,199607,-1,-1,0.0,MOVING,3.7042850265062306,4.09841921892675,-179.50038425240655,75,False,L
1658,0.19952273336560244,-220265,199607,-1,-1,0.0,MOVING,3.684333511723859,4.09824523850943,-179.5309520949229,75,False,L
1659,0.19953960405711518,-220265,199607,-1,-1,0.0,MOVING,3.6643802199480904,4.098081888628064,-179.56061928711523,75,False,L
1660,0.1995562438232475,-220265,199607,-1,-1,0.0,MOVING,3.64442518233848,4.0979288576264326,-179.5893925890934,75,False,L
1661,0.19957263824988788,-220265,199607,-1,-1,0.0,MOVING,3.624468430994111,4.097785836092304,-179.6172795402641,75,False,L
1662,0.19958877410338505,-220265,199607,-1,-1,0.0,MOVING,3.6045099988529103,4.097652517128872,-179.644288413048,75,False,L
1663,0.19960463928989447,-220265,199607,-1,-1,0.0,MOVING,3.5845499195954114,4.097528596610641,-179.67042816787094,75,False,L
1664,0.19962022281479652,-221309,200536,-1,-1,0.0,MOVING,3.564588227552848,4.097413773424134,-179.695708409423,75,False,L
1665,0.1996355147422613,-221309,200536,-1,-1,0.0,MOVING,3.544624957619476,4.097307749693828,-179.7201393441797,75,False,L
1666,0.19965050615503163,-221309,200536,-1,-1,0.0,MOVING,3.524660145168999,4.0972102309936975,-179.74373173917695,75,False,L
1667,0.19966518911448805,-221309,200536,-1,-1,0.0,MOVING,3.504693825975,4.097120926544763,-179.7664968820323,75,False,L
1668,0.19967955662105719,-221309,200536,-1,-1,0.0,MOVING,3.484726036135261,4.097039549399021,-179.78844654220245,75,False,L
1669,0.19969360257501756,-221309,200536,-1,-1,0.0,APPROACHING,3.4647568119998637,4.096965816610161,-179.80959293346734,75,False,L
1670,0.1879794968168962,-221309,200536,-1,-1,0.0,APPROACHING,3.445958966119033,4.0969033468105005,-179.8287532852848,75,False,L
1671,0.18173439742562075,-221309,200536,-1,-1,0.0,APPROACHING,3.427785607548434,4.096849029769281,-179.8466098544866,75,False,L
1672,0.17569576979324064,-221309,200536,-1,-1,0.0,APPROACHING,3.410216093531427,4.09680199320266,-179.86325964580564,75,False,L
1673,0.16985687704736024,-221309,200536,-1,-1,0.0,APPROACHING,3.3932304541994736,4.096761455718609,-179.87879215888015,75,False,L
1674,0.16421119462487252,-221309,200536,-1,-1,0.0,APPROACHING,3.376809371481184,4.096726717261935,-179.89328995010342,75,False,L
1675,0.1587524040974407,-221309,200536,-1,-1,0.0,APPROACHING,3.3609341586045693,4.096697150569042,-179.90682916063236,75,False,L
1676,0.15347438717204534,-221309,200536,-1,-1,0.0,APPROACHING,3.3455867401791646,4.096672193528064,-179.91948001052882,75,False,L
1677,0.14837121985191945,-221309,200536,-1,-1,0.0,APPROACHING,3.3307496328454613,4.096651342349793,-179.93130725960486,75,False,L
1678,0.14343716674698606,-221309,200536,-1,-1,0.0,APPROACHING,3.3164059264795616,4.096634145464121,-179.9423706359703,75,False,L
1679,0.13866667552576092,-222373,201515,-1,-1,0.0,APPROACHING,3.3025392659412875,4.096620198065127,-179.95272523357747,75,False,L
1680,0.13405437150279845,-222373,201515,-1,-1,0.0,APPROACHING,3.289133833354155,4.096609137235803,-179.9624218802533,75,False,L
1681,0.12959505235730423,-222373,201515,-1,-1,0.0,APPROACHING,3.2761743309057216,4.096600637590474,-179.9715074778238,75,False,L
1682,0.12528368297965015,-222373,201515,-1,-1,0.0,APPROACHING,3.2636459641568623,4.096594407379455,-179.9800253159951,75,False,L
1683,0.1211153904433031,-222373,201515,-1,-1,0.0,APPROACHING,3.251534425848542,4.096590185006318,-179.988015361666,75,False,L
1684,0.1170854591002065,-222373,201515,-1,-1,0.0,APPROACHING,3.239825880194662,4.096587735913412,-179.99551452532742,75,False,L
1685,0.11318932579798753,-222373,201515,-1,-1,0.0,APPROACHING,3.2285069476495485,4.0965868497960445,179.99744309383965,75,False,L
1686,0.1094225752175633,-222373,201515,-1,-1,0.0,APPROACHING,3.217564690138688,4.096587338109947,179.99082598261865,75,False,L
1687,0.10578093532981324,-222373,201515,-1,-1,0.0,APPROACHING,3.206986596741304,4.09658903184052,179.9846050066845,75,False,L
1688,0.10226027297000777,-222373,201515,-1,-1,0.0,APPROACHING,3.196760569813443,4.096591779505729,179.97875322040537,75,False,L
1689,0.09885658952865799,-222373,201515,-1,-1,0.0,APPROACHING,3.186874911540276,4.096595445367576,179.97324569220052,75,False,L
1690,0.09556601675739304,-222373,201515,-1,-1,0.0,APPROACHING,3.177318310906412,4.096599907829831,179.9680593442219,75,False,L
1691,0.0923848126883902,-222373,201515,-1,-1,0.0,APPROACHING,3.168079831073105,4.096605058002101,179.96317280520813,75,False,L
1692,0.0893093576657966,-222373,201515,-1,-1,0.0,APPROACHING,3.1591488971513666,4.0966107984125,179.95856627544188,75,False,L
1693,0.08633615048748579,-222373,201515,-1,-1,0.0,APPROACHING,3.1505152843601056,4.096617041853111,179.954221402819,75,False,L
1694,0.08346180465540319,-222373,201515,-1,-1,0.0,APPROACHING,3.142169106558585,4.096623710344161,179.9501211691129,75,False,L
1695,0.08068304473266727,-223276,202246,-1,-1,0.0,APPROACHING,3.1341008051426287,4.0966307342043295,179.9462497855878,75,False,L
1696,0.07799670280551438,-223276,202246,-1,-1,0.0,APPROACHING,3.1263011382941883,4.0966380512160185,179.94259259718237,75,False,L
1697,0.075399715048104,-223276,202246,-1,-1,0.0,APPROACHING,3.118761170574067,4.096645605875588,179.93913599454598,75,False,L
1698,0.07288911838814244,-223276,202246,-1,-1,0.0,APPROACHING,3.111472262847777,4.096653348719655,179.93586733326984,75,False,L
1699,0.07046204727122897,-223276,202246,-1,-1,0.0,APPROACHING,3.104426062534717,4.096661235719517,179.932774859708,75,False,L
1700,0.06811573052178971,-223276,202246,-1,-1,0.0,APPROACHING,3.0976144941710557,4.096669227736606,179.92984764283432,75,False,L
1701,0.0658474882984312,-223276,202246,-1,-1,0.0,APPROACHING,3.091029750276909,4.096677290032647,179.92707551162755,75,False,L
1702,0.06365472914152195,-223276,202246,-1,-1,0.0,APPROACHING,3.0846642825186286,4.096685391828872,179.92444899751945,75,False,L
1703,0.06153494711079829,-223276,202246,-1,-1,0.0,APPROACHING,3.0785107931572187,4.0966935059092355,179.92195928148013,75,False,L
1704,0.05948571901078052,-223276,202246,-1,-1,0.0,APPROACHING,3.0725622267741177,4.096701608263121,179.9195981453516,75,False,L
1705,0.05750470170178819,-223276,202246,-1,-1,0.0,APPROACHING,3.066811762265812,4.09670967776351,179.91735792707294,75,False,L
1706,0.05558962949435,-223276,202246,-1,-1,0.0,APPROACHING,3.0612528050989467,4.0967176958769915,179.91523147947134,75,False,L
1707,0.0537383116248138,-223276,202246,-1,-1,0.0,APPROACHING,3.0558789798178267,4.096725646402404,179.91321213232155,75,False,L
1708,0.05194862980998225,-223276,202246,-1,-1,0.0,APPROACHING,3.050684122796424,4.0967335152351945,179.91129365740116,75,False,L
1709,0.050218535878621934,-223276,202246,-1,-1,0.0,APPROACHING,3.0456622752271976,4.09674129015493,179.9094702362929,75,False,L
1710,0.0485460494777165,-223276,202246,-1,-1,0.0,APPROACHING,3.040807676339268,4.096748960633623,179.9077364307062,75,False,L
1711,0.046929255851368125,-223276,202246,-1,-1,0.0,APPROACHING,3.0361147568386864,4.096756517662805,179.90608715511038,75,False,L
1712,0.045366303690281266,-223748,202672,-1,-1,0.0,APPROACHING,3.0315781325637365,4.096763953597477,179.90451765148887,75,False,L
1713,0.04385540304979818,-223748,202672,-1,-1,0.0,APPROACHING,3.027192598348429,4.096771262015261,179.9030234660406,75,False,L
1714,0.042394823334492876,-223748,202672,-1,-1,0.0,APPROACHING,3.022953122087525,4.096778437589268,179.90160042766962,75,False,L
1715,0.04098289134736933,-223748,202672,-1,-1,0.0,APPROACHING,3.018854838996638,4.096785475973305,179.90024462811724,75,False,L
1716,0.0,-223748,202672,0,-1,0.0,STOPPING,3.018854838996638,4.096785475973305,179.90024462811724,75,False,L
1717,0.0,-223748,202672,0,-1,0.0,STOPPING,3.018854838996638,4.096785475973305,179.90024462811724,75,False,L
1718,0.0,-223748,202672,0,-1,0.0,STOPPING,3.018854838996638,4.096785475973305,179.90024462811724,75,False,L
1719,0.0,-223748,202672,0,-1,0.0,STEPPER_DOWN,3.018854838996638,4.096785475973305,179.90024462811724,75,False,L
1720,0.0,-223748,202672,0,-1,0.045454545454545456,STEPPER_DOWN,3.018854838996638,4.096785475973305,179.90024462811724,75,False,L
1721,0.0,-223748,202672,0,-1,0.09090909090909091,STEPPER_DOWN,3.018854838996638,4.096785475973305,179.90024462811724,75,False,L
1722,0.0,-223748,202672,0,-1,0.13636363636363638,STEPPER_DOWN,3.018854838996638,4.096785475973305,179.90024462811724,75,False,L
1723,0.0,-223748,202672,0,-1,0.18181818181818182,STEPPER_DOWN,3.018854838996638,4.096785475973305,179.90024462811724,75,False,L
1724,0.0,-223748,202672,0,-1,0.22727272727272727,STEPPER_DOWN,3.018854838996638,4.096785475973305,179.90024462811724,75,False,L
1725,0.0,-223748,202672,0,-1,0.2727272727272727,STEPPER_DOWN,3.018854838996638,4.096785475973305,179.90024462811724,75,False,L
1726,0.0,-223748,202672,0,-1,0.3181818181818181,STEPPER_DOWN,3.018854838996638,4.096785475973305,179.90024462811724,75,False,L
1727,0.0,-223748,202672,0,-1,0.3636363636363636,STEPPER_DOWN,3.018854838996638,4.096785475973305,179.90024462811724,75,False,L
1728,0.0,-223748,202672,0,-1,0.409090909090909,STEPPER_DOWN,3.018854838996638,4.096785475973305,179.90024462811724,75,False,L
1729,0.0,-222505,202466,0,0,0.4545454545454545,STEPPER_DOWN,3.018854838996638,4.096785475973305,179.90024462811724,75,False,L
1730,0.0,-222505,202466,0,0,0.4999999999999999,STEPPER_DOWN,3.018854838996638,4.096785475973305,179.90024462811724,75,False,L
1731,0.0,-222505,202466,0,0,0.5454545454545454,STEPPER_DOWN,3.018854838996638,4.096785475973305,179.90024462811724,75,False,L
1732,0.0,-222505,202466,0,0,0.5909090909090908,STEPPER_DOWN,3.018854838996638,4.096785475973305,179.90024462811724,75,False,L
1733,0.0,-222505,202466,0,0,0.6363636363636364,STEPPER_DOWN,3.018854838996638,4.096785475973305,179.90024462811724,75,False,L
1734,0.0,-222505,202466,0,0,0.6818181818181819,STEPPER_DOWN,3.018854838996638,4.096785475973305,179.90024462811724,75,False,L
1735,0.0,-222505,202466,0,0,0.7272727272727274,STEPPER_DOWN,3.018854838996638,4.096785475973305,179.90024462811724,75,False,L
1736,0.0,-222505,202466,0,0,0.7727272727272728,STEPPER_DOWN,3.018854838996638,4.096785475973305,179.90024462811724,75,False,L
1737,0.0,-222505,202466,0,0,0.8181818181818183,STEPPER_DOWN,3.018854838996638,4.096785475973305,179.90024462811724,75,False,L
1738,0.0,-222505,202466,0,0,0.8636363636363639,STEPPER_DOWN,3.018854838996638,4.096785475973305,179.90024462811724,75,False,L
