TimeStep,Vel,Enc1,Enc2,SteerDegCmd,SteerDegMega,Stepper,State
0,0.2,40412,-121885,0,0,0.0,MOVING
1,0.2,40412,-121885,0,0,0.0,MOVING
2,0.2,40412,-121885,0,0,0.0,MOVING
3,0.2,41033,-122866,0,0,0.0,MOVING
4,0.2,41033,-122866,0,0,0.0,MOVING
5,0.2,41033,-122866,0,0,0.0,MOVING
6,0.2,41033,-122866,0,0,0.0,MOVING
7,0.2,41033,-122866,0,0,0.0,MOVING
8,0.2,41033,-122866,0,0,0.0,MOVING
9,0.2,41033,-122866,0,0,0.0,MOVING
10,0.2,41033,-122866,0,0,0.0,MOVING
11,0.2,41033,-122866,0,0,0.0,MOVING
12,0.2,41033,-122866,0,0,0.0,MOVING
13,0.2,41033,-122866,0,0,0.0,MOVING
14,0.2,41033,-122866,0,0,0.0,MOVING
15,0.2,41033,-122866,0,0,0.0,MOVING
16,0.2,41033,-122866,0,0,0.0,MOVING
17,0.2,41033,-122866,0,0,0.0,MOVING
18,0.2,41033,-122866,0,0,0.0,MOVING
19,0.2,42043,-123977,0,0,0.0,MOVING
20,0.2,42043,-123977,0,0,0.0,MOVING
21,0.2,42043,-123977,0,0,0.0,MOVING
22,0.2,42043,-123977,0,0,0.0,MOVING
23,0.2,42043,-123977,0,0,0.0,MOVING
24,0.2,42043,-123977,0,0,0.0,MOVING
25,0.2,42043,-123977,0,0,0.0,MOVING
26,0.2,42043,-123977,0,0,0.0,MOVING
27,0.2,42043,-123977,0,0,0.0,MOVING
28,0.2,42043,-123977,0,0,0.0,MOVING
29,0.2,42043,-123977,0,0,0.0,MOVING
30,0.2,42043,-123977,0,0,0.0,MOVING
31,0.2,42043,-123977,0,0,0.0,MOVING
32,0.2,42043,-123977,0,0,0.0,MOVING
33,0.2,42043,-123977,0,0,0.0,MOVING
34,0.2,43047,-125103,0,0,0.0,MOVING
35,0.2,43047,-125103,0,0,0.0,MOVING
36,0.2,43047,-125103,0,0,0.0,MOVING
37,0.2,43047,-125103,0,0,0.0,MOVING
38,0.2,43047,-125103,0,0,0.0,MOVING
39,0.2,43047,-125103,0,0,0.0,MOVING
40,0.2,43047,-125103,0,0,0.0,MOVING
41,0.2,43047,-125103,0,0,0.0,MOVING
42,0.2,43047,-125103,0,0,0.0,MOVING
43,0.2,43047,-125103,0,0,0.0,APPROACHING
44,0.19333333333333308,43047,-125103,0,0,0.0,APPROACHING
45,0.18688888888888866,43047,-125103,0,0,0.0,APPROACHING
46,0.18065925925925902,43047,-125103,0,0,0.0,APPROACHING
47,0.17463728395061706,43047,-125103,0,0,0.0,APPROACHING
48,0.16881604115226317,43047,-125103,0,0,0.0,APPROACHING
49,0.16318883978052112,43047,-125103,0,0,0.0,APPROACHING
50,0.15774921178783707,44055,-126175,0,0,0.0,APPROACHING
51,0.1524909047282425,44055,-126175,0,0,0.0,APPROACHING
52,0.14740787457063442,44055,-126175,0,0,0.0,APPROACHING
53,0.14249427875161325,44055,-126175,0,0,0.0,APPROACHING
54,0.13774446945989283,44055,-126175,0,0,0.0,APPROACHING
55,0.13315298714456308,44055,-126175,0,0,0.0,APPROACHING
56,0.12871455423974432,44055,-126175,0,0,0.0,APPROACHING
57,0.12442406909841952,44055,-126175,0,0,0.0,APPROACHING
58,0.12027660012847224,44055,-126175,0,0,0.0,APPROACHING
59,0.1162673801241898,44055,-126175,0,0,0.0,APPROACHING
60,0.11239180078671679,44055,-126175,0,0,0.0,APPROACHING
61,0.10864540742715954,44055,-126175,0,0,0.0,APPROACHING
62,0.10502389384625421,44055,-126175,0,0,0.0,APPROACHING
63,0.10152309738471242,44055,-126175,0,0,0.0,APPROACHING
64,0.09813899413855531,44055,-126175,0,0,0.0,APPROACHING
65,0.09486769433393683,44055,-126175,0,0,0.0,APPROACHING
66,0.09170543785613891,44911,-127187,0,0,0.0,APPROACHING
67,0.08864858992760091,44911,-127187,0,0,0.0,APPROACHING
68,0.08569363693001425,44911,-127187,0,0,0.0,APPROACHING
69,0.08283718236568047,44911,-127187,0,0,0.0,APPROACHING
70,0.08007594295349113,44911,-127187,0,0,0.0,APPROACHING
71,0.07740674485504145,44911,-127187,0,0,0.0,APPROACHING
72,0.07482652002654004,44911,-127187,0,0,0.0,APPROACHING
73,0.07233230269232202,44911,-127187,0,0,0.0,APPROACHING
74,0.0699212259359113,44911,-127187,0,0,0.0,APPROACHING
75,0.06759051840471424,44911,-127187,0,0,0.0,APPROACHING
76,0.06533750112455709,44911,-127187,0,0,0.0,APPROACHING
77,0.06315958442040523,44911,-127187,0,0,0.0,APPROACHING
78,0.06105426493972507,44911,-127187,0,0,0.0,APPROACHING
79,0.05901912277506754,44911,-127187,0,0,0.0,APPROACHING
80,0.05705181868256526,44911,-127187,0,0,0.0,APPROACHING
81,0.055150091393146417,45588,-127907,0,0,0.0,APPROACHING
82,0.0533117550133749,45588,-127907,0,0,0.0,APPROACHING
83,0.05153469651292908,45588,-127907,0,0,0.0,APPROACHING
84,0.04981687329583144,45588,-127907,0,0,0.0,APPROACHING
85,0.04815631085263705,45588,-127907,0,0,0.0,APPROACHING
86,0.04655110049088251,45588,-127907,0,0,0.0,APPROACHING
87,0.04499939714118639,45588,-127907,0,0,0.0,APPROACHING
88,0.04349941723648021,45588,-127907,0,0,0.0,APPROACHING
89,0.04204943666193084,45588,-127907,0,0,0.0,APPROACHING
90,0.04064778877319983,45588,-127907,0,0,0.0,APPROACHING
91,0.0,45588,-127907,0,0,0.0,STOPPING
92,0.0,45588,-127907,0,0,0.0,STOPPING
93,0.0,45588,-127907,0,0,0.0,STOPPING
94,0.0,45588,-127907,0,0,0.0,STEPPER_DOWN
95,0.0,45588,-127907,0,0,0.2,STEPPER_DOWN
96,0.0,45588,-127907,0,0,0.4,STEPPER_DOWN
97,0.0,45743,-130484,0,0,0.6000000000000001,STEPPER_DOWN
98,0.0,45743,-130484,0,0,0.8,STEPPER_DOWN
99,0.0,45743,-130484,0,0,1.0,BENIH_BUKA
100,0.0,45743,-130484,0,0,1.0,BENIH_BUKA
101,0.0,45743,-130484,0,0,1.0,BENIH_BUKA
102,0.0,45743,-130484,0,0,1.0,BENIH_BUKA
103,0.0,45743,-130484,0,0,1.0,BENIH_BUKA
104,0.0,45743,-130484,0,0,1.0,BENIH_DORONG
105,0.0,45743,-130484,0,0,1.0,HOLDING
106,0.0,45743,-130484,0,0,1.0,HOLDING
107,0.0,45743,-130484,0,0,1.0,STEPPER_UP
108,0.0,45743,-130484,0,0,0.75,STEPPER_UP
109,0.0,45743,-130484,0,0,0.5,STEPPER_UP
110,0.0,45743,-130484,0,0,0.2499999999999999,STEPPER_UP
111,0.0,45743,-130484,0,0,0.0,WAITING
112,0.0,45743,-148047,0,0,0.0,WAITING
113,0.0,45743,-148047,0,0,0.0,MOVING
114,0.2,45743,-148047,0,0,0.0,MOVING
115,0.2,45743,-148047,0,0,0.0,MOVING
116,0.2,45743,-148047,0,0,0.0,MOVING
117,0.2,45743,-148047,0,0,0.0,MOVING
118,0.2,45743,-148047,0,0,0.0,MOVING
119,0.2,45743,-148047,0,0,0.0,MOVING
120,0.2,45743,-148047,0,0,0.0,MOVING
121,0.2,45743,-148047,0,0,0.0,MOVING
122,0.2,45743,-148047,0,0,0.0,MOVING
123,0.2,45743,-148047,0,0,0.0,MOVING
124,0.2,45743,-148047,0,0,0.0,MOVING
125,0.2,45743,-148047,0,0,0.0,MOVING
126,0.2,45743,-148047,0,0,0.0,MOVING
127,0.2,45743,-148047,0,0,0.0,MOVING
128,0.2,46442,-154174,0,0,0.0,MOVING
129,0.2,46442,-154174,0,0,0.0,MOVING
130,0.2,46442,-154174,0,0,0.0,APPROACHING
131,0.19262619581409313,46442,-154174,0,0,0.0,APPROACHING
132,0.1862053226202901,46442,-154174,0,0,0.0,APPROACHING
133,0.1799984785329471,46442,-154174,0,0,0.0,APPROACHING
134,0.1739985292485155,46442,-154174,0,0,0.0,APPROACHING
135,0.16819857827356505,46442,-154174,0,0,0.0,APPROACHING
136,0.1625919589977795,46442,-154174,0,0,0.0,APPROACHING
137,0.15717222703118683,46442,-154174,0,0,0.0,APPROACHING
138,0.15193315279681396,46442,-154174,0,0,0.0,APPROACHING
139,0.14686871437025348,46442,-154174,0,0,0.0,APPROACHING
140,0.14197309055791169,46442,-154174,0,0,0.0,APPROACHING
141,0.13724065420598136,46442,-154174,0,0,0.0,APPROACHING
142,0.13266596573244865,46442,-154174,0,0,0.0,APPROACHING
143,0.12824376687470038,47421,-155231,0,0,0.0,APPROACHING
144,0.12396897464554378,47421,-155231,0,0,0.0,APPROACHING
145,0.11983667549069227,47421,-155231,0,0,0.0,APPROACHING
146,0.11584211964100254,47421,-155231,0,0,0.0,APPROACHING
147,0.11198071565296917,47421,-155231,0,0,0.0,APPROACHING
148,0.10824802513120346,47421,-155231,0,0,0.0,APPROACHING
149,0.10463975762683003,47421,-155231,0,0,0.0,APPROACHING
150,0.10115176570593563,47421,-155231,0,0,0.0,APPROACHING
151,0.09778004018240444,47421,-155231,0,0,0.0,APPROACHING
152,0.09452070550965769,47421,-155231,0,0,0.0,APPROACHING
153,0.09137001532600236,47421,-155231,0,0,0.0,APPROACHING
154,0.08832434814846896,47421,-155231,0,0,0.0,APPROACHING
155,0.08538020321018669,47421,-155231,0,0,0.0,APPROACHING
156,0.08253419643651377,47421,-155231,0,0,0.0,APPROACHING
157,0.07978305655529669,47421,-155231,0,0,0.0,APPROACHING
158,0.07712362133678674,47421,-155231,0,0,0.0,APPROACHING
159,0.07455283395889382,48226,-156090,0,0,0.0,APPROACHING
160,0.07206773949359743,48226,-156090,0,0,0.0,APPROACHING
161,0.06966548151047751,48226,-156090,0,0,0.0,APPROACHING
162,0.06734329879346154,48226,-156090,0,0,0.0,APPROACHING
163,0.06509852216701277,48226,-156090,0,0,0.0,APPROACHING
164,0.06292857142811241,48226,-156090,0,0,0.0,APPROACHING
165,0.0608309523805087,48226,-156090,0,0,0.0,APPROACHING
166,0.058803253967825014,48226,-156090,0,0,0.0,APPROACHING
167,0.05684314550223091,48226,-156090,0,0,0.0,APPROACHING
168,0.054948373985489844,48226,-156090,0,0,0.0,APPROACHING
169,0.05311676151930689,48226,-156090,0,0,0.0,APPROACHING
170,0.05134620280199664,48226,-156090,0,0,0.0,APPROACHING
171,0.049634662708596775,48226,-156090,0,0,0.0,APPROACHING
172,0.04798017395164353,48226,-156090,0,0,0.0,APPROACHING
173,0.04638083481992203,48226,-156090,0,0,0.0,APPROACHING
174,0.044834806992591236,48226,-156090,0,0,0.0,APPROACHING
175,0.04334031342617155,48734,-156700,0,0,0.0,APPROACHING
176,0.041895636311965884,48734,-156700,0,0,0.0,APPROACHING
177,0.04049911510156701,48734,-156700,0,0,0.0,APPROACHING
178,0.0,48734,-156700,0,0,0.0,STOPPING
179,0.0,48734,-156700,0,0,0.0,STOPPING
180,0.0,48734,-156700,0,0,0.0,STOPPING
181,0.0,48734,-156700,0,0,0.0,STEPPER_DOWN
182,0.0,48734,-156700,0,0,0.2,STEPPER_DOWN
183,0.0,48734,-156700,0,0,0.4,STEPPER_DOWN
184,0.0,48734,-156700,0,0,0.6000000000000001,STEPPER_DOWN
185,0.0,48734,-156700,0,0,0.8,STEPPER_DOWN
186,0.0,48734,-156700,0,0,1.0,BENIH_BUKA
187,0.0,48734,-156700,0,0,1.0,BENIH_BUKA
188,0.0,48734,-156700,0,0,1.0,BENIH_BUKA
189,0.0,48734,-156700,0,0,1.0,BENIH_BUKA
190,0.0,48734,-156700,0,0,1.0,BENIH_BUKA
191,0.0,47413,-156845,0,0,1.0,BENIH_DORONG
192,0.0,47413,-156845,0,0,1.0,HOLDING
193,0.0,47413,-156845,0,0,1.0,HOLDING
194,0.0,47413,-156845,0,0,1.0,STEPPER_UP
195,0.0,47413,-156845,0,0,0.75,STEPPER_UP
196,0.0,47413,-156845,0,0,0.5,STEPPER_UP
197,0.0,47413,-156845,0,0,0.2499999999999999,STEPPER_UP
198,0.0,47413,-156845,0,0,0.0,WAITING
199,0.0,47413,-156845,0,0,0.0,WAITING
200,0.0,47413,-156845,0,0,0.0,MOVING
201,0.2,47413,-156845,0,0,0.0,MOVING
202,0.2,47413,-156845,0,0,0.0,MOVING
203,0.2,47413,-156845,0,0,0.0,MOVING
204,0.2,47413,-156845,0,0,0.0,MOVING
205,0.2,47413,-156845,0,0,0.0,MOVING
206,0.2,47413,-156845,0,0,0.0,MOVING
207,0.2,45203,-157053,0,0,0.0,MOVING
208,0.2,45203,-157053,0,0,0.0,MOVING
209,0.2,45203,-157053,0,0,0.0,MOVING
210,0.2,45203,-157053,0,0,0.0,MOVING
211,0.2,45203,-157053,0,0,0.0,MOVING
212,0.2,45203,-157053,0,0,0.0,MOVING
213,0.2,45203,-157053,0,0,0.0,MOVING
214,0.2,45203,-157053,0,0,0.0,MOVING
215,0.2,45203,-157053,0,0,0.0,MOVING
216,0.2,45203,-157053,0,0,0.0,MOVING
217,0.2,45203,-157053,0,0,0.0,MOVING
218,0.2,45203,-157053,0,0,0.0,MOVING
219,0.2,45203,-157053,0,0,0.0,MOVING
220,0.2,45203,-157053,0,0,0.0,MOVING
221,0.2,45203,-157053,0,0,0.0,MOVING
222,0.2,46254,-158158,0,0,0.0,MOVING
223,0.2,46254,-158158,0,0,0.0,MOVING
224,0.2,46254,-158158,0,0,0.0,MOVING
225,0.2,46254,-158158,0,0,0.0,MOVING
226,0.2,46254,-158158,0,0,0.0,MOVING
227,0.2,46254,-158158,0,0,0.0,MOVING
228,0.2,46254,-158158,0,0,0.0,MOVING
229,0.2,46254,-158158,0,0,0.0,MOVING
230,0.2,46254,-158158,0,0,0.0,MOVING
231,0.2,46254,-158158,0,0,0.0,MOVING
232,0.2,46254,-158158,0,0,0.0,MOVING
233,0.2,46254,-158158,0,0,0.0,MOVING
234,0.2,46254,-158158,0,0,0.0,MOVING
235,0.2,46254,-158158,0,0,0.0,MOVING
236,0.2,46254,-158158,0,0,0.0,MOVING
237,0.2,46254,-158158,0,0,0.0,MOVING
238,0.2,47296,-159288,0,0,0.0,MOVING
239,0.2,47296,-159288,0,0,0.0,MOVING
240,0.2,47296,-159288,0,0,0.0,MOVING
241,0.2,47296,-159288,0,0,0.0,MOVING
242,0.2,47296,-159288,0,0,0.0,MOVING
243,0.2,47296,-159288,0,0,0.0,MOVING
244,0.2,47296,-159288,0,0,0.0,MOVING
245,0.2,47296,-159288,0,0,0.0,MOVING
246,0.2,47296,-159288,0,0,0.0,MOVING
247,0.19999620821911746,47296,-159288,0,0,0.0,MOVING
248,0.19994855878490375,47296,-159288,0,0,0.0,MOVING
249,0.19989297285722915,47296,-159288,0,0,0.0,MOVING
250,0.199835153650686,47296,-159288,0,0,0.0,MOVING
251,0.1997468079531255,47296,-159288,0,0,0.0,MOVING
252,0.19953380310370034,47296,-159288,0,0,0.0,MOVING
253,0.19931548468424243,47296,-159288,0,0,0.0,MOVING
254,0.1990977734595345,48333,-160420,0,0,0.0,MOVING
255,0.19881818686810449,48333,-160420,0,0,0.0,MOVING
256,0.19841004595569284,48333,-160420,0,0,0.0,MOVING
257,0.19800921045868236,48333,-160420,0,0,0.0,MOVING
258,0.1976199207819639,48333,-160420,0,0,0.0,MOVING
259,0.19711698676894016,48333,-160420,1,0,0.0,MOVING
260,0.19652133425049387,48333,-160420,1,0,0.0,MOVING
261,0.19594894757606784,48333,-160420,1,0,0.0,MOVING
262,0.19540255020612574,48333,-160420,1,0,0.0,MOVING
263,0.19465610478350973,48333,-160420,1,0,0.0,MOVING
264,0.1938990153398521,48333,-160420,1,0,0.0,MOVING
265,0.19318310321737295,48333,-160420,2,0,0.0,MOVING
266,0.19244830348317835,48333,-160420,2,0,0.0,MOVING
267,0.19150915361355453,48333,-160420,2,0,0.0,MOVING
268,0.19062988671566813,48333,-160420,2,0,0.0,MOVING
269,0.18980999684832028,48333,-160420,2,0,0.0,MOVING
270,0.18882721475898842,49332,-161501,3,2,0.0,MOVING
271,0.1877941617975263,49332,-161501,3,2,0.0,MOVING
272,0.18684038132989517,49332,-161501,3,2,0.0,MOVING
273,0.18590693617882648,49332,-161501,3,2,0.0,MOVING
274,0.18473228214889115,49332,-161501,4,2,0.0,MOVING
275,0.18365915295890517,49332,-161501,4,2,0.0,MOVING
276,0.18268110195004583,49332,-161501,4,2,0.0,MOVING
277,0.1815101016571858,49332,-161501,4,2,0.0,MOVING
278,0.180333241797473,49332,-161501,5,2,0.0,MOVING
279,0.17927167373523645,49332,-161501,5,2,0.0,MOVING
280,0.17819449964573456,49332,-161501,5,2,0.0,MOVING
281,0.17692928365921778,49332,-161501,5,2,0.0,MOVING
282,0.17580018008608353,49332,-161501,6,2,0.0,MOVING
283,0.1747935454185251,49332,-161501,6,2,0.0,MOVING
284,0.1735140761434153,49332,-161501,6,2,0.0,MOVING
285,0.17233138258230293,50323,-162560,6,6,0.0,MOVING
286,0.17128760963332612,50323,-162560,7,6,0.0,MOVING
287,0.17015610699152153,50323,-162560,7,6,0.0,MOVING
288,0.16893020223322586,50323,-162560,7,6,0.0,MOVING
289,0.16785938583945842,50323,-162560,7,6,0.0,MOVING
290,0.16691343028671876,50323,-162560,7,6,0.0,MOVING
291,0.16565021720626097,50323,-162560,8,6,0.0,MOVING
292,0.16455834085962562,50323,-162560,8,6,0.0,MOVING
293,0.16361380445853002,50323,-162560,8,6,0.0,MOVING
294,0.16254901802446337,50323,-162560,8,6,0.0,MOVING
295,0.16143669689025147,50323,-162560,9,6,0.0,MOVING
296,0.16048376645636733,50323,-162560,9,6,0.0,MOVING
297,0.15966733599821709,50323,-162560,9,6,0.0,MOVING
298,0.15853175572098976,50323,-162560,9,6,0.0,MOVING
299,0.1575666543882675,50323,-162560,9,6,0.0,MOVING
300,0.1567472097714073,51254,-163591,9,9,0.0,MOVING
301,0.15588718285354322,51254,-163591,10,9,0.0,MOVING
302,0.15490028002378115,51254,-163591,10,9,0.0,MOVING
303,0.15406994491883422,51254,-163591,10,9,0.0,MOVING
304,0.15337162201678498,51254,-163591,10,9,0.0,MOVING
305,0.15251404404575342,51254,-163591,10,9,0.0,MOVING
306,0.1516598732303489,51254,-163591,10,9,0.0,MOVING
307,0.1509474231825062,51254,-163591,11,9,0.0,MOVING
308,0.1503545336583587,51254,-163591,11,9,0.0,MOVING
309,0.14954406251824046,51254,-163591,11,9,0.0,MOVING
310,0.1488018025936359,51254,-163591,11,9,0.0,MOVING
311,0.1481884988130005,51254,-163591,11,9,0.0,MOVING
312,0.1476840771295612,51254,-163591,11,9,0.0,MOVING
313,0.1469614222457105,51254,-163591,11,9,0.0,MOVING
314,0.14630958274587047,51254,-163591,11,9,0.0,MOVING
315,0.1457763857433196,52176,-164614,11,11,0.0,MOVING
316,0.14534341555521282,52176,-164614,12,11,0.0,MOVING
317,0.14474589524842643,52176,-164614,12,11,0.0,MOVING
318,0.14416333734933265,52176,-164614,12,11,0.0,MOVING
319,0.1436916901434211,52176,-164614,12,11,0.0,MOVING
320,0.14331371418553704,52176,-164614,12,11,0.0,MOVING
321,0.14287652385881403,52176,-164614,12,11,0.0,MOVING
322,0.14234276743883378,52176,-164614,12,11,0.0,MOVING
323,0.14191482401137692,52176,-164614,12,11,0.0,MOVING
324,0.14157611494390485,52176,-164614,12,11,0.0,MOVING
325,0.1413138021257522,52176,-164614,12,11,0.0,MOVING
326,0.1408297533799848,52176,-164614,12,11,0.0,MOVING
327,0.14042817613372624,52176,-164614,12,11,0.0,MOVING
328,0.1401135661795026,52176,-164614,13,11,0.0,MOVING
329,0.13987322650483952,52176,-164614,13,11,0.0,MOVING
330,0.1396138506235338,53110,-165561,13,13,0.0,MOVING
331,0.13922105324440284,53110,-165561,13,13,0.0,MOVING
332,0.13891531589998604,53110,-165561,13,13,0.0,MOVING
333,0.13868360532633744,53110,-165561,13,13,0.0,MOVING
334,0.13851574992193366,53110,-165561,13,13,0.0,MOVING
335,0.13828628608028612,53110,-165561,13,13,0.0,MOVING
336,0.13797349483228563,53110,-165561,13,13,0.0,MOVING
337,0.13773663100875275,53110,-165561,13,13,0.0,MOVING
338,0.13756489238496786,53110,-165561,13,13,0.0,MOVING
339,0.13744976925402397,53110,-165561,13,13,0.0,MOVING
340,0.13733965131777678,53110,-165561,13,13,0.0,MOVING
341,0.13720908156543807,53110,-165561,13,13,0.0,MOVING
342,0.1371301870781014,53110,-165561,13,13,0.0,MOVING
343,0.13709706354049025,53110,-165561,13,13,0.0,MOVING
344,0.13710489021879133,53110,-165561,13,13,0.0,MOVING
345,0.13714968975292438,53110,-165561,13,13,0.0,MOVING
346,0.13722815062719582,53958,-166541,13,13,0.0,MOVING
347,0.13733749366081113,53958,-166541,13,13,0.0,MOVING
348,0.1374753700409216,53958,-166541,13,13,0.0,MOVING
349,0.1376397823627979,53958,-166541,13,13,0.0,MOVING
350,0.1378290227193136,53958,-166541,13,13,0.0,MOVING
351,0.13804162360536684,53958,-166541,13,13,0.0,MOVING
352,0.13827631857845377,53958,-166541,13,13,0.0,MOVING
353,0.13853201043303873,53958,-166541,13,13,0.0,MOVING
354,0.13880774522271608,53958,-166541,13,13,0.0,MOVING
355,0.13910269087708632,53958,-166541,13,13,0.0,MOVING
356,0.1394161194601897,53958,-166541,13,13,0.0,MOVING
357,0.13974739233789488,53958,-166541,13,13,0.0,MOVING
358,0.14009594768572176,53958,-166541,13,13,0.0,MOVING
359,0.14046128989195297,53958,-166541,12,13,0.0,MOVING
360,0.14084298050457644,53958,-166541,12,13,0.0,MOVING
361,0.14124063044241464,54869,-167517,12,12,0.0,MOVING
362,0.1416538932463204,54869,-167517,12,12,0.0,MOVING
363,0.14208245918959933,54869,-167517,12,12,0.0,MOVING
364,0.14252605010083164,54869,-167517,12,12,0.0,MOVING
365,0.14298441477918214,54869,-167517,12,12,0.0,MOVING
366,0.14345732490375904,54869,-167517,12,12,0.0,MOVING
367,0.14394457135582195,54869,-167517,12,12,0.0,MOVING
368,0.1444459608865887,54869,-167517,12,12,0.0,MOVING
369,0.14496131307475663,54869,-167517,12,12,0.0,MOVING
370,0.14549045752718565,54869,-167517,12,12,0.0,MOVING
371,0.14603323128391346,54869,-167517,11,12,0.0,MOVING
372,0.14658947639511719,54869,-167517,11,12,0.0,MOVING
373,0.1471590376430641,54869,-167517,11,12,0.0,MOVING
374,0.14774176038670525,54869,-167517,11,12,0.0,MOVING
375,0.14833748851053338,54869,-167517,11,12,0.0,MOVING
376,0.14894606246276867,55805,-168532,11,11,0.0,MOVING
377,0.14956731737096127,55805,-168532,11,11,0.0,MOVING
378,0.150201081225792,55805,-168532,11,11,0.0,MOVING
379,0.1508471731262742,55805,-168532,11,11,0.0,MOVING
380,0.15150540158175854,55805,-168532,10,11,0.0,MOVING
381,0.15217556286817058,55805,-168532,10,11,0.0,MOVING
382,0.15285743943778257,55805,-168532,10,11,0.0,MOVING
383,0.15355079838357222,55805,-168532,10,11,0.0,MOVING
384,0.154255389960856,55805,-168532,10,11,0.0,MOVING
385,0.1549709461704222,55805,-168532,10,11,0.0,MOVING
386,0.15569717940882208,55805,-168532,10,11,0.0,MOVING
387,0.15643378119280998,55805,-168532,9,11,0.0,MOVING
388,0.15718042096615137,55805,-168532,9,11,0.0,MOVING
389,0.1579367449981201,55805,-168532,9,11,0.0,MOVING
390,0.15870237538398446,56726,-169575,9,9,0.0,MOVING
391,0.15947690915860244,56726,-169575,9,9,0.0,MOVING
392,0.16025991753490545,56726,-169575,9,9,0.0,MOVING
393,0.16105094527951636,56726,-169575,9,9,0.0,MOVING
394,0.16184951023800254,56726,-169575,8,9,0.0,MOVING
395,0.1626551030222918,56726,-169575,8,9,0.0,MOVING
396,0.1634671868725477,56726,-169575,8,9,0.0,MOVING
397,0.1642851977053027,56726,-169575,8,9,0.0,MOVING
398,0.16510854435886047,56726,-169575,8,9,0.0,MOVING
399,0.16593660904589375,56726,-169575,8,9,0.0,MOVING
400,0.1667687480217749,56726,-169575,7,9,0.0,MOVING
401,0.16760429247548544,56726,-169575,7,9,0.0,MOVING
402,0.168442549647958,56726,-169575,7,9,0.0,MOVING
403,0.16928280418043806,56726,-169575,7,9,0.0,MOVING
404,0.170124319692923,56726,-169575,7,9,0.0,MOVING
405,0.170966340589986,56726,-169575,7,9,0.0,MOVING
406,0.1718080940883596,57674,-170640,6,7,0.0,MOVING
407,0.1726487924575879,57674,-170640,6,7,0.0,MOVING
408,0.1734876354619178,57674,-170640,6,7,0.0,MOVING
409,0.17432381298844934,57674,-170640,6,7,0.0,MOVING
410,0.1751565078434773,57674,-170640,6,7,0.0,MOVING
411,0.17598489869599732,57674,-170640,6,7,0.0,MOVING
412,0.17680816314459777,57674,-170640,5,7,0.0,MOVING
413,0.17762548088148544,57674,-170640,5,7,0.0,MOVING
414,0.17843603692526225,57674,-170640,5,7,0.0,MOVING
415,0.17923902489235033,57674,-170640,5,7,0.0,MOVING
416,0.18003365027570098,57674,-170640,5,7,0.0,MOVING
417,0.1808191336986634,57674,-170640,5,7,0.0,MOVING
418,0.18159471411166256,57674,-170640,4,7,0.0,MOVING
419,0.18235965189965306,57674,-170640,4,7,0.0,MOVING
420,0.1831132318691806,57674,-170640,4,7,0.0,MOVING
421,0.18385476608527673,58635,-171719,4,4,0.0,MOVING
422,0.1845835965303069,58635,-171719,4,4,0.0,MOVING
423,0.18529909755923882,58635,-171719,4,4,0.0,MOVING
424,0.18600067812854212,58635,-171719,3,4,0.0,MOVING
425,0.18668778377899947,58635,-171719,3,4,0.0,MOVING
426,0.18735989835602718,58635,-171719,3,4,0.0,MOVING
427,0.18801654545458343,58635,-171719,3,4,0.0,MOVING
428,0.18865728957929537,58635,-171719,3,4,0.0,MOVING
429,0.18928173701397266,58635,-171719,3,4,0.0,MOVING
430,0.18988953639810202,58635,-171719,2,4,0.0,MOVING
431,0.19048037901114515,58635,-171719,2,4,0.0,MOVING
432,0.19105399876840845,58635,-171719,2,4,0.0,MOVING
433,0.19161017193482807,58635,-171719,2,4,0.0,MOVING
434,0.19214871656514154,58635,-171719,2,4,0.0,MOVING
435,0.19266949168051173,58635,-171719,2,4,0.0,MOVING
436,0.19317239619264362,58635,-171719,2,4,0.0,MOVING
437,0.19365736758669339,59628,-172795,2,2,0.0,MOVING
438,0.19412438037368104,59628,-172795,1,2,0.0,MOVING
439,0.19457344432153226,59628,-172795,1,2,0.0,MOVING
440,0.19500460247105283,59628,-172795,1,2,0.0,MOVING
441,0.19541792893875534,59628,-172795,1,2,0.0,MOVING
442,0.19581352650201056,59628,-172795,1,2,0.0,MOVING
443,0.19619152395271766,59628,-172795,1,2,0.0,MOVING
444,0.19655207319238177,59628,-172795,1,2,0.0,MOVING
445,0.19689534602222955,59628,-172795,1,2,0.0,MOVING
446,0.19722153055365596,59628,-172795,1,2,0.0,MOVING
447,0.19753082712162148,59628,-172795,0,2,0.0,MOVING
448,0.19782344351753733,59628,-172795,0,2,0.0,MOVING
449,0.1980995892524795,59628,-172795,0,2,0.0,MOVING
450,0.19835946838608925,59628,-172795,0,2,0.0,MOVING
451,0.1986032701523823,59628,-172795,0,2,0.0,MOVING
452,0.1988311560594036,59628,-172795,0,2,0.0,MOVING
453,0.19904324106689672,60608,-173903,0,0,0.0,MOVING
454,0.1992395642110259,60608,-173903,0,0,0.0,MOVING
455,0.19942003893190816,60608,-173903,0,0,0.0,MOVING
456,0.19958436012154046,60608,-173903,0,0,0.0,MOVING
457,0.19973180410958236,60608,-173903,0,0,0.0,APPROACHING
458,0.19087606876768543,60608,-173903,0,0,0.0,APPROACHING
459,0.1846193539830659,60608,-173903,0,0,0.0,APPROACHING
460,0.17848260878735697,60608,-173903,-1,0,0.0,APPROACHING
461,0.1724708683348023,60608,-173903,-1,0,0.0,APPROACHING
462,0.16666014338641597,60608,-173903,-1,0,0.0,APPROACHING
463,0.16104852274421863,60608,-173903,-1,0,0.0,APPROACHING
464,0.15563078264274685,60608,-173903,-1,0,0.0,APPROACHING
465,0.15040081407589462,60608,-173903,-1,0,0.0,APPROACHING
466,0.14535225748398978,60608,-173903,-1,0,0.0,APPROACHING
467,0.1404787514079182,60608,-173903,-1,0,0.0,APPROACHING
468,0.13577404718874728,60608,-173903,-1,0,0.0,APPROACHING
469,0.13123206549049785,61570,-174962,-1,-1,0.0,APPROACHING
470,0.126846924004261,61570,-174962,-1,-1,0.0,APPROACHING
471,0.12261294965334854,61570,-174962,-1,-1,0.0,APPROACHING
472,0.11852468202922703,61570,-174962,-1,-1,0.0,APPROACHING
473,0.11457687172904578,61570,-174962,-1,-1,0.0,APPROACHING
474,0.11076447571118532,61570,-174962,-1,-1,0.0,APPROACHING
475,0.1070826509388115,61570,-174962,-1,-1,0.0,APPROACHING
476,0.10352674709502055,61570,-174962,-1,-1,0.0,APPROACHING
477,0.10009229886162971,61570,-174962,-1,-1,0.0,APPROACHING
478,0.09677501807308227,61570,-174962,-1,-1,0.0,APPROACHING
479,0.09357078594220122,61570,-174962,-1,-1,0.0,APPROACHING
480,0.09047564548022172,61570,-174962,-1,-1,0.0,APPROACHING
481,0.08748579418476703,61570,-174962,-1,-1,0.0,APPROACHING
482,0.08459757703716969,61570,-174962,-1,-1,0.0,APPROACHING
483,0.08180747982914166,61570,-174962,-1,-1,0.0,APPROACHING
484,0.07911212282465313,61570,-174962,-1,-1,0.0,APPROACHING
485,0.07650825475363983,62391,-175863,-1,-1,0.0,APPROACHING
486,0.07399274712825203,62391,-175863,-1,-1,0.0,APPROACHING
487,0.07156258886873507,62391,-175863,-1,-1,0.0,APPROACHING
488,0.06921488122396363,62391,-175863,-1,-1,0.0,APPROACHING
489,0.06694683297064831,62391,-175863,-1,-1,0.0,APPROACHING
490,0.0647557558749511,62391,-175863,-1,-1,0.0,APPROACHING
491,0.06263906040043458,62391,-175863,-1,-1,0.0,APPROACHING
492,0.06059425164677707,62391,-175863,-1,-1,0.0,APPROACHING
493,0.058618925504375356,62391,-175863,-1,-1,0.0,APPROACHING
494,0.05671076501076555,62391,-175863,-1,-1,0.0,APPROACHING
495,0.054867536895647745,62391,-175863,-1,-1,0.0,APPROACHING
496,0.05308708830217259,62391,-175863,-1,-1,0.0,APPROACHING
497,0.05136734367300893,62391,-175863,-1,-1,0.0,APPROACHING
498,0.04970630179054305,62950,-176541,-1,-1,0.0,APPROACHING
499,0.04810203296135129,62950,-176541,-1,-1,0.0,APPROACHING
500,0.04655267633583353,62950,-176541,-1,-1,0.0,APPROACHING
501,0.04505643735459258,62950,-176541,-1,-1,0.0,APPROACHING
502,0.04361158531379336,62950,-176541,-1,-1,0.0,APPROACHING
503,0.042216451042332244,62950,-176541,-1,-1,0.0,APPROACHING
504,0.04086942468419966,62950,-176541,-1,-1,0.0,APPROACHING
505,0.0,62950,-176541,0,-1,0.0,STOPPING
506,0.0,62950,-176541,0,-1,0.0,STOPPING
507,0.0,62950,-176541,0,-1,0.0,STOPPING
508,0.0,62950,-176541,0,-1,0.0,STEPPER_DOWN
509,0.0,62950,-176541,0,-1,0.2,STEPPER_DOWN
510,0.0,62950,-176541,0,-1,0.4,STEPPER_DOWN
511,0.0,62950,-176541,0,-1,0.6000000000000001,STEPPER_DOWN
512,0.0,62950,-176541,0,-1,0.8,STEPPER_DOWN
513,0.0,62950,-176541,0,-1,1.0,BENIH_BUKA
514,0.0,63179,-176829,0,0,1.0,BENIH_BUKA
515,0.0,63179,-176829,0,0,1.0,BENIH_BUKA
516,0.0,63179,-176829,0,0,1.0,BENIH_BUKA
517,0.0,63179,-176829,0,0,1.0,BENIH_BUKA
518,0.0,63179,-176829,0,0,1.0,BENIH_DORONG
519,0.0,63179,-176829,0,0,1.0,HOLDING
520,0.0,63179,-176829,0,0,1.0,HOLDING
521,0.0,63179,-176829,0,0,1.0,STEPPER_UP
522,0.0,63179,-176829,0,0,0.75,STEPPER_UP
523,0.0,63179,-176829,0,0,0.5,STEPPER_UP
524,0.0,63179,-176829,0,0,0.2499999999999999,STEPPER_UP
525,0.0,63179,-176829,0,0,0.0,WAITING
526,0.0,63179,-176829,0,0,0.0,WAITING
527,0.0,63179,-176829,0,0,0.0,MOVING
528,0.1983702121545341,63179,-176829,-1,0,0.0,MOVING
529,0.19833831863306228,63179,-176829,-1,0,0.0,MOVING
530,0.19831034278636284,63179,-176829,-1,0,0.0,MOVING
531,0.1982861552778139,63179,-176829,-1,0,0.0,MOVING
532,0.19826562369486134,63179,-176829,-1,0,0.0,MOVING
533,0.19824861343051747,63179,-176829,-1,0,0.0,MOVING
534,0.1982349884437825,63179,-176829,-1,0,0.0,MOVING
535,0.19822461191793703,63179,-176829,-1,0,0.0,MOVING
536,0.19821734683205836,63179,-176829,-1,0,0.0,MOVING
537,0.19821305645830634,63179,-176829,-1,0,0.0,MOVING
538,0.19821160479531666,63179,-176829,-1,0,0.0,MOVING
539,0.1982128569462848,63179,-176829,-1,0,0.0,MOVING
540,0.19821667944891572,63179,-176829,-1,0,0.0,MOVING
541,0.19822294056327677,63179,-176829,-1,0,0.0,MOVING
542,0.19823151052266377,63179,-176829,-1,0,0.0,MOVING
543,0.1982422617518302,63179,-176829,-1,0,0.0,MOVING
544,0.19825506905630158,63179,-176829,-1,0,0.0,APPROACHING
545,0.19025525253050066,63977,-177694,-1,-1,0.0,APPROACHING
546,0.18398509699211166,63977,-177694,-1,-1,0.0,APPROACHING
547,0.17792185999174462,63977,-177694,-1,-1,0.0,APPROACHING
548,0.17205849146211638,63977,-177694,-1,-1,0.0,APPROACHING
549,0.16638822695102215,63977,-177694,-1,-1,0.0,APPROACHING
550,0.16090456876571976,63977,-177694,-1,-1,0.0,APPROACHING
551,0.155601269250161,63977,-177694,-1,-1,0.0,APPROACHING
552,0.15047231589637688,63977,-177694,-1,-1,0.0,APPROACHING
553,0.14551191803367808,63977,-177694,-1,-1,0.0,APPROACHING
554,0.14071449487615825,63977,-177694,-1,-1,0.0,APPROACHING
555,0.13607466474084606,63977,-177694,-1,-1,0.0,APPROACHING
556,0.13158723527628724,63977,-177694,-1,-1,0.0,APPROACHING
557,0.12724719456488917,63977,-177694,-1,-1,0.0,APPROACHING
558,0.1230497029825256,63977,-177694,-1,-1,0.0,APPROACHING
559,0.11899008571612227,63977,-177694,-1,-1,0.0,APPROACHING
560,0.1150638258546345,63977,-177694,-1,-1,0.0,APPROACHING
561,0.11126655798133715,64945,-178735,-1,-1,0.0,APPROACHING
562,0.10759406220598754,64945,-178735,-1,-1,0.0,APPROACHING
563,0.10404225858446427,64945,-178735,-1,-1,0.0,APPROACHING
564,0.10060720188116487,64945,-178735,-1,-1,0.0,APPROACHING
565,0.09728507663596174,64945,-178735,-1,-1,0.0,APPROACHING
566,0.09407219250304556,64945,-178735,-1,-1,0.0,APPROACHING
567,0.09096497983367424,64945,-178735,-1,-1,0.0,APPROACHING
568,0.08795998547882176,64945,-178735,-1,-1,0.0,APPROACHING
569,0.08505386879109089,64945,-178735,-1,-1,0.0,APPROACHING
570,0.08224339780811467,64945,-178735,-1,-1,0.0,APPROACHING
571,0.07952544560209093,64945,-178735,-1,-1,0.0,APPROACHING
572,0.0768969867821535,64945,-178735,-1,-1,0.0,APPROACHING
573,0.07435509413802391,64945,-178735,-1,-1,0.0,APPROACHING
574,0.07189693541486997,64945,-178735,-1,-1,0.0,APPROACHING
575,0.06951977021055067,64945,-178735,-1,-1,0.0,APPROACHING
576,0.06722094698749864,65750,-179596,-1,-1,0.0,APPROACHING
577,0.06499790019239624,65750,-179596,-1,-1,0.0,APPROACHING
578,0.06284814747757551,65750,-179596,-1,-1,0.0,APPROACHING
579,0.06076928701873088,65750,-179596,-1,-1,0.0,APPROACHING
580,0.05875899492409541,65750,-179596,-1,-1,0.0,APPROACHING
581,0.056815022730712005,65750,-179596,-1,-1,0.0,APPROACHING
582,0.054935194983841994,65750,-179596,-1,-1,0.0,APPROACHING
583,0.05311740689590796,65750,-179596,-1,-1,0.0,APPROACHING
584,0.05135962208166899,65750,-179596,-1,-1,0.0,APPROACHING
585,0.04965987036659186,65750,-179596,-1,-1,0.0,APPROACHING
586,0.04801624566560402,65750,-179596,-1,-1,0.0,APPROACHING
587,0.04642690392961644,65750,-179596,-1,-1,0.0,APPROACHING
588,0.04489006115737135,65750,-179596,-1,-1,0.0,APPROACHING
589,0.04340399147032231,65750,-179596,-1,-1,0.0,APPROACHING
590,0.041967025248386046,65750,-179596,-1,-1,0.0,APPROACHING
591,0.04057754732452279,66257,-180066,-1,-1,0.0,APPROACHING
592,0.0,66257,-180066,0,-1,0.0,STOPPING
593,0.0,66257,-180066,0,-1,0.0,STOPPING
594,0.0,66257,-180066,0,-1,0.0,STOPPING
595,0.0,66257,-180066,0,-1,0.0,STEPPER_DOWN
596,0.0,66257,-180066,0,-1,0.2,STEPPER_DOWN
597,0.0,66257,-180066,0,-1,0.4,STEPPER_DOWN
598,0.0,66257,-180066,0,-1,0.6000000000000001,STEPPER_DOWN
599,0.0,66257,-180066,0,-1,0.8,STEPPER_DOWN
600,0.0,66257,-180066,0,-1,1.0,BENIH_BUKA
601,0.0,66257,-180066,0,-1,1.0,BENIH_BUKA
602,0.0,66257,-180066,0,-1,1.0,BENIH_BUKA
603,0.0,66257,-180066,0,-1,1.0,BENIH_BUKA
604,0.0,66257,-180066,0,-1,1.0,BENIH_BUKA
605,0.0,66257,-180066,0,-1,1.0,BENIH_DORONG
606,0.0,66371,-180166,0,0,1.0,HOLDING
607,0.0,66371,-180166,0,0,1.0,HOLDING
608,0.0,66371,-180166,0,0,1.0,STEPPER_UP
609,0.0,66371,-180166,0,0,0.75,STEPPER_UP
610,0.0,66371,-180166,0,0,0.5,STEPPER_UP
611,0.0,66371,-180166,0,0,0.2499999999999999,STEPPER_UP
612,0.0,66371,-180166,0,0,0.0,WAITING
613,0.0,66371,-180166,0,0,0.0,WAITING
614,0.0,66371,-180166,0,0,0.0,MOVING
615,0.1989067605261347,66371,-180166,-1,0,0.0,MOVING
616,0.19893877768323992,66371,-180166,-1,0,0.0,MOVING
617,0.198970665504264,66371,-180166,-1,0,0.0,MOVING
618,0.19900237988429817,66371,-180166,-1,0,0.0,MOVING
619,0.1990338793157254,66371,-180166,-1,0,0.0,MOVING
620,0.1990651248242617,66371,-180166,-1,0,0.0,MOVING
621,0.19909607990366382,66371,-180166,-1,0,0.0,MOVING
622,0.19912671044930716,66519,-180313,-1,-1,0.0,MOVING
623,0.1991569846908272,66519,-180313,-1,-1,0.0,MOVING
624,0.19918687312400613,66519,-180313,-1,-1,0.0,MOVING
625,0.1992163484420778,66519,-180313,-1,-1,0.0,MOVING
626,0.19924538546661377,66519,-180313,-1,-1,0.0,MOVING
627,0.19927396107814432,66519,-180313,-1,-1,0.0,MOVING
628,0.19930205414666002,66519,-180313,-1,-1,0.0,MOVING
629,0.19932964546212986,66519,-180313,-1,-1,0.0,MOVING
630,0.19935671766516544,66519,-180313,-1,-1,0.0,MOVING
631,0.19938325517795064,66519,-180313,-1,-1,0.0,MOVING
632,0.19940924413555017,66519,-180313,-1,-1,0.0,MOVING
633,0.1994346723177013,66519,-180313,-1,-1,0.0,MOVING
634,0.19945952908118697,66519,-180313,-1,-1,0.0,MOVING
635,0.19948380529287937,66519,-180313,-1,-1,0.0,MOVING
636,0.19950749326353714,66519,-180313,-1,-1,0.0,MOVING
637,0.1995305866824313,66519,-180313,-1,-1,0.0,MOVING
638,0.19955308055286775,67540,-181447,-1,-1,0.0,MOVING
639,0.1995749711286675,67540,-181447,-1,-1,0.0,MOVING
640,0.1995962558516573,67540,-181447,-1,-1,0.0,MOVING
641,0.199616933290217,67540,-181447,-1,-1,0.0,MOVING
642,0.19963700307892177,67540,-181447,-1,-1,0.0,MOVING
643,0.19965646585930885,67540,-181447,-1,-1,0.0,MOVING
644,0.19967532322179182,67540,-181447,-1,-1,0.0,MOVING
645,0.19969357764873463,67540,-181447,-1,-1,0.0,MOVING
646,0.19971123245868908,67540,-181447,-1,-1,0.0,MOVING
647,0.19972829175178963,67540,-181447,-1,-1,0.0,MOVING
648,0.1997447603562861,67540,-181447,-1,-1,0.0,MOVING
649,0.1997606437761836,67540,-181447,-1,-1,0.0,MOVING
650,0.1997759481399417,67540,-181447,-1,-1,0.0,MOVING
651,0.1997906801501684,67540,-181447,-1,-1,0.0,MOVING
652,0.19980484703422108,67540,-181447,-1,-1,0.0,MOVING
653,0.19981845649560095,68590,-182577,-1,-1,0.0,MOVING
654,0.19983151666599253,68590,-182577,-1,-1,0.0,MOVING
655,0.19984403605775788,68590,-182577,-1,-1,0.0,MOVING
656,0.19985602351663878,68590,-182577,-1,-1,0.0,MOVING
657,0.19986748817434774,68590,-182577,-1,-1,0.0,MOVING
658,0.19987843940062952,68590,-182577,-1,-1,0.0,MOVING
659,0.19988888675424343,68590,-182577,-1,-1,0.0,MOVING
660,0.19989883993213065,68590,-182577,-1,-1,0.0,MOVING
661,0.19990830871577273,68590,-182577,-1,-1,0.0,MOVING
662,0.19985711123279157,68590,-182577,-1,-1,0.0,MOVING
663,0.1998029752502217,68590,-182577,-1,-1,0.0,MOVING
664,0.1997493605950265,68590,-182577,-1,-1,0.0,MOVING
665,0.19969078985553926,68590,-182577,-1,-1,0.0,MOVING
666,0.1994809589365342,68590,-182577,-1,-1,0.0,MOVING
667,0.19926814538388904,68590,-182577,-1,-1,0.0,MOVING
668,0.19905707640440068,69606,-183714,-1,-1,0.0,MOVING
669,0.19881871328032363,69606,-183714,-1,-1,0.0,MOVING
670,0.19841786679586176,69606,-183714,-1,-1,0.0,MOVING
671,0.19802440530082854,69606,-183714,-1,-1,0.0,MOVING
672,0.19764240239261519,69606,-183714,-2,-1,0.0,MOVING
673,0.19719023105506342,69606,-183714,-2,-1,0.0,MOVING
674,0.19660126227981967,69606,-183714,-2,-1,0.0,MOVING
675,0.19603494592940057,69606,-183714,-2,-1,0.0,MOVING
676,0.19549405716698062,69606,-183714,-2,-1,0.0,MOVING
677,0.1948062975195369,69606,-183714,-2,-1,0.0,MOVING
678,0.1940527505728641,69606,-183714,-3,-1,0.0,MOVING
679,0.1933395832234037,69606,-183714,-3,-1,0.0,MOVING
680,0.19266785524148744,69606,-183714,-3,-1,0.0,MOVING
681,0.19172964633156467,69606,-183714,-3,-1,0.0,MOVING
682,0.19084922201607146,69606,-183714,-4,-1,0.0,MOVING
683,0.19002752399656916,69606,-183714,-4,-1,0.0,MOVING
684,0.18911488638144291,70586,-184823,-4,-3,0.0,MOVING
685,0.18807557746016695,70586,-184823,-4,-3,0.0,MOVING
686,0.1871151204497515,70586,-184823,-5,-3,0.0,MOVING
687,0.1862302913672351,70586,-184823,-5,-3,0.0,MOVING
688,0.1850712474514997,70586,-184823,-5,-3,0.0,MOVING
689,0.18398572386908002,70586,-184823,-5,-3,0.0,MOVING
690,0.18299551291551638,70586,-184823,-6,-3,0.0,MOVING
691,0.18190264306493809,70586,-184823,-6,-3,0.0,MOVING
692,0.1807068951930708,70586,-184823,-6,-3,0.0,MOVING
693,0.17962741890952516,70586,-184823,-7,-3,0.0,MOVING
694,0.1786326468325149,70586,-184823,-7,-3,0.0,MOVING
695,0.1773415475681573,70586,-184823,-7,-3,0.0,MOVING
696,0.1761885653547275,70586,-184823,-7,-3,0.0,MOVING
697,0.17515988953115785,70586,-184823,-8,-3,0.0,MOVING
698,0.17396169278161977,70586,-184823,-8,-3,0.0,MOVING
699,0.17274885523707173,70586,-184823,-8,-3,0.0,MOVING
700,0.1716778362092104,71544,-185897,-8,-7,0.0,MOVING
701,0.1706308542582091,71544,-185897,-9,-7,0.0,MOVING
702,0.16936857130486807,71544,-185897,-9,-7,0.0,MOVING
703,0.16826552015060298,71544,-185897,-9,-7,0.0,MOVING
704,0.16730151039722407,71544,-185897,-9,-7,0.0,MOVING
705,0.16610707161773325,71544,-185897,-10,-7,0.0,MOVING
706,0.16497795132708182,71544,-185897,-10,-7,0.0,MOVING
707,0.16400073800579873,71544,-185897,-10,-7,0.0,MOVING
708,0.16301875509044664,71544,-185897,-10,-7,0.0,MOVING
709,0.1618642878516448,71544,-185897,-11,-7,0.0,MOVING
710,0.16087498906600872,71544,-185897,-11,-7,0.0,MOVING
711,0.1600268362596462,71544,-185897,-11,-7,0.0,MOVING
712,0.1589677177354325,71544,-185897,-11,-7,0.0,MOVING
713,0.15796237328570695,71544,-185897,-12,-7,0.0,MOVING
714,0.15710833324121473,72478,-186925,-12,-11,0.0,MOVING
715,0.1563283954700865,72478,-186925,-12,-11,0.0,MOVING
716,0.15529720820144033,72478,-186925,-12,-11,0.0,MOVING
717,0.15442940069563607,72478,-186925,-12,-11,0.0,MOVING
718,0.1536989220539111,72478,-186925,-13,-11,0.0,MOVING
719,0.15291501551017408,72478,-186925,-13,-11,0.0,MOVING
720,0.15201992342737533,72478,-186925,-13,-11,0.0,MOVING
721,0.1512728765720465,72478,-186925,-13,-11,0.0,MOVING
722,0.15065031777150742,72478,-186925,-13,-11,0.0,MOVING
723,0.14990793109830922,72478,-186925,-13,-11,0.0,MOVING
724,0.14912795589496167,72478,-186925,-13,-11,0.0,MOVING
725,0.14848277684437938,72478,-186925,-14,-11,0.0,MOVING
726,0.14795102546999625,72478,-186925,-14,-11,0.0,MOVING
727,0.14729187738542415,72478,-186925,-14,-11,0.0,MOVING
728,0.14660516649125474,72478,-186925,-14,-11,0.0,MOVING
729,0.1460425127307484,72478,-186925,-14,-11,0.0,MOVING
730,0.14558429517223123,73419,-187943,-14,-14,0.0,MOVING
731,0.14504680471935502,73419,-187943,-14,-14,0.0,MOVING
732,0.14443174684526602,73419,-187943,-14,-14,0.0,MOVING
733,0.14393267940437654,73419,-187943,-15,-14,0.0,MOVING
734,0.14353122366365187,73419,-187943,-15,-14,0.0,MOVING
735,0.14315174496119942,73419,-187943,-15,-14,0.0,MOVING
736,0.14258732804556568,73419,-187943,-15,-14,0.0,MOVING
737,0.14213357833110582,73419,-187943,-15,-14,0.0,MOVING
738,0.14177281430470062,73419,-187943,-15,-14,0.0,MOVING
739,0.14149140573426253,73419,-187943,-15,-14,0.0,MOVING
740,0.14105589053053533,73419,-187943,-15,-14,0.0,MOVING
741,0.14062954136596248,73419,-187943,-15,-14,0.0,MOVING
742,0.1402938298179616,73419,-187943,-15,-14,0.0,MOVING
743,0.14003526929644813,73419,-187943,-15,-14,0.0,MOVING
744,0.13982435090567713,73419,-187943,-15,-14,0.0,MOVING
745,0.13940734657476722,74332,-188924,-16,-15,0.0,MOVING
746,0.1390810947990351,74332,-188924,-16,-15,0.0,MOVING
747,0.13883174641437604,74332,-188924,-16,-15,0.0,MOVING
748,0.13864853688146891,74332,-188924,-16,-15,0.0,MOVING
749,0.1384616566745922,74332,-188924,-16,-15,0.0,MOVING
750,0.1381284253223365,74332,-188924,-16,-15,0.0,MOVING
751,0.13787409817144877,74332,-188924,-16,-15,0.0,MOVING
752,0.13768723840485994,74332,-188924,-16,-15,0.0,MOVING
753,0.13755886879983073,74332,-188924,-16,-15,0.0,MOVING
754,0.13746006536456373,74332,-188924,-16,-15,0.0,MOVING
755,0.13731599485492466,74332,-188924,-16,-15,0.0,MOVING
756,0.13722519739858016,74332,-188924,-16,-15,0.0,MOVING
757,0.13718147792817514,74332,-188924,-16,-15,0.0,MOVING
758,0.13717979008968323,74332,-188924,-16,-15,0.0,MOVING
759,0.13721597873356783,74332,-188924,-16,-15,0.0,MOVING
760,0.13728659034080898,75253,-189894,-16,-16,0.0,MOVING
761,0.13738873094547782,75253,-189894,-16,-16,0.0,MOVING
762,0.13751995795595653,75253,-189894,-16,-16,0.0,MOVING
763,0.13767819661471914,75253,-189894,-16,-16,0.0,MOVING
764,0.1378616746589529,75253,-189894,-16,-16,0.0,MOVING
765,0.13806887062302994,75253,-189894,-16,-16,0.0,MOVING
766,0.13829847250023627,75253,-189894,-16,-16,0.0,MOVING
767,0.1385493443644255,75253,-189894,-16,-16,0.0,MOVING
768,0.13882049917374326,75253,-189894,-16,-16,0.0,MOVING
769,0.13911107642251783,75253,-189894,-16,-16,0.0,MOVING
770,0.13942032362896736,75253,-189894,-16,-16,0.0,MOVING
771,0.13974758088225883,75253,-189894,-15,-16,0.0,MOVING
772,0.14009226784752524,75253,-189894,-15,-16,0.0,MOVING
773,0.14045387275880625,75253,-189894,-15,-16,0.0,MOVING
774,0.14083194302942847,75253,-189894,-15,-16,0.0,MOVING
775,0.14122607718550725,75253,-189894,-15,-16,0.0,MOVING
776,0.14163591788703198,76145,-190918,-15,-15,0.0,MOVING
777,0.1420611458467489,76145,-190918,-15,-15,0.0,MOVING
778,0.14250147449294254,76145,-190918,-15,-15,0.0,MOVING
779,0.1429566452505818,76145,-190918,-15,-15,0.0,MOVING
780,0.1434264233378842,76145,-190918,-15,-15,0.0,MOVING
781,0.14391059399346492,76145,-190918,-15,-15,0.0,MOVING
782,0.14440895906386966,76145,-190918,-14,-15,0.0,MOVING
783,0.1449213338931937,76145,-190918,-14,-15,0.0,MOVING
784,0.14544754446625072,76145,-190918,-14,-15,0.0,MOVING
785,0.1459874247648157,76145,-190918,-14,-15,0.0,MOVING
786,0.14654081430318255,76145,-190918,-14,-15,0.0,MOVING
787,0.147107555814923,76145,-190918,-14,-15,0.0,MOVING
788,0.14768749306752013,76145,-190918,-14,-15,0.0,MOVING
789,0.14828046878565723,76145,-190918,-14,-15,0.0,MOVING
790,0.14888632266749877,76145,-190918,-14,-15,0.0,MOVING
791,0.1495048894814183,77034,-191913,-13,-14,0.0,MOVING
792,0.1501359972333953,77034,-191913,-13,-14,0.0,MOVING
793,0.1507794653977803,77034,-191913,-13,-14,0.0,MOVING
794,0.1514351032063832,77034,-191913,-13,-14,0.0,MOVING
795,0.1521027079928992,77034,-191913,-13,-14,0.0,MOVING
796,0.15278206359159802,77034,-191913,-13,-14,0.0,MOVING
797,0.15347293879097537,77034,-191913,-13,-14,0.0,MOVING
798,0.15417508584473053,77034,-191913,-12,-14,0.0,MOVING
799,0.15488823904398497,77034,-191913,-12,-14,0.0,MOVING
800,0.1556121133561158,77034,-191913,-12,-14,0.0,MOVING
801,0.1563464031369269,77034,-191913,-12,-14,0.0,MOVING
802,0.15709078092412643,77034,-191913,-12,-14,0.0,MOVING
803,0.15784489632120458,77034,-191913,-12,-14,0.0,MOVING
804,0.15860837498180455,77034,-191913,-11,-14,0.0,MOVING
805,0.15938081770552506,77034,-191913,-11,-14,0.0,MOVING
806,0.16016179965677985,77956,-192916,-11,-12,0.0,MOVING
807,0.16095086971883493,77956,-192916,-11,-12,0.0,MOVING
808,0.16174754999543728,77956,-192916,-11,-12,0.0,MOVING
809,0.162551335472509,77956,-192916,-11,-12,0.0,MOVING
810,0.16336169385219498,77956,-192916,-10,-12,0.0,MOVING
811,0.16417806557109754,77956,-192916,-10,-12,0.0,MOVING
812,0.16499986401379166,77956,-192916,-10,-12,0.0,MOVING
813,0.1658264759316806,77956,-192916,-10,-12,0.0,MOVING
814,0.16665726207591533,77956,-192916,-10,-12,0.0,MOVING
815,0.16749155805145893,77956,-192916,-9,-12,0.0,MOVING
816,0.16832867539744234,77956,-192916,-9,-12,0.0,MOVING
817,0.16916790289673533,77956,-192916,-9,-12,0.0,MOVING
818,0.17000850811517912,77956,-192916,-9,-12,0.0,MOVING
819,0.17084973916821547,77956,-192916,-9,-12,0.0,MOVING
820,0.17169082670975275,77956,-192916,-8,-12,0.0,MOVING
821,0.17253098613507142,77956,-192916,-8,-12,0.0,MOVING
822,0.1733694199864514,78898,-193953,-8,-9,0.0,MOVING
823,0.17420532054706436,78898,-193953,-8,-9,0.0,MOVING
824,0.17503787260558323,78898,-193953,-8,-9,0.0,MOVING
825,0.17586625637098824,78898,-193953,-7,-9,0.0,MOVING
826,0.1766896505142733,78898,-193953,-7,-9,0.0,MOVING
827,0.17750723531124227,78898,-193953,-7,-9,0.0,MOVING
828,0.1783181958584079,78898,-193953,-7,-9,0.0,MOVING
829,0.17912172533222354,78898,-193953,-7,-9,0.0,MOVING
830,0.17991702826054765,78898,-193953,-6,-9,0.0,MOVING
831,0.1807033237744046,78898,-193953,-6,-9,0.0,MOVING
832,0.181479848807794,78898,-193953,-6,-9,0.0,MOVING
833,0.1822458612135327,78898,-193953,-6,-9,0.0,MOVING
834,0.18300064276389041,78898,-193953,-6,-9,0.0,MOVING
835,0.18374350200608636,78898,-193953,-6,-9,0.0,MOVING
836,0.18447377694452705,78898,-193953,-5,-9,0.0,MOVING
837,0.18519083752393437,79868,-195008,-5,-6,0.0,MOVING
838,0.1858940878901897,79868,-195008,-5,-6,0.0,MOVING
839,0.1865829684087313,79868,-195008,-5,-6,0.0,MOVING
840,0.18725695742361287,79868,-195008,-5,-6,0.0,MOVING
841,0.18791557274378076,79868,-195008,-4,-6,0.0,MOVING
842,0.18855837284666024,79868,-195008,-4,-6,0.0,MOVING
843,0.1891849577926757,79868,-195008,-4,-6,0.0,MOVING
844,0.1897949698477669,79868,-195008,-4,-6,0.0,MOVING
845,0.19038809381421987,79868,-195008,-4,-6,0.0,MOVING
846,0.19096405707311775,79868,-195008,-4,-6,0.0,MOVING
847,0.19152262934434988,79868,-195008,-3,-6,0.0,MOVING
848,0.19206362217231787,79868,-195008,-3,-6,0.0,MOVING
849,0.1925868881471611,79868,-195008,-3,-6,0.0,MOVING
850,0.19309231987240655,79868,-195008,-3,-6,0.0,MOVING
851,0.19357984869033332,79868,-195008,-3,-6,0.0,MOVING
852,0.19404944317591388,79868,-195008,-3,-6,0.0,MOVING
853,0.1945011074087964,80834,-196041,-3,-3,0.0,MOVING
854,0.1949348790302174,80834,-196041,-2,-3,0.0,MOVING
855,0.19535082708766627,80834,-196041,-2,-3,0.0,MOVING
856,0.1957490496641083,80834,-196041,-2,-3,0.0,MOVING
857,0.196129671279898,80834,-196041,-2,-3,0.0,MOVING
858,0.19649284004308104,80834,-196041,-2,-3,0.0,MOVING
859,0.19683872450583612,80834,-196041,-2,-3,0.0,MOVING
860,0.19716751015848985,80834,-196041,-2,-3,0.0,MOVING
861,0.197479395453092,80834,-196041,-2,-3,0.0,MOVING
862,0.1977745871877873,80834,-196041,-1,-3,0.0,MOVING
863,0.1980532949866572,80834,-196041,-1,-3,0.0,MOVING
864,0.1983157244505418,80834,-196041,-1,-3,0.0,MOVING
865,0.198562068280796,80834,-196041,-1,-3,0.0,MOVING
866,0.19879249418427453,80834,-196041,-1,-3,0.0,MOVING
867,0.19900712742370988,80834,-196041,-1,-3,0.0,MOVING
868,0.19920602393939046,80834,-196041,-1,-3,0.0,MOVING
869,0.1993891256174032,81794,-197138,-1,-1,0.0,MOVING
870,0.19955617830140293,81794,-197138,-1,-1,0.0,MOVING
871,0.19970656054800034,81794,-197138,-1,-1,0.0,APPROACHING
872,0.19181127695895694,81794,-197138,-1,-1,0.0,APPROACHING
873,0.18552927340594919,81794,-197138,-1,-1,0.0,APPROACHING
874,0.17939025405725867,81794,-197138,0,-1,0.0,APPROACHING
875,0.17335006270304032,81794,-197138,0,-1,0.0,APPROACHING
876,0.16750972366005715,81794,-197138,0,-1,0.0,APPROACHING
877,0.1618689414010413,81794,-197138,0,-1,0.0,APPROACHING
878,0.15642282125590723,81794,-197138,0,-1,0.0,APPROACHING
879,0.1511653627972562,81794,-197138,0,-1,0.0,APPROACHING
880,0.1460902401388382,81794,-197138,0,-1,0.0,APPROACHING
881,0.1411910928917899,81794,-197138,0,-1,0.0,APPROACHING
882,0.13646165747211436,81794,-197138,0,-1,0.0,APPROACHING
883,0.13189583135627309,81794,-197138,0,-1,0.0,APPROACHING
884,0.1274877047944904,81794,-197138,0,-1,0.0,APPROACHING
885,0.12323157524582609,82745,-198219,0,0,0.0,APPROACHING
886,0.11912195211165051,82745,-198219,0,0,0.0,APPROACHING
887,0.11515355584798335,82745,-198219,0,0,0.0,APPROACHING
888,0.11132131378774206,82745,-198219,0,0,0.0,APPROACHING
889,0.1076203540625454,82745,-198219,0,0,0.0,APPROACHING
890,0.10404599847773607,82745,-198219,0,0,0.0,APPROACHING
891,0.10059375487535063,82745,-198219,0,0,0.0,APPROACHING
892,0.09725930932331606,82745,-198219,0,0,0.0,APPROACHING
893,0.09403851834486357,82745,-198219,0,0,0.0,APPROACHING
894,0.09092740132191038,82745,-198219,0,0,0.0,APPROACHING
895,0.08792213315360548,82745,-198219,0,0,0.0,APPROACHING
896,0.08501903721649708,82745,-198219,0,0,0.0,APPROACHING
897,0.08221457864973644,82745,-198219,0,0,0.0,APPROACHING
898,0.07950535797348132,82745,-198219,0,0,0.0,APPROACHING
899,0.0768881050386617,82745,-198219,0,0,0.0,APPROACHING
900,0.07435967329984758,82745,-198219,0,0,0.0,APPROACHING
901,0.07191703439896817,83556,-199136,0,0,0.0,APPROACHING
902,0.06955727304531914,83556,-199136,0,0,0.0,APPROACHING
903,0.06727758217611472,83556,-199136,0,0,0.0,APPROACHING
904,0.06507525838143763,83556,-199136,0,0,0.0,APPROACHING
905,0.06294769757754946,83556,-199136,0,0,0.0,APPROACHING
906,0.06089239091297169,83556,-199136,0,0,0.0,APPROACHING
907,0.058906920892404055,83556,-199136,0,0,0.0,APPROACHING
908,0.0569889577043293,83556,-199136,0,0,0.0,APPROACHING
909,0.05513625573899654,83556,-199136,0,0,0.0,APPROACHING
910,0.05334665028434074,83556,-199136,0,0,0.0,APPROACHING
911,0.05161805438825437,83556,-199136,0,0,0.0,APPROACHING
912,0.04994845587645786,83556,-199136,0,0,0.0,APPROACHING
913,0.04833591451601121,83556,-199136,0,0,0.0,APPROACHING
914,0.046778559315259566,83556,-199136,0,0,0.0,APPROACHING
915,0.04527458595170594,83556,-199136,0,0,0.0,APPROACHING
916,0.04382225431995977,84068,-199731,0,0,0.0,APPROACHING
917,0.04241988619251232,84068,-199731,0,0,0.0,APPROACHING
918,0.04106586298664916,84068,-199731,0,0,0.0,APPROACHING
919,0.03975862363132038,84068,-199731,0,0,0.0,APPROACHING
920,0.0,84068,-199731,0,0,0.0,STOPPING
921,0.0,84068,-199731,0,0,0.0,STOPPING
922,0.0,84068,-199731,0,0,0.0,STOPPING
923,0.0,84068,-199731,0,0,0.0,STEPPER_DOWN
924,0.0,84068,-199731,0,0,0.2,STEPPER_DOWN
925,0.0,84068,-199731,0,0,0.4,STEPPER_DOWN
926,0.0,84068,-199731,0,0,0.6000000000000001,STEPPER_DOWN
927,0.0,84068,-199731,0,0,0.8,STEPPER_DOWN
928,0.0,84068,-199731,0,0,1.0,BENIH_BUKA
929,0.0,84068,-199731,0,0,1.0,BENIH_BUKA
930,0.0,84068,-199731,0,0,1.0,BENIH_BUKA
931,0.0,84068,-199731,0,0,1.0,BENIH_BUKA
932,0.0,84068,-199731,0,0,1.0,BENIH_BUKA
933,0.0,84229,-199855,0,0,1.0,BENIH_DORONG
934,0.0,84229,-199855,0,0,1.0,HOLDING
935,0.0,84229,-199855,0,0,1.0,HOLDING
936,0.0,84229,-199855,0,0,1.0,STEPPER_UP
937,0.0,84229,-199855,0,0,0.75,STEPPER_UP
938,0.0,84229,-199855,0,0,0.5,STEPPER_UP
939,0.0,84229,-199855,0,0,0.2499999999999999,STEPPER_UP
940,0.0,84229,-199855,0,0,0.0,WAITING
941,0.0,84229,-199855,0,0,0.0,WAITING
942,0.0,84229,-199855,0,0,0.0,MOVING
943,0.19836870317376606,84229,-199855,0,0,0.0,MOVING
944,0.19833736847841132,84229,-199855,0,0,0.0,MOVING
945,0.19830992865084887,84229,-199855,0,0,0.0,MOVING
946,0.19828625413216283,84229,-199855,0,0,0.0,MOVING
947,0.1982662124108987,84229,-199855,0,0,0.0,MOVING
948,0.19824966888660223,84411,-200060,0,0,0.0,MOVING
949,0.19823648761512752,84411,-200060,0,0,0.0,MOVING
950,0.19822653195412096,84411,-200060,0,0,0.0,MOVING
951,0.19821966512360845,84411,-200060,0,0,0.0,MOVING
952,0.19821575069390013,84411,-200060,0,0,0.0,MOVING
953,0.19821465301088573,84411,-200060,0,0,0.0,MOVING
954,0.19821623756709295,84411,-200060,0,0,0.0,MOVING
955,0.1982203713255123,84411,-200060,0,0,0.0,MOVING
956,0.1982269230020872,84411,-200060,0,0,0.0,MOVING
957,0.1982357633118652,84411,-200060,0,0,0.0,MOVING
958,0.1982467651830665,84411,-200060,0,0,0.0,MOVING
959,0.19825980394271328,84411,-200060,0,0,0.0,APPROACHING
960,0.1891402436099341,84411,-200060,0,0,0.0,APPROACHING
961,0.18290673322954368,84411,-200060,0,0,0.0,APPROACHING
962,0.17687890226471084,84411,-200060,0,0,0.0,APPROACHING
963,0.17104975050246082,85398,-201192,0,0,0.0,APPROACHING
964,0.16541256000655968,85398,-201192,0,0,0.0,APPROACHING
965,0.15996087665098715,85398,-201192,0,0,0.0,APPROACHING
966,0.1546884937304851,85398,-201192,0,0,0.0,APPROACHING
967,0.14958943735753338,85398,-201192,0,0,0.0,APPROACHING
968,0.14465795339639206,85398,-201192,0,0,0.0,APPROACHING
969,0.13988849572071824,85398,-201192,0,0,0.0,APPROACHING
970,0.13527571561227533,85398,-201192,0,0,0.0,APPROACHING
971,0.13081445214494253,85398,-201192,0,0,0.0,APPROACHING
972,0.1264997234211401,85398,-201192,0,0,0.0,APPROACHING
973,0.1223267185473883,85398,-201192,0,0,0.0,APPROACHING
974,0.11829079025246188,85398,-201192,0,0,0.0,APPROACHING
975,0.11438744806587713,85398,-201192,0,0,0.0,APPROACHING
976,0.1106123519866059,85398,-201192,0,0,0.0,APPROACHING
977,0.10696130658225021,85398,-201192,0,0,0.0,APPROACHING
978,0.10343025546769537,85398,-201192,0,0,0.0,APPROACHING
979,0.10001527611972291,86338,-202194,0,0,0.0,APPROACHING
980,0.09671257499039586,86338,-202194,0,0,0.0,APPROACHING
981,0.09351848288740093,86338,-202194,0,0,0.0,APPROACHING
982,0.09042945059408909,86338,-202194,0,0,0.0,APPROACHING
983,0.08744204470582012,86338,-202194,0,0,0.0,APPROACHING
984,0.08455294366249046,86338,-202194,0,0,0.0,APPROACHING
985,0.08175893395990427,86338,-202194,0,0,0.0,APPROACHING
986,0.07905690652500134,86338,-202194,0,0,0.0,APPROACHING
987,0.07644385324195364,86338,-202194,0,0,0.0,APPROACHING
988,0.07391686361783799,86338,-202194,0,0,0.0,APPROACHING
989,0.07147312157803182,86338,-202194,0,0,0.0,APPROACHING
990,0.06910990238269991,86338,-202194,0,0,0.0,APPROACHING
991,0.06682456965677984,86338,-202194,0,0,0.0,APPROACHING
992,0.06461457252675643,86338,-202194,0,0,0.0,APPROACHING
993,0.062477442858269755,86338,-202194,0,0,0.0,APPROACHING
994,0.06041079258924021,86338,-202194,0,0,0.0,APPROACHING
995,0.058412311153743776,87047,-203001,0,0,0.0,APPROACHING
996,0.05647976299233778,87047,-203001,0,0,0.0,APPROACHING
997,0.05461098514493849,87047,-203001,0,0,0.0,APPROACHING
998,0.0528038849226979,87047,-203001,0,0,0.0,APPROACHING
999,0.05105643765562073,87047,-203001,0,0,0.0,APPROACHING
1000,0.04936668451292164,87047,-203001,0,0,0.0,APPROACHING
1001,0.047732730393342304,87047,-203001,0,0,0.0,APPROACHING
1002,0.04615274188284052,87047,-203001,0,0,0.0,APPROACHING
1003,0.044624945277232646,87047,-203001,0,0,0.0,APPROACHING
1004,0.043147624667517856,87047,-203001,0,0,0.0,APPROACHING
1005,0.04171912008574042,87047,-203001,0,0,0.0,APPROACHING
1006,0.04033782570936314,87047,-203001,0,0,0.0,APPROACHING
1007,0.0,87047,-203001,0,0,0.0,STOPPING
1008,0.0,87047,-203001,0,0,0.0,STOPPING
1009,0.0,87047,-203001,0,0,0.0,STOPPING
1010,0.0,87445,-203439,0,0,0.0,STEPPER_DOWN
1011,0.0,87445,-203439,0,0,0.2,STEPPER_DOWN
1012,0.0,87445,-203439,0,0,0.4,STEPPER_DOWN
1013,0.0,87445,-203439,0,0,0.6000000000000001,STEPPER_DOWN
1014,0.0,87445,-203439,0,0,0.8,STEPPER_DOWN
1015,0.0,87445,-203439,0,0,1.0,BENIH_BUKA
1016,0.0,87445,-203439,0,0,1.0,BENIH_BUKA
1017,0.0,87445,-203439,0,0,1.0,BENIH_BUKA
1018,0.0,87445,-203439,0,0,1.0,BENIH_BUKA
1019,0.0,87445,-203439,0,0,1.0,BENIH_BUKA
1020,0.0,87445,-203439,0,0,1.0,BENIH_DORONG
1021,0.0,87445,-203439,0,0,1.0,HOLDING
1022,0.0,87445,-203439,0,0,1.0,HOLDING
1023,0.0,87445,-203439,0,0,1.0,STEPPER_UP
1024,0.0,87445,-203439,0,0,0.75,STEPPER_UP
1025,0.0,87445,-203439,0,0,0.5,STEPPER_UP
1026,0.0,87453,-203437,0,0,0.2499999999999999,STEPPER_UP
1027,0.0,87453,-203437,0,0,0.0,WAITING
1028,0.0,87453,-203437,0,0,0.0,WAITING
1029,0.0,87453,-203437,0,0,0.0,MOVING
1030,0.19890836043486948,87453,-203437,0,0,0.0,MOVING
1031,0.19894032392100436,87453,-203437,0,0,0.0,MOVING
1032,0.19897215866944543,87453,-203437,0,0,0.0,MOVING
1033,0.19900382062723343,87453,-203437,0,0,0.0,MOVING
1034,0.1990352683349936,87453,-203437,0,0,0.0,MOVING
1035,0.19906646286308494,87453,-203437,0,0,0.0,MOVING
1036,0.19909736774641607,87453,-203437,0,0,0.0,MOVING
1037,0.19912794891813257,87453,-203437,0,0,0.0,MOVING
1038,0.1991581746423673,87453,-203437,0,0,0.0,MOVING
1039,0.1991880154462366,87453,-203437,0,0,0.0,MOVING
1040,0.19921744405125452,87453,-203437,0,0,0.0,MOVING
1041,0.19924643530432795,87453,-203437,0,0,0.0,MOVING
1042,0.19927496610848663,87963,-203988,0,0,0.0,MOVING
1043,0.19930301535349287,87963,-203988,0,0,0.0,MOVING
1044,0.19933056384646777,87963,-203988,0,0,0.0,MOVING
1045,0.19935759424266208,87963,-203988,0,0,0.0,MOVING
1046,0.1993840909764923,87963,-203988,0,0,0.0,MOVING
1047,0.1994100401929541,87963,-203988,0,0,0.0,MOVING
1048,0.19943542967951858,87963,-203988,0,0,0.0,MOVING
1049,0.19946024879860777,87963,-203988,0,0,0.0,MOVING
1050,0.1994844884207399,87963,-203988,0,0,0.0,MOVING
1051,0.19950814085842694,87963,-203988,0,0,0.0,MOVING
1052,0.19953119980089884,87963,-203988,0,0,0.0,MOVING
1053,0.19955366024972349,87963,-203988,0,0,0.0,MOVING
1054,0.19957551845538213,87963,-203988,0,0,0.0,MOVING
1055,0.19959677185485403,87963,-203988,0,0,0.0,MOVING
1056,0.19961741901025584,87963,-203988,0,0,0.0,MOVING
1057,0.19963745954857415,89009,-205124,0,0,0.0,MOVING
1058,0.1996568941025211,89009,-205124,0,0,0.0,MOVING
1059,0.1996757242525356,89009,-205124,0,0,0.0,MOVING
1060,0.19969395246994223,89009,-205124,0,0,0.0,MOVING
1061,0.19971158206127282,89009,-205124,0,0,0.0,MOVING
1062,0.199728617113743,89009,-205124,0,0,0.0,MOVING
1063,0.1997450624418657,89009,-205124,0,0,0.0,MOVING
1064,0.19976092353517025,89009,-205124,0,0,0.0,MOVING
1065,0.19977620650697991,89009,-205124,0,0,0.0,MOVING
1066,0.19979091804418303,89009,-205124,0,0,0.0,MOVING
1067,0.19980506535791115,89009,-205124,0,0,0.0,MOVING
1068,0.19981865613500996,89009,-205124,0,0,0.0,MOVING
1069,0.19983169849015625,89009,-205124,0,0,0.0,MOVING
1070,0.19984420091843047,89009,-205124,0,0,0.0,MOVING
1071,0.19985617224809948,89009,-205124,0,0,0.0,MOVING
1072,0.19986762159329147,90048,-206276,0,0,0.0,MOVING
1073,0.19987855830614654,90048,-206276,0,0,0.0,MOVING
1074,0.19988899192789497,90048,-206276,0,0,0.0,MOVING
1075,0.1998989321381312,90048,-206276,0,0,0.0,MOVING
1076,0.19990838870129324,90048,-206276,0,0,0.0,MOVING
1077,0.19985488839833093,90048,-206276,0,0,0.0,MOVING
1078,0.19980074163736028,90048,-206276,0,0,0.0,MOVING
1079,0.19974714844019437,90048,-206276,0,0,0.0,MOVING
1080,0.1996833081955742,90048,-206276,0,0,0.0,MOVING
1081,0.19947323307802295,90048,-206276,0,0,0.0,MOVING
1082,0.1992604035931671,90048,-206276,0,0,0.0,MOVING
1083,0.19904944425769935,90048,-206276,0,0,0.0,MOVING
1084,0.19880438135612505,90048,-206276,0,0,0.0,MOVING
1085,0.1984036921839036,90048,-206276,0,0,0.0,MOVING
1086,0.19801056842924758,90048,-206276,0,0,0.0,MOVING
1087,0.19762901689788495,90048,-206276,0,0,0.0,MOVING
1088,0.19716903292263233,91054,-207414,1,0,0.0,MOVING
1089,0.19658079137496315,91054,-207414,1,0,0.0,MOVING
1090,0.1960153251644027,91054,-207414,1,0,0.0,MOVING
1091,0.19547536248777242,91054,-207414,1,0,0.0,MOVING
1092,0.1947788930524086,91054,-207414,1,0,0.0,MOVING
1093,0.1940267332531288,91054,-207414,1,0,0.0,MOVING
1094,0.1933150090610736,91054,-207414,2,0,0.0,MOVING
1095,0.1926350495317096,91054,-207414,2,0,0.0,MOVING
1096,0.19169765385035095,91054,-207414,2,0,0.0,MOVING
1097,0.19081930052378923,91054,-207414,2,0,0.0,MOVING
1098,0.18999964679179193,91054,-207414,2,0,0.0,MOVING
1099,0.1890769660126271,91054,-207414,3,0,0.0,MOVING
1100,0.18804047329800044,91054,-207414,3,0,0.0,MOVING
1101,0.18708272752457394,91054,-207414,3,0,0.0,MOVING
1102,0.18620049002636907,91054,-207414,3,0,0.0,MOVING
1103,0.18503105849287774,91054,-207414,4,0,0.0,MOVING
1104,0.18394899822939909,92013,-208523,4,3,0.0,MOVING
1105,0.18296203068035344,92013,-208523,4,3,0.0,MOVING
1106,0.18185819602884526,92013,-208523,4,3,0.0,MOVING
1107,0.18066671532475492,92013,-208523,5,3,0.0,MOVING
1108,0.1795911542585043,92013,-208523,5,3,0.0,MOVING
1109,0.17858478392974508,92013,-208523,5,3,0.0,MOVING
1110,0.17729878873816893,92013,-208523,5,3,0.0,MOVING
1111,0.17615039400039023,92013,-208523,6,3,0.0,MOVING
1112,0.17512585354650154,92013,-208523,6,3,0.0,MOVING
1113,0.17391635129459004,92013,-208523,6,3,0.0,MOVING
1114,0.17270879963391667,92013,-208523,6,3,0.0,MOVING
1115,0.17164246179653253,92013,-208523,6,3,0.0,MOVING
1116,0.17058363537863155,92013,-208523,7,3,0.0,MOVING
1117,0.1693273280218146,92013,-208523,7,3,0.0,MOVING
1118,0.1682294744554195,92013,-208523,7,3,0.0,MOVING
1119,0.16727002231104693,92992,-209615,7,7,0.0,MOVING
1120,0.1660644072708859,92992,-209615,8,7,0.0,MOVING
1121,0.16494102187327606,92992,-209615,8,7,0.0,MOVING
1122,0.1639687602198078,92992,-209615,8,7,0.0,MOVING
1123,0.16297507038056588,92992,-209615,8,7,0.0,MOVING
1124,0.16182687857394776,92992,-209615,8,7,0.0,MOVING
1125,0.16084291143424356,92992,-209615,9,7,0.0,MOVING
1126,0.15999934353055392,92992,-209615,9,7,0.0,MOVING
1127,0.15892934108562554,92992,-209615,9,7,0.0,MOVING
1128,0.15792976329432318,92992,-209615,9,7,0.0,MOVING
1129,0.15708061180667288,92992,-209615,9,7,0.0,MOVING
1130,0.15628911077544255,92992,-209615,10,7,0.0,MOVING
1131,0.15526418133465322,92992,-209615,10,7,0.0,MOVING
1132,0.15440159487842312,92992,-209615,10,7,0.0,MOVING
1133,0.15367553988029917,92992,-209615,10,7,0.0,MOVING
1134,0.152880840528068,93933,-210667,10,10,0.0,MOVING
1135,0.15199141569362615,93933,-210667,10,10,0.0,MOVING
1136,0.151249098459139,93933,-210667,10,10,0.0,MOVING
1137,0.1506305489035789,93933,-210667,11,10,0.0,MOVING
1138,0.14987799146696196,93933,-210667,11,10,0.0,MOVING
1139,0.14910317846011953,93933,-210667,11,10,0.0,MOVING
1140,0.14846231038764954,93933,-210667,11,10,0.0,MOVING
1141,0.14793421633022774,93933,-210667,11,10,0.0,MOVING
1142,0.1472653578127081,93933,-210667,11,10,0.0,MOVING
1143,0.1465834010031177,93933,-210667,11,10,0.0,MOVING
1144,0.14602471886296206,93933,-210667,11,10,0.0,MOVING
1145,0.14556987256233594,93933,-210667,12,10,0.0,MOVING
1146,0.14502296197733963,93933,-210667,12,10,0.0,MOVING
1147,0.14441234992216545,94813,-211680,12,12,0.0,MOVING
1148,0.1439169947631608,94813,-211680,12,12,0.0,MOVING
1149,0.14351868953640792,94813,-211680,12,12,0.0,MOVING
1150,0.14312990062468167,94813,-211680,12,12,0.0,MOVING
1151,0.14256972169423474,94813,-211680,12,12,0.0,MOVING
1152,0.1421195042061877,94813,-211680,12,12,0.0,MOVING
1153,0.14176173380994375,94813,-211680,12,12,0.0,MOVING
1154,0.14148289909061493,94813,-211680,12,12,0.0,MOVING
1155,0.14103919253985048,94813,-211680,12,12,0.0,MOVING
1156,0.1406162967839729,94813,-211680,12,12,0.0,MOVING
1157,0.14028350373890747,94813,-211680,12,12,0.0,MOVING
1158,0.14002744680137752,94813,-211680,13,12,0.0,MOVING
1159,0.1398081014261414,94813,-211680,13,12,0.0,MOVING
1160,0.13939455546555415,94813,-211680,13,12,0.0,MOVING
1161,0.13907121199707015,95723,-212702,13,13,0.0,MOVING
1162,0.13882434830378385,95723,-212702,13,13,0.0,MOVING
1163,0.13864329088122915,95723,-212702,13,13,0.0,MOVING
1164,0.13844862845339995,95723,-212702,13,13,0.0,MOVING
1165,0.13811838729662532,95723,-212702,13,13,0.0,MOVING
1166,0.13786659881673977,95723,-212702,13,13,0.0,MOVING
1167,0.13768192626259604,95723,-212702,13,13,0.0,MOVING
1168,0.1375554654951556,95723,-212702,13,13,0.0,MOVING
1169,0.13745418418415198,95723,-212702,13,13,0.0,MOVING
1170,0.13731209794989474,95723,-212702,13,13,0.0,MOVING
1171,0.13722304494787596,95723,-212702,13,13,0.0,MOVING
1172,0.1371808756690161,95723,-212702,13,13,0.0,MOVING
1173,0.13718057884344104,95723,-212702,13,13,0.0,MOVING
1174,0.1372180267631438,95723,-212702,13,13,0.0,MOVING
1175,0.13728978766767638,95723,-212702,13,13,0.0,MOVING
1176,0.1373929850528695,96638,-213720,13,13,0.0,MOVING
1177,0.1375251904915362,96638,-213720,13,13,0.0,MOVING
1178,0.1376843408263258,96638,-213720,13,13,0.0,MOVING
1179,0.13786867337627218,96638,-213720,13,13,0.0,MOVING
1180,0.13807667465142193,96638,-213720,13,13,0.0,MOVING
1181,0.1383070393295911,96638,-213720,13,13,0.0,MOVING
1182,0.13855863712151267,96638,-213720,13,13,0.0,MOVING
1183,0.13883048576468116,96638,-213720,13,13,0.0,MOVING
1184,0.1391217288250636,96638,-213720,13,13,0.0,MOVING
1185,0.13943161730386558,96638,-213720,13,13,0.0,MOVING
1186,0.1397594942799268,96638,-213720,13,13,0.0,MOVING
1187,0.1401047819916106,96638,-213720,13,13,0.0,MOVING
1188,0.14046697089211926,96638,-213720,12,13,0.0,MOVING
1189,0.14084561031077367,96638,-213720,12,13,0.0,MOVING
1190,0.14124030042825986,97565,-214725,12,12,0.0,MOVING
1191,0.14165068533210742,97565,-214725,12,12,0.0,MOVING
1192,0.14207644696402144,97565,-214725,12,12,0.0,MOVING
1193,0.14251729980627523,97565,-214725,12,12,0.0,MOVING
1194,0.14297298618251383,97565,-214725,12,12,0.0,MOVING
1195,0.14344327207072097,97565,-214725,12,12,0.0,MOVING
1196,0.1439279433440849,97565,-214725,12,12,0.0,MOVING
1197,0.14442680237002103,97565,-214725,12,12,0.0,MOVING
1198,0.14493966490942647,97565,-214725,12,12,0.0,MOVING
1199,0.14546635726794233,97565,-214725,12,12,0.0,MOVING
1200,0.14600671365900084,97565,-214725,11,12,0.0,MOVING
1201,0.1465605737451146,97565,-214725,11,12,0.0,MOVING
1202,0.14712778032947402,97565,-214725,11,12,0.0,MOVING
1203,0.14770817717468263,97565,-214725,11,12,0.0,MOVING
1204,0.14830160692954075,97565,-214725,11,12,0.0,MOVING
1205,0.14890790914833488,98501,-215729,11,11,0.0,MOVING
1206,0.1495269183901864,98501,-215729,11,11,0.0,MOVING
1207,0.15015846238877387,98501,-215729,11,11,0.0,MOVING
1208,0.15080236028521257,98501,-215729,11,11,0.0,MOVING
1209,0.15145842091911843,98501,-215729,10,11,0.0,MOVING
1210,0.15212644117494276,98501,-215729,10,11,0.0,MOVING
1211,0.15280620438256612,98501,-215729,10,11,0.0,MOVING
1212,0.15349747877291187,98501,-215729,10,11,0.0,MOVING
1213,0.15420001599099736,98501,-215729,10,11,0.0,MOVING
1214,0.1549135496703935,98501,-215729,10,11,0.0,MOVING
1215,0.1556377940745124,98501,-215729,10,11,0.0,MOVING
1216,0.15637244281149335,98501,-215729,10,11,0.0,MOVING
1217,0.15711716763069747,98501,-215729,9,11,0.0,MOVING
1218,0.15787161730994073,98501,-215729,9,11,0.0,MOVING
1219,0.1586354166435923,98501,-215729,9,11,0.0,MOVING
1220,0.15940816554250178,99419,-216787,9,9,0.0,MOVING
1221,0.16018943825740262,99419,-216787,9,9,0.0,MOVING
1222,0.16097878273792587,99419,-216787,9,9,0.0,MOVING
1223,0.16177572013964375,99419,-216787,8,9,0.0,MOVING
1224,0.16257974449161477,99419,-216787,8,9,0.0,MOVING
1225,0.16339032253670813,99419,-216787,8,9,0.0,MOVING
1226,0.1642068937565171,99419,-216787,8,9,0.0,MOVING
1227,0.16502887059192664,99419,-216787,8,9,0.0,MOVING
1228,0.16585563886935123,99419,-216787,8,9,0.0,MOVING
1229,0.16668655844131386,99419,-216787,7,9,0.0,MOVING
1230,0.16752096404838543,99419,-216787,7,9,0.0,MOVING
1231,0.16835816640755505,99419,-216787,7,9,0.0,MOVING
1232,0.16919745352987572,99419,-216787,7,9,0.0,MOVING
1233,0.17003809226773636,99419,-216787,7,9,0.0,MOVING
1234,0.17087933008939926,99419,-216787,7,9,0.0,MOVING
1235,0.171720397075537,100365,-217821,6,7,0.0,MOVING
1236,0.17256050812946327,100365,-217821,6,7,0.0,MOVING
1237,0.17339886538962973,100365,-217821,6,7,0.0,MOVING
1238,0.17423466082982217,100365,-217821,6,7,0.0,MOVING
1239,0.17506707902940122,100365,-217821,6,7,0.0,MOVING
1240,0.17589530009296583,100365,-217821,6,7,0.0,MOVING
1241,0.17671850269605052,100365,-217821,5,7,0.0,MOVING
1242,0.17753586723096296,100365,-217821,5,7,0.0,MOVING
1243,0.17834657902470546,100365,-217821,5,7,0.0,MOVING
1244,0.17914983159915596,100365,-217821,5,7,0.0,MOVING
1245,0.17994482994237057,100365,-217821,5,7,0.0,MOVING
1246,0.18073079375905166,100365,-217821,5,7,0.0,MOVING
1247,0.18150696066793198,100365,-217821,4,7,0.0,MOVING
1248,0.18227258931407858,100365,-217821,4,7,0.0,MOVING
1249,0.1830269623649135,100365,-217821,4,7,0.0,MOVING
1250,0.1837693893600747,101351,-218899,4,4,0.0,MOVING
1251,0.18449920938706937,101351,-218899,4,4,0.0,MOVING
1252,0.1852157935569574,101351,-218899,4,4,0.0,MOVING
1253,0.18591854725698992,101351,-218899,3,4,0.0,MOVING
1254,0.1866069121601528,101351,-218899,3,4,0.0,MOVING
1255,0.18728036797484082,101351,-218899,3,4,0.0,MOVING
1256,0.18793843392134332,101351,-218899,3,4,0.0,MOVING
1257,0.18858066992535735,101351,-218899,3,4,0.0,MOVING
1258,0.1892066775222747,101351,-218899,3,4,0.0,MOVING
1259,0.18981610046942476,101351,-218899,2,4,0.0,MOVING
1260,0.1904086250667003,101351,-218899,2,4,0.0,MOVING
1261,0.19098398018897056,101351,-218899,2,4,0.0,MOVING
1262,0.1915419370363064,101351,-218899,2,4,0.0,MOVING
1263,0.19208230861022313,101351,-218899,2,4,0.0,MOVING
1264,0.19260494892581242,102335,-219970,2,2,0.0,MOVING
1265,0.19310975197069472,102335,-219970,2,2,0.0,MOVING
1266,0.19359665042208196,102335,-219970,2,2,0.0,MOVING
1267,0.19406561413277995,102335,-219970,1,2,0.0,MOVING
1268,0.1945166483955272,102335,-219970,1,2,0.0,MOVING
1269,0.1949497919924425,102335,-219970,1,2,0.0,MOVING
1270,0.19536511503222972,102335,-219970,1,2,0.0,MOVING
1271,0.19576271657169053,102335,-219970,1,2,0.0,MOVING
1272,0.19614272200931246,102335,-219970,1,2,0.0,MOVING
1273,0.19650528022610758,102335,-219970,1,2,0.0,MOVING
1274,0.19685056043069193,102335,-219970,1,2,0.0,MOVING
1275,0.19717874863891194,102335,-219970,1,2,0.0,MOVING
1276,0.1974900436782967,102335,-219970,0,2,0.0,MOVING
1277,0.19778465254590202,102335,-219970,0,2,0.0,MOVING
1278,0.19806278484990336,102335,-219970,0,2,0.0,MOVING
1279,0.19832464590320015,102335,-219970,0,2,0.0,MOVING
1280,0.19857042775825473,103329,-221035,0,0,0.0,MOVING
1281,0.19880029696789603,103329,-221035,0,0,0.0,MOVING
1282,0.19901437688980192,103329,-221035,0,0,0.0,MOVING
1283,0.199212720361602,103329,-221035,0,0,0.0,MOVING
1284,0.19939526408907013,103329,-221035,0,0,0.0,MOVING
1285,0.19956174471949115,103329,-221035,0,0,0.0,MOVING
1286,0.19971152257697306,103329,-221035,0,0,0.0,APPROACHING
1287,0.191581480589998,103329,-221035,0,0,0.0,APPROACHING
1288,0.1853059610234121,103329,-221035,0,0,0.0,APPROACHING
1289,0.17916906423370335,103329,-221035,-1,0,0.0,APPROACHING
1290,0.17313589789725148,103329,-221035,-1,0,0.0,APPROACHING
1291,0.16730281377507736,103329,-221035,-1,0,0.0,APPROACHING
1292,0.16166914893497691,103329,-221035,-1,0,0.0,APPROACHING
1293,0.15622994146037797,103329,-221035,-1,0,0.0,APPROACHING
1294,0.15097917056150917,103329,-221035,-1,0,0.0,APPROACHING
1295,0.14591050551610169,103329,-221035,-1,0,0.0,APPROACHING
1296,0.14101758772784073,104319,-222183,-1,-1,0.0,APPROACHING
1297,0.13629415857947644,104319,-222183,-1,-1,0.0,APPROACHING
1298,0.131734122092624,104319,-222183,-1,-1,0.0,APPROACHING
1299,0.12733157582032967,104319,-222183,-1,-1,0.0,APPROACHING
1300,0.12308082483033149,104319,-222183,-1,-1,0.0,APPROACHING
1301,0.11897638617941844,104319,-222183,-1,-1,0.0,APPROACHING
1302,0.1150129878742819,104319,-222183,-1,-1,0.0,APPROACHING
1303,0.1111855646053953,104319,-222183,-1,-1,0.0,APPROACHING
1304,0.10748925161878421,104319,-222183,-1,-1,0.0,APPROACHING
1305,0.10391937756485636,104319,-222183,-1,-1,0.0,APPROACHING
1306,0.10047145685021913,104319,-222183,-1,-1,0.0,APPROACHING
1307,0.09714118182525129,104319,-222183,-1,-1,0.0,APPROACHING
1308,0.09392441501789145,104319,-222183,-1,-1,0.0,APPROACHING
1309,0.09081718154509581,104319,-222183,-1,-1,0.0,APPROACHING
1310,0.08781566178164625,104319,-222183,-1,-1,0.0,APPROACHING
1311,0.08491618433176303,105190,-223163,-1,-1,0.0,APPROACHING
1312,0.0821152193262718,105190,-223163,-1,-1,0.0,APPROACHING
1313,0.07940937205304743,105190,-223163,-1,-1,0.0,APPROACHING
1314,0.076795376918616,105190,-223163,-1,-1,0.0,APPROACHING
1315,0.07427009173247005,105190,-223163,-1,-1,0.0,APPROACHING
1316,0.07183049230174281,105190,-223163,-1,-1,0.0,APPROACHING
1317,0.06947366732161492,105190,-223163,-1,-1,0.0,APPROACHING
1318,0.06719681354568595,105190,-223163,-1,-1,0.0,APPROACHING
1319,0.06499723122016111,105190,-223163,-1,-1,0.0,APPROACHING
1320,0.06287231976582616,105190,-223163,-1,-1,0.0,APPROACHING
1321,0.06081957369224063,105190,-223163,-1,-1,0.0,APPROACHING
1322,0.05883657872924425,105190,-223163,-1,-1,0.0,APPROACHING
1323,0.05692100816165474,105190,-223163,-1,-1,0.0,APPROACHING
1324,0.055070619353879496,105190,-223163,-1,-1,0.0,APPROACHING
1325,0.053283250452031555,105190,-223163,-1,-1,0.0,APPROACHING
1326,0.05155681725199487,105190,-223163,-1,-1,0.0,APPROACHING
1327,0.04988931022271569,105803,-223873,-1,-1,0.0,APPROACHING
1328,0.0482787916747906,105803,-223873,-1,-1,0.0,APPROACHING
1329,0.04672339306516903,105803,-223873,-1,-1,0.0,APPROACHING
1330,0.045221312429489444,105803,-223873,-1,-1,0.0,APPROACHING
1331,0.04377081193421903,105803,-223873,-1,-1,0.0,APPROACHING
1332,0.04237021554137049,105803,-223873,-1,-1,0.0,APPROACHING
1333,0.04101790677912313,105803,-223873,-1,-1,0.0,APPROACHING
1334,0.03971232661218838,105803,-223873,-1,-1,0.0,APPROACHING
1335,0.0,105803,-223873,0,-1,0.0,STOPPING
1336,0.0,105803,-223873,0,-1,0.0,STOPPING
1337,0.0,105803,-223873,0,-1,0.0,STOPPING
1338,0.0,105803,-223873,0,-1,0.0,STEPPER_DOWN
1339,0.0,105803,-223873,0,-1,0.2,STEPPER_DOWN
1340,0.0,105803,-223873,0,-1,0.4,STEPPER_DOWN
1341,0.0,105803,-223873,0,-1,0.6000000000000001,STEPPER_DOWN
1342,0.0,106053,-224124,0,0,0.8,STEPPER_DOWN
1343,0.0,106053,-224124,0,0,1.0,BENIH_BUKA
1344,0.0,106053,-224124,0,0,1.0,BENIH_BUKA
1345,0.0,106053,-224124,0,0,1.0,BENIH_BUKA
1346,0.0,106053,-224124,0,0,1.0,BENIH_BUKA
1347,0.0,106053,-224124,0,0,1.0,BENIH_BUKA
1348,0.0,106053,-224124,0,0,1.0,BENIH_DORONG
1349,0.0,106053,-224124,0,0,1.0,HOLDING
1350,0.0,106053,-224124,0,0,1.0,HOLDING
1351,0.0,106053,-224124,0,0,1.0,STEPPER_UP
1352,0.0,106053,-224124,0,0,0.75,STEPPER_UP
1353,0.0,106053,-224124,0,0,0.5,STEPPER_UP
1354,0.0,106053,-224124,0,0,0.2499999999999999,STEPPER_UP
1355,0.0,106053,-224124,0,0,0.0,WAITING
1356,0.0,106053,-224124,0,0,0.0,WAITING
1357,0.0,106053,-224124,0,0,0.0,MOVING
1358,0.19836848404203708,106053,-224124,-1,0,0.0,MOVING
1359,0.19833717681751997,106053,-224124,-1,0,0.0,MOVING
1360,0.19830976355584756,106053,-224124,-1,0,0.0,MOVING
1361,0.19828611467533486,106053,-224124,-1,0,0.0,MOVING
1362,0.1982660976481759,106053,-224124,-1,0,0.0,MOVING
1363,0.19824957786309014,106053,-224124,-1,0,0.0,MOVING
1364,0.19823641936988018,106053,-224124,-1,0,0.0,MOVING
1365,0.19822648552427946,106053,-224124,-1,0,0.0,MOVING
1366,0.1982196395479967,106053,-224124,-1,0,0.0,MOVING
1367,0.19821574501615377,106053,-224124,-1,0,0.0,MOVING
1368,0.19821466628217857,106053,-224124,-1,0,0.0,MOVING
1369,0.1982162688485133,106053,-224124,-1,0,0.0,MOVING
1370,0.19822041969013368,106053,-224124,-1,0,0.0,MOVING
1371,0.19822698753677115,106053,-224124,-1,0,0.0,MOVING
1372,0.19823584311882797,106053,-224124,-1,0,0.0,MOVING
1373,0.19824685938123676,106053,-224124,-1,0,0.0,MOVING
1374,0.19825991166890455,106832,-224972,-1,-1,0.0,APPROACHING
1375,0.18909378248226485,106832,-224972,-1,-1,0.0,APPROACHING
1376,0.18286180536243554,106832,-224972,-1,-1,0.0,APPROACHING
1377,0.17683545535036985,106832,-224972,-1,-1,0.0,APPROACHING
1378,0.1710077343667221,106832,-224972,-1,-1,0.0,APPROACHING
1379,0.16537192646595938,106832,-224972,-1,-1,0.0,APPROACHING
1380,0.15992157938616347,106832,-224972,-1,-1,0.0,APPROACHING
1381,0.15465048817361565,106832,-224972,-1,-1,0.0,APPROACHING
1382,0.14955268059184268,106832,-224972,-1,-1,0.0,APPROACHING
1383,0.1446224040660435,106832,-224972,-1,-1,0.0,APPROACHING
1384,0.13985411394964972,106832,-224972,-1,-1,0.0,APPROACHING
1385,0.1352424629307488,106832,-224972,-1,-1,0.0,APPROACHING
1386,0.13078229142275705,106832,-224972,-1,-1,0.0,APPROACHING
1387,0.12646861880661536,106832,-224972,-1,-1,0.0,APPROACHING
1388,0.1222966354113559,106832,-224972,-1,-1,0.0,APPROACHING
1389,0.11826169513661515,107769,-226012,-1,-1,0.0,APPROACHING
1390,0.11435930863492737,107769,-226012,-1,-1,0.0,APPROACHING
1391,0.11058513698377363,107769,-226012,-1,-1,0.0,APPROACHING
1392,0.10693498578768969,107769,-226012,-1,-1,0.0,APPROACHING
1393,0.10340479965951055,107769,-226012,-1,-1,0.0,APPROACHING
1394,0.09999065703728223,107769,-226012,-1,-1,0.0,APPROACHING
1395,0.0966887652996959,107769,-226012,-1,-1,0.0,APPROACHING
1396,0.09349545614826535,107769,-226012,-1,-1,0.0,APPROACHING
1397,0.09040718122901985,107769,-226012,-1,-1,0.0,APPROACHING
1398,0.08742050797034259,107769,-226012,-1,-1,0.0,APPROACHING
1399,0.08453211561685872,107769,-226012,-1,-1,0.0,APPROACHING
1400,0.08173879144204846,107769,-226012,-1,-1,0.0,APPROACHING
1401,0.07903742712461594,107769,-226012,-1,-1,0.0,APPROACHING
1402,0.07642501527564019,107769,-226012,-1,-1,0.0,APPROACHING
1403,0.07389864610522459,107769,-226012,-1,-1,0.0,APPROACHING
1404,0.07145550421880395,107769,-226012,-1,-1,0.0,APPROACHING
1405,0.06909286553448254,108547,-226917,-1,-1,0.0,APPROACHING
1406,0.06680809431382057,108547,-226917,-1,-1,0.0,APPROACHING
1407,0.0645986402993633,108547,-226917,-1,-1,0.0,APPROACHING
1408,0.06246203595296327,108547,-226917,-1,-1,0.0,APPROACHING
1409,0.060395893789582766,108547,-226917,-1,-1,0.0,APPROACHING
1410,0.05839790380181475,108547,-226917,-1,-1,0.0,APPROACHING
1411,0.05646583097082312,108547,-226917,-1,-1,0.0,APPROACHING
1412,0.05459751285980961,108547,-226917,-1,-1,0.0,APPROACHING
1413,0.05279085728645427,108547,-226917,-1,-1,0.0,APPROACHING
1414,0.05104384007107364,108547,-226917,-1,-1,0.0,APPROACHING
1415,0.04935450285749862,108547,-226917,-1,-1,0.0,APPROACHING
1416,0.04772095100389192,108547,-226917,-1,-1,0.0,APPROACHING
1417,0.04614135154092074,108547,-226917,-1,-1,0.0,APPROACHING
1418,0.04461393119486466,108547,-226917,-1,-1,0.0,APPROACHING
1419,0.043136974473389975,108547,-226917,-1,-1,0.0,APPROACHING
1420,0.04170882181184651,108547,-226917,-1,-1,0.0,APPROACHING
1421,0.04032786777806169,109028,-227487,-1,-1,0.0,APPROACHING
1422,0.0,109028,-227487,0,-1,0.0,STOPPING
1423,0.0,109028,-227487,0,-1,0.0,STOPPING
1424,0.0,109028,-227487,0,-1,0.0,STOPPING
1425,0.0,109028,-227487,0,-1,0.0,STEPPER_DOWN
1426,0.0,109028,-227487,0,-1,0.2,STEPPER_DOWN
1427,0.0,109028,-227487,0,-1,0.4,STEPPER_DOWN
1428,0.0,109028,-227487,0,-1,0.6000000000000001,STEPPER_DOWN
1429,0.0,109028,-227487,0,-1,0.8,STEPPER_DOWN
1430,0.0,109028,-227487,0,-1,1.0,BENIH_BUKA
1431,0.0,109028,-227487,0,-1,1.0,BENIH_BUKA
1432,0.0,109028,-227487,0,-1,1.0,BENIH_BUKA
1433,0.0,109028,-227487,0,-1,1.0,BENIH_BUKA
1434,0.0,109028,-227487,0,-1,1.0,BENIH_BUKA
1435,0.0,109028,-227487,0,-1,1.0,BENIH_DORONG
1436,0.0,109136,-227569,0,0,1.0,HOLDING
1437,0.0,109136,-227569,0,0,1.0,HOLDING
1438,0.0,109136,-227569,0,0,1.0,STEPPER_UP
1439,0.0,109136,-227569,0,0,0.75,STEPPER_UP
1440,0.0,109136,-227569,0,0,0.5,STEPPER_UP
1441,0.0,109136,-227569,0,0,0.2499999999999999,STEPPER_UP
1442,0.0,109136,-227569,0,0,0.0,WAITING
1443,0.0,109136,-227569,0,0,0.0,WAITING
1444,0.0,109136,-227569,0,0,0.0,MOVING
1445,0.19890840721121592,109136,-227569,-1,0,0.0,MOVING
1446,0.198940370343078,109136,-227569,-1,0,0.0,MOVING
1447,0.19897220468277627,109136,-227569,-1,0,0.0,MOVING
1448,0.1990038661808601,109136,-227569,-1,0,0.0,MOVING
1449,0.19903531338136904,109136,-227569,-1,0,0.0,MOVING
1450,0.19906650735798026,109136,-227569,-1,0,0.0,MOVING
1451,0.19909741164882389,109136,-227569,-1,0,0.0,MOVING
1452,0.19912799219016897,109377,-227817,-1,-1,0.0,MOVING
1453,0.19915821724917357,109377,-227817,-1,-1,0.0,MOVING
1454,0.19918805735588033,109377,-227817,-1,-1,0.0,MOVING
1455,0.1992174852346308,109377,-227817,-1,-1,0.0,MOVING
1456,0.19924647573506016,109377,-227817,-1,-1,0.0,MOVING
1457,0.19927500576282786,109377,-227817,-1,-1,0.0,MOVING
1458,0.19930305421022765,109377,-227817,-1,-1,0.0,MOVING
1459,0.19933060188681406,109377,-227817,-1,-1,0.0,MOVING
1460,0.19935763145017427,109377,-227817,-1,-1,0.0,MOVING
1461,0.19938412733696487,109377,-227817,-1,-1,0.0,MOVING
1462,0.19941007569432656,109377,-227817,-1,-1,0.0,MOVING
1463,0.19943546431178105,109377,-227817,-1,-1,0.0,MOVING
1464,0.199460282553708,109377,-227817,-1,-1,0.0,MOVING
1465,0.19948452129249172,109377,-227817,-1,-1,0.0,MOVING
1466,0.19950817284241992,109377,-227817,-1,-1,0.0,MOVING
1467,0.19953123089440955,110410,-228920,-1,-1,0.0,MOVING
1468,0.19955369045162824,110410,-228920,-1,-1,0.0,MOVING
1469,0.19957554776607145,110410,-228920,-1,-1,0.0,MOVING
1470,0.1995968002761487,110410,-228920,-1,-1,0.0,MOVING
1471,0.19961744654532484,110410,-228920,-1,-1,0.0,MOVING
1472,0.19963748620185406,110410,-228920,-1,-1,0.0,MOVING
1473,0.19965691987963774,110410,-228920,-1,-1,0.0,MOVING
1474,0.19967574916022696,110410,-228920,-1,-1,0.0,MOVING
1475,0.19969397651598375,110410,-228920,-1,-1,0.0,MOVING
1476,0.1997116052544039,110410,-228920,-1,-1,0.0,MOVING
1477,0.19972863946359584,110410,-228920,-1,-1,0.0,MOVING
1478,0.19974508395889548,110410,-228920,-1,-1,0.0,MOVING
1479,0.19976094423058713,110410,-228920,-1,-1,0.0,MOVING
1480,0.19977622639268278,110410,-228920,-1,-1,0.0,MOVING
1481,0.19979093713269463,110410,-228920,-1,-1,0.0,MOVING
1482,0.19980508366231448,110410,-228920,-1,-1,0.0,MOVING
1483,0.1998186736688862,111461,-230077,-1,-1,0.0,MOVING
1484,0.19983171526752347,111461,-230077,-1,-1,0.0,MOVING
1485,0.19984421695368307,111461,-230077,-1,-1,0.0,MOVING
1486,0.19985618755594836,111461,-230077,-1,-1,0.0,MOVING
1487,0.19986763618870385,111461,-230077,-1,-1,0.0,MOVING
1488,0.19987857220428518,111461,-230077,-1,-1,0.0,MOVING
1489,0.19988900514405628,111461,-230077,-1,-1,0.0,MOVING
1490,0.19989894468768074,111461,-230077,-1,-1,0.0,MOVING
1491,0.19990840059959752,111461,-230077,-1,-1,0.0,MOVING
1492,0.19985480519436538,111461,-230077,-1,-1,0.0,MOVING
1493,0.19980065849159756,111461,-230077,-1,-1,0.0,MOVING
1494,0.19974706655890817,111461,-230077,-1,-1,0.0,MOVING
1495,0.19968300718843357,111461,-230077,-1,-1,0.0,MOVING
1496,0.199472923007249,111461,-230077,-1,-1,0.0,MOVING
1497,0.19926009354262375,111461,-230077,-1,-1,0.0,MOVING
1498,0.19904913923201878,112452,-231206,-1,-1,0.0,MOVING
1499,0.1988037979851585,112452,-231206,-1,-1,0.0,MOVING
1500,0.19840311599119295,112452,-231206,-1,-1,0.0,MOVING
1501,0.19801000669930424,112452,-231206,-1,-1,0.0,MOVING
1502,0.19762847421187324,112452,-231206,-2,-1,0.0,MOVING
1503,0.19716816563051626,112452,-231206,-2,-1,0.0,MOVING
1504,0.19657995464249112,112452,-231206,-2,-1,0.0,MOVING
1505,0.19601452396554553,112452,-231206,-2,-1,0.0,MOVING
1506,0.19547459988127475,112452,-231206,-2,-1,0.0,MOVING
1507,0.19477776850995052,112452,-231206,-2,-1,0.0,MOVING
1508,0.19402566646531716,112452,-231206,-3,-1,0.0,MOVING
1509,0.19331400226477324,112452,-231206,-3,-1,0.0,MOVING
1510,0.1926336512780581,112452,-231206,-3,-1,0.0,MOVING
1511,0.19169634131780142,112452,-231206,-3,-1,0.0,MOVING
1512,0.19081807392079858,112452,-231206,-4,-1,0.0,MOVING
1513,0.18999850494543857,112452,-231206,-4,-1,0.0,MOVING
1514,0.1890754067022087,113454,-232326,-4,-3,0.0,MOVING
1515,0.1880390307668578,113454,-232326,-4,-3,0.0,MOVING
1516,0.1870813973631918,113454,-232326,-5,-3,0.0,MOVING
1517,0.1861992672320392,113454,-232326,-5,-3,0.0,MOVING
1518,0.1850294038466815,113454,-232326,-5,-3,0.0,MOVING
1519,0.18394748710535477,113454,-232326,-5,-3,0.0,MOVING
1520,0.18296065392876923,113454,-232326,-6,-3,0.0,MOVING
1521,0.1818563633987343,113454,-232326,-6,-3,0.0,MOVING
1522,0.18066505952310596,113454,-232326,-6,-3,0.0,MOVING
1523,0.17958966067391155,113454,-232326,-7,-3,0.0,MOVING
1524,0.1785828081398363,113454,-232326,-7,-3,0.0,MOVING
1525,0.1772970244613068,113454,-232326,-7,-3,0.0,MOVING
1526,0.17614881981452246,113454,-232326,-7,-3,0.0,MOVING
1527,0.1751244507074482,113454,-232326,-8,-3,0.0,MOVING
1528,0.17391447832091658,113454,-232326,-8,-3,0.0,MOVING
1529,0.17270714571959803,114431,-233415,-8,-7,0.0,MOVING
1530,0.1716410018840181,114431,-233415,-8,-7,0.0,MOVING
1531,0.17058168295937023,114431,-233415,-9,-7,0.0,MOVING
1532,0.1693256232775452,114431,-233415,-9,-7,0.0,MOVING
1533,0.1682279851574386,114431,-233415,-9,-7,0.0,MOVING
1534,0.16726872194518638,114431,-233415,-10,-7,0.0,MOVING
1535,0.16606264204619245,114431,-233415,-10,-7,0.0,MOVING
1536,0.16493949441140762,114431,-233415,-10,-7,0.0,MOVING
1537,0.1639674380765885,114431,-233415,-10,-7,0.0,MOVING
1538,0.1629732613718734,114431,-233415,-10,-7,0.0,MOVING
1539,0.1618253297816206,114431,-233415,-11,-7,0.0,MOVING
1540,0.16084158376732402,114431,-233415,-11,-7,0.0,MOVING
1541,0.15999820605064874,114431,-233415,-11,-7,0.0,MOVING
1542,0.15892775082087063,114431,-233415,-11,-7,0.0,MOVING
1543,0.1579284122420992,114431,-233415,-12,-7,0.0,MOVING
1544,0.15707946358750732,115382,-234458,-12,-11,0.0,MOVING
1545,0.156287481607533,115382,-234458,-12,-11,0.0,MOVING
1546,0.15526281179191623,115382,-234458,-12,-11,0.0,MOVING
1547,0.15440044201003997,115382,-234458,-12,-11,0.0,MOVING
1548,0.15367457063877732,115382,-234458,-13,-11,0.0,MOVING
1549,0.15287942225088416,115382,-234458,-13,-11,0.0,MOVING
1550,0.15199023264075004,115382,-234458,-13,-11,0.0,MOVING
1551,0.15124811177344336,115382,-234458,-13,-11,0.0,MOVING
1552,0.15062972871907343,115382,-234458,-13,-11,0.0,MOVING
1553,0.14987674802313627,115382,-234458,-13,-11,0.0,MOVING
1554,0.14910214936795965,115382,-234458,-14,-11,0.0,MOVING
1555,0.1484614603583699,115382,-234458,-14,-11,0.0,MOVING
1556,0.14793351825388013,115382,-234458,-14,-11,0.0,MOVING
1557,0.147264255558215,115382,-234458,-14,-11,0.0,MOVING
1558,0.1465824962315287,115382,-234458,-14,-11,0.0,MOVING
1559,0.14602397912491025,116319,-235478,-14,-14,0.0,MOVING
1560,0.14556927294982555,116319,-235478,-14,-14,0.0,MOVING
1561,0.1450219702210502,116319,-235478,-14,-14,0.0,MOVING
1562,0.1444115429081414,116319,-235478,-14,-14,0.0,MOVING
1563,0.14391634206204315,116319,-235478,-15,-14,0.0,MOVING
1564,0.14351816783425111,116319,-235478,-15,-14,0.0,MOVING
1565,0.14312899133094686,116319,-235478,-15,-14,0.0,MOVING
1566,0.1425689885583426,116319,-235478,-15,-14,0.0,MOVING
1567,0.1421189179439971,116319,-235478,-15,-14,0.0,MOVING
1568,0.14176127206337932,116319,-235478,-15,-14,0.0,MOVING
1569,0.1414825444273644,116319,-235478,-15,-14,0.0,MOVING
1570,0.14103849672577126,116319,-235478,-15,-14,0.0,MOVING
1571,0.1406157445985669,116319,-235478,-15,-14,0.0,MOVING
1572,0.1402830729734974,116319,-235478,-15,-14,0.0,MOVING
1573,0.14002712022219224,116319,-235478,-15,-14,0.0,MOVING
1574,0.13980742391137038,117253,-236480,-15,-15,0.0,MOVING
1575,0.13939402180777546,117253,-236480,-16,-15,0.0,MOVING
1576,0.1390707993560798,117253,-236480,-16,-15,0.0,MOVING
1577,0.13882403908240604,117253,-236480,-16,-15,0.0,MOVING
1578,0.13864307125896574,117253,-236480,-16,-15,0.0,MOVING
1579,0.13844808467828212,117253,-236480,-16,-15,0.0,MOVING
1580,0.1381179679550941,117253,-236480,-16,-15,0.0,MOVING
1581,0.13786628515192845,117253,-236480,-16,-15,0.0,MOVING
1582,0.13768170366883245,117253,-236480,-16,-15,0.0,MOVING
1583,0.13755532240007962,117253,-236480,-16,-15,0.0,MOVING
1584,0.1374539378166335,117253,-236480,-16,-15,0.0,MOVING
1585,0.13731193422246585,117253,-236480,-16,-15,0.0,MOVING
1586,0.1372229538883195,117253,-236480,-16,-15,0.0,MOVING
1587,0.13718084919734205,117253,-236480,-16,-15,0.0,MOVING
1588,0.13718061033733722,117253,-236480,-16,-15,0.0,MOVING
1589,0.13721811074077658,118199,-237444,-16,-16,0.0,MOVING
1590,0.13728991955174344,118199,-237444,-16,-16,0.0,MOVING
1591,0.13739316099214824,118199,-237444,-16,-16,0.0,MOVING
1592,0.13752540722390375,118199,-237444,-16,-16,0.0,MOVING
1593,0.13768459557220622,118199,-237444,-16,-16,0.0,MOVING
1594,0.13786896375474897,118199,-237444,-16,-16,0.0,MOVING
1595,0.13807699861346723,118199,-237444,-16,-16,0.0,MOVING
1596,0.13830739510438042,118199,-237444,-16,-16,0.0,MOVING
1597,0.13855902317285573,118199,-237444,-16,-16,0.0,MOVING
1598,0.1388309007553535,118199,-237444,-16,-16,0.0,MOVING
1599,0.13912217158736515,118199,-237444,-16,-16,0.0,MOVING
1600,0.13943208681512828,118199,-237444,-16,-16,0.0,MOVING
1601,0.1397599896419859,118199,-237444,-15,-16,0.0,MOVING
1602,0.14010530241347285,118199,-237444,-15,-16,0.0,MOVING
1603,0.1404675156752246,118199,-237444,-15,-16,0.0,MOVING
1604,0.14084617883637424,119099,-238447,-15,-15,0.0,MOVING
1605,0.1412408921465352,119099,-238447,-15,-15,0.0,MOVING
1606,0.1416512997527112,119099,-238447,-15,-15,0.0,MOVING
1607,0.14207708364781074,119099,-238447,-15,-15,0.0,MOVING
1608,0.1425179583580234,119099,-238447,-15,-15,0.0,MOVING
1609,0.14297366624444027,119099,-238447,-15,-15,0.0,MOVING
1610,0.14344397331670442,119099,-238447,-15,-15,0.0,MOVING
1611,0.1439286654744473,119099,-238447,-15,-15,0.0,MOVING
1612,0.14442754510678912,119099,-238447,-14,-15,0.0,MOVING
1613,0.1449404279919953,119099,-238447,-14,-15,0.0,MOVING
1614,0.14546714044907527,119099,-238447,-14,-15,0.0,MOVING
1615,0.14600751670111264,119099,-238447,-14,-15,0.0,MOVING
1616,0.14656139641679355,119099,-238447,-14,-15,0.0,MOVING
1617,0.1471286224022054,119099,-238447,-14,-15,0.0,MOVING
1618,0.14770903841974228,119099,-238447,-14,-15,0.0,MOVING
1619,0.14830248711503555,120007,-239480,-14,-14,0.0,MOVING
1620,0.1489088080363674,120007,-239480,-14,-14,0.0,MOVING
1621,0.1495278357341292,120007,-239480,-13,-14,0.0,MOVING
1622,0.15015939793064087,120007,-239480,-13,-14,0.0,MOVING
1623,0.150803313753118,120007,-239480,-13,-14,0.0,MOVING
1624,0.15145939202481878,120007,-239480,-13,-14,0.0,MOVING
1625,0.1521274296114581,120007,-239480,-13,-14,0.0,MOVING
1626,0.15280720982188073,120007,-239480,-13,-14,0.0,MOVING
1627,0.1534985008637572,120007,-239480,-13,-14,0.0,MOVING
1628,0.15420105435672118,120007,-239480,-12,-14,0.0,MOVING
1629,0.15491460390692283,120007,-239480,-12,-14,0.0,MOVING
1630,0.15563886374841854,120007,-239480,-12,-14,0.0,MOVING
1631,0.15637352745817112,120007,-239480,-12,-14,0.0,MOVING
1632,0.1571182667526693,120007,-239480,-12,-14,0.0,MOVING
1633,0.157872730375302,120007,-239480,-12,-14,0.0,MOVING
1634,0.15863654308461128,120946,-240498,-11,-12,0.0,MOVING
1635,0.1594093047543925,120946,-240498,-11,-12,0.0,MOVING
1636,0.16019058959728696,120946,-240498,-11,-12,0.0,MOVING
1637,0.16097994552400374,120946,-240498,-11,-12,0.0,MOVING
1638,0.161776893650589,120946,-240498,-11,-12,0.0,MOVING
1639,0.16258092796621548,120946,-240498,-11,-12,0.0,MOVING
1640,0.1633915151737682,120946,-240498,-10,-12,0.0,MOVING
1641,0.16420809471503747,120946,-240498,-10,-12,0.0,MOVING
1642,0.16503007899157984,120946,-240498,-10,-12,0.0,MOVING
1643,0.16585685379126433,120946,-240498,-10,-12,0.0,MOVING
1644,0.16668777892917072,120946,-240498,-10,-12,0.0,MOVING
1645,0.16752218910985717,120946,-240498,-9,-12,0.0,MOVING
1646,0.16835939501606523,120946,-240498,-9,-12,0.0,MOVING
1647,0.1691986846267014,120946,-240498,-9,-12,0.0,MOVING
1648,0.17003932476444483,121873,-241546,-9,-9,0.0,MOVING
1649,0.17088056287061393,121873,-241546,-9,-9,0.0,MOVING
1650,0.17172162900202334,121873,-241546,-8,-9,0.0,MOVING
1651,0.17256173804151942,121873,-241546,-8,-9,0.0,MOVING
1652,0.1734000921107635,121873,-241546,-8,-9,0.0,MOVING
1653,0.17423588317069047,121873,-241546,-8,-9,0.0,MOVING
1654,0.17506829579198355,121873,-241546,-8,-9,0.0,MOVING
1655,0.17589651007494028,121873,-241546,-7,-9,0.0,MOVING
1656,0.17671970469533516,121873,-241546,-7,-9,0.0,MOVING
1657,0.17753706005038367,121873,-241546,-7,-9,0.0,MOVING
1658,0.17834776147674747,121873,-241546,-7,-9,0.0,MOVING
1659,0.17915100251075441,121873,-241546,-7,-9,0.0,MOVING
1660,0.17994598815969373,121873,-241546,-6,-9,0.0,MOVING
1661,0.1807319381522295,122846,-242603,-6,-7,0.0,MOVING
1662,0.18150809013568314,122846,-242603,-6,-7,0.0,MOVING
1663,0.18227370278818955,122846,-242603,-6,-7,0.0,MOVING
1664,0.18302805881452422,122846,-242603,-6,-7,0.0,MOVING
1665,0.1837704677957294,122846,-242603,-6,-7,0.0,MOVING
1666,0.18450026886449222,122846,-242603,-5,-7,0.0,MOVING
1667,0.1852168331805172,122846,-242603,-5,-7,0.0,MOVING
1668,0.1859195661828232,122846,-242603,-5,-7,0.0,MOVING
1669,0.1866079095989165,122846,-242603,-5,-7,0.0,MOVING
1670,0.18728134319407438,122846,-242603,-5,-7,0.0,MOVING
1671,0.18793938624742237,122846,-242603,-4,-7,0.0,MOVING
1672,0.18858159874502733,122846,-242603,-4,-7,0.0,MOVING
1673,0.18920758228375806,122846,-242603,-4,-7,0.0,MOVING
1674,0.18981698068309993,122846,-242603,-4,-7,0.0,MOVING
1675,0.1904094803053553,122846,-242603,-4,-7,0.0,MOVING
1676,0.19098481008763868,123809,-243673,-4,-4,0.0,MOVING
1677,0.19154274129169416,123809,-243673,-3,-4,0.0,MOVING
1678,0.19208308697974363,123809,-243673,-3,-4,0.0,MOVING
1679,0.1926057012262405,123809,-243673,-3,-4,0.0,MOVING
1680,0.19311047807645942,123809,-243673,-3,-4,0.0,MOVING
1681,0.19359735026321323,123809,-243673,-3,-4,0.0,MOVING
1682,0.19406628769252438,123809,-243673,-3,-4,0.0,MOVING
1683,0.1945172957076453,123809,-243673,-3,-4,0.0,MOVING
1684,0.19495041313819506,123809,-243673,-2,-4,0.0,MOVING
1685,0.19536571013705234,123809,-243673,-2,-4,0.0,MOVING
1686,0.19576328580154656,123809,-243673,-2,-4,0.0,MOVING
1687,0.19614326556669795,123809,-243673,-2,-4,0.0,MOVING
1688,0.19650579834566043,123809,-243673,-2,-4,0.0,MOVING
1689,0.19685105337432493,123809,-243673,-2,-4,0.0,MOVING
1690,0.197179216690343,123809,-243673,-2,-4,0.0,MOVING
1691,0.197490487136777,123809,-243673,-2,-4,0.0,MOVING
1692,0.1977850717188304,124808,-244769,-1,-2,0.0,MOVING
1693,0.19806318004383439,124808,-244769,-1,-2,0.0,MOVING
1694,0.19832501741244732,124808,-244769,-1,-2,0.0,MOVING
1695,0.19857077584975397,124808,-244769,-1,-2,0.0,MOVING
1696,0.19880062186000055,124808,-244769,-1,-2,0.0,MOVING
1697,0.19901467872071604,124808,-244769,-1,-2,0.0,MOVING
1698,0.19921299913897522,124808,-244769,-1,-2,0.0,MOVING
1699,0.19939551960239998,124808,-244769,-1,-2,0.0,MOVING
1700,0.19956197637041295,124808,-244769,-1,-2,0.0,MOVING
1701,0.19971172899611966,124808,-244769,-1,-2,0.0,APPROACHING
1702,0.19157189894290175,124808,-244769,-1,-2,0.0,APPROACHING
1703,0.18529664954734662,124808,-244769,-1,-2,0.0,APPROACHING
1704,0.17915984120259346,124808,-244769,0,-2,0.0,APPROACHING
1705,0.17312696872215863,124808,-244769,0,-2,0.0,APPROACHING
1706,0.16729418721742503,124808,-244769,0,-2,0.0,APPROACHING
1707,0.16166081916599598,125812,-245889,0,0,0.0,APPROACHING
1708,0.15622189991208185,125812,-245889,0,0,0.0,APPROACHING
1709,0.1509714078350275,125812,-245889,0,0,0.0,APPROACHING
1710,0.14590301201814015,125812,-245889,0,0,0.0,APPROACHING
1711,0.14101035394325065,125812,-245889,0,0,0.0,APPROACHING
1712,0.13628717520195793,125812,-245889,0,0,0.0,APPROACHING
1713,0.13172738008972698,125812,-245889,0,0,0.0,APPROACHING
1714,0.12732506646460998,125812,-245889,0,0,0.0,APPROACHING
1715,0.12307453971185642,125812,-245889,0,0,0.0,APPROACHING
1716,0.11897031720756987,125812,-245889,0,0,0.0,APPROACHING
1717,0.11500712727330215,125812,-245889,0,0,0.0,APPROACHING
1718,0.11117990490628307,125812,-245889,0,0,0.0,APPROACHING
1719,0.1074837856491253,125812,-245889,0,0,0.0,APPROACHING
1720,0.10391409843757643,125812,-245889,0,0,0.0,APPROACHING
1721,0.10046635795187958,125812,-245889,0,0,0.0,APPROACHING
1722,0.09713625680428281,125812,-245889,0,0,0.0,APPROACHING
1723,0.093919657773014,126705,-246871,0,0,0.0,APPROACHING
1724,0.09081258621407719,126705,-246871,0,0,0.0,APPROACHING
1725,0.0878112227304896,126705,-246871,0,0,0.0,APPROACHING
1726,0.08491189614437288,126705,-246871,0,0,0.0,APPROACHING
1727,0.08211107679461822,126705,-246871,0,0,0.0,APPROACHING
1728,0.07940537016783368,126705,-246871,0,0,0.0,APPROACHING
1729,0.07679151086043842,126705,-246871,0,0,0.0,APPROACHING
1730,0.0742663568634558,126705,-246871,0,0,0.0,APPROACHING
1731,0.07182688415764368,126705,-246871,0,0,0.0,APPROACHING
1732,0.06947018160433467,126705,-246871,0,0,0.0,APPROACHING
1733,0.06719344611621718,126705,-246871,0,0,0.0,APPROACHING
1734,0.06499397809190625,126705,-246871,0,0,0.0,APPROACHING
1735,0.06286917709827974,126705,-246871,0,0,0.0,APPROACHING
1736,0.060816537785009714,126705,-246871,0,0,0.0,APPROACHING
1737,0.05883364601638491,126705,-246871,0,0,0.0,APPROACHING
1738,0.05691817520630361,126705,-246871,0,0,0.0,APPROACHING
1739,0.055067882843162295,127369,-247607,0,0,0.0,APPROACHING
1740,0.05328060719222916,127369,-247607,0,0,0.0,APPROACHING
1741,0.0515542641639507,127369,-247607,0,0,0.0,APPROACHING
1742,0.04988684433746956,127369,-247607,0,0,0.0,APPROACHING
1743,0.048276410129423235,127369,-247607,0,0,0.0,APPROACHING
1744,0.04672109309884571,127369,-247607,0,0,0.0,APPROACHING
1745,0.045219091379688894,127369,-247607,0,0,0.0,APPROACHING
1746,0.04376866723313745,127369,-247607,0,0,0.0,APPROACHING
1747,0.04236814471248926,127369,-247607,0,0,0.0,APPROACHING
1748,0.04101590743393148,127369,-247607,0,0,0.0,APPROACHING
1749,0.039710396447051925,127369,-247607,0,0,0.0,APPROACHING
1750,0.0,127369,-247607,0,0,0.0,STOPPING
1751,0.0,127369,-247607,0,0,0.0,STOPPING
1752,0.0,127369,-247607,0,0,0.0,STOPPING
1753,0.0,127369,-247607,0,0,0.0,STEPPER_DOWN
1754,0.0,127704,-247990,0,0,0.2,STEPPER_DOWN
1755,0.0,127704,-247990,0,0,0.4,STEPPER_DOWN
1756,0.0,127704,-247990,0,0,0.6000000000000001,STEPPER_DOWN
1757,0.0,127704,-247990,0,0,0.8,STEPPER_DOWN
1758,0.0,127704,-247990,0,0,1.0,BENIH_BUKA
1759,0.0,127704,-247990,0,0,1.0,BENIH_BUKA
1760,0.0,127704,-247990,0,0,1.0,BENIH_BUKA
1761,0.0,127704,-247990,0,0,1.0,BENIH_BUKA
1762,0.0,127704,-247990,0,0,1.0,BENIH_BUKA
1763,0.0,127704,-247990,0,0,1.0,BENIH_DORONG
1764,0.0,127704,-247990,0,0,1.0,HOLDING
1765,0.0,127704,-247990,0,0,1.0,HOLDING
1766,0.0,127704,-247990,0,0,1.0,STEPPER_UP
1767,0.0,127704,-247990,0,0,0.75,STEPPER_UP
1768,0.0,127704,-247990,0,0,0.5,STEPPER_UP
1769,0.0,127704,-247990,0,0,0.2499999999999999,STEPPER_UP
1770,0.0,127704,-247990,0,0,0.0,WAITING
1771,0.0,127704,-247990,0,0,0.0,WAITING
1772,0.0,127704,-247990,0,0,0.0,MOVING
1773,0.1983684748204625,127704,-247990,0,0,0.0,MOVING
1774,0.1983371687407641,127704,-247990,0,0,0.0,MOVING
1775,0.19830975658632835,127704,-247990,0,0,0.0,MOVING
1776,0.19828610877451466,127704,-247990,0,0,0.0,MOVING
1777,0.19826609277682886,127704,-247990,0,0,0.0,MOVING
1778,0.1982495739815327,127704,-247990,0,0,0.0,MOVING
1779,0.1982364164381703,127704,-247990,0,0,0.0,MOVING
1780,0.19822648350238914,127704,-247990,0,0,0.0,MOVING
1781,0.19821963839596196,127704,-247990,0,0,0.0,MOVING
1782,0.19821574469420525,127704,-247990,0,0,0.0,MOVING
1783,0.19821466675085547,127704,-247990,0,0,0.0,MOVING
1784,0.1982162700687623,127704,-247990,0,0,0.0,MOVING
1785,0.19822042162339562,128348,-248671,0,0,0.0,MOVING
1786,0.1982269901450562,128348,-248671,0,0,0.0,MOVING
1787,0.19823584636478112,128348,-248671,0,0,0.0,MOVING
1788,0.19824686322819463,128348,-248671,0,0,0.0,MOVING
1789,0.1982599160809443,128348,-248671,0,0,0.0,APPROACHING
1790,0.18909184521863998,128348,-248671,0,0,0.0,APPROACHING
1791,0.1828599320338628,128348,-248671,0,0,0.0,APPROACHING
1792,0.17683364377557806,128348,-248671,0,0,0.0,APPROACHING
1793,0.17100598245340337,128348,-248671,0,0,0.0,APPROACHING
1794,0.16537023220481215,128348,-248671,0,0,0.0,APPROACHING
1795,0.15991994084561637,128348,-248671,0,0,0.0,APPROACHING
1796,0.15464890349513602,128348,-248671,0,0,0.0,APPROACHING
1797,0.1495511479857473,128348,-248671,0,0,0.0,APPROACHING
1798,0.14462092180774277,128348,-248671,0,0,0.0,APPROACHING
1799,0.1398526803762642,128348,-248671,0,0,0.0,APPROACHING
1800,0.13524107643804661,129360,-249781,0,0,0.0,APPROACHING
1801,0.13078095046236962,129360,-249781,0,0,0.0,APPROACHING
1802,0.12646732188349338,129360,-249781,0,0,0.0,APPROACHING
1803,0.12229538108143373,129360,-249781,0,0,0.0,APPROACHING
1804,0.11826048200465743,129360,-249781,0,0,0.0,APPROACHING
1805,0.11435813535253335,129360,-249781,0,0,0.0,APPROACHING
1806,0.11058400224752143,129360,-249781,0,0,0.0,APPROACHING
1807,0.10693388833740253,129360,-249781,0,0,0.0,APPROACHING
1808,0.10340373827663062,129360,-249781,0,0,0.0,APPROACHING
1809,0.09998963054334094,129360,-249781,0,0,0.0,APPROACHING
1810,0.0966877725548691,129360,-249781,0,0,0.0,APPROACHING
1811,0.0934944960500054,129360,-249781,0,0,0.0,APPROACHING
1812,0.09040625271075627,129360,-249781,0,0,0.0,APPROACHING
1813,0.08741961000024562,129360,-249781,0,0,0.0,APPROACHING
1814,0.08453124719665868,129360,-249781,0,0,0.0,APPROACHING
1815,0.08173795160590773,129360,-249781,0,0,0.0,APPROACHING
1816,0.0790366149380481,130202,-250736,0,0,0.0,APPROACHING
1817,0.07642422983447301,130202,-250736,0,0,0.0,APPROACHING
1818,0.07389788653460448,130202,-250736,0,0,0.0,APPROACHING
1819,0.07145476967223736,130202,-250736,0,0,0.0,APPROACHING
1820,0.06909215519291388,130202,-250736,0,0,0.0,APPROACHING
1821,0.0668074073847428,130202,-250736,0,0,0.0,APPROACHING
1822,0.0645979760159606,130202,-250736,0,0,0.0,APPROACHING
1823,0.0624613935732829,130202,-250736,0,0,0.0,APPROACHING
1824,0.060395272595735676,130202,-250736,0,0,0.0,APPROACHING
1825,0.058397303099202776,130202,-250736,0,0,0.0,APPROACHING
1826,0.05646525008739215,130202,-250736,0,0,0.0,APPROACHING
1827,0.05459695114532729,130202,-250736,0,0,0.0,APPROACHING
1828,0.05279031411181072,130202,-250736,0,0,0.0,APPROACHING
1829,0.05104331482760554,130202,-250736,0,0,0.0,APPROACHING
1830,0.049353994956334205,130202,-250736,0,0,0.0,APPROACHING
1831,0.04772045987531741,130202,-250736,0,0,0.0,APPROACHING
1832,0.04614087663376684,130780,-251370,0,0,0.0,APPROACHING
1833,0.04461347197591247,130780,-251370,0,0,0.0,APPROACHING
1834,0.04313653042679547,130780,-251370,0,0,0.0,APPROACHING
1835,0.04170839243858333,130780,-251370,0,0,0.0,APPROACHING
1836,0.04032745259538163,130780,-251370,0,0,0.0,APPROACHING
1837,0.0,130780,-251370,0,0,0.0,STOPPING
1838,0.0,130780,-251370,0,0,0.0,STOPPING
1839,0.0,130780,-251370,0,0,0.0,STOPPING
1840,0.0,130780,-251370,0,0,0.0,STEPPER_DOWN
1841,0.0,130780,-251370,0,0,0.2,STEPPER_DOWN
1842,0.0,130780,-251370,0,0,0.4,STEPPER_DOWN
1843,0.0,130780,-251370,0,0,0.6000000000000001,STEPPER_DOWN
1844,0.0,130780,-251370,0,0,0.8,STEPPER_DOWN
1845,0.0,130780,-251370,0,0,1.0,BENIH_BUKA
1846,0.0,130780,-251370,0,0,1.0,BENIH_BUKA
1847,0.0,130946,-251580,0,0,1.0,BENIH_BUKA
1848,0.0,130946,-251580,0,0,1.0,BENIH_BUKA
1849,0.0,130946,-251580,0,0,1.0,BENIH_BUKA
1850,0.0,130946,-251580,0,0,1.0,BENIH_DORONG
1851,0.0,130946,-251580,0,0,1.0,HOLDING
1852,0.0,130946,-251580,0,0,1.0,HOLDING
1853,0.0,130946,-251580,0,0,1.0,STEPPER_UP
1854,0.0,130946,-251580,0,0,0.75,STEPPER_UP
1855,0.0,130946,-251580,0,0,0.5,STEPPER_UP
1856,0.0,130946,-251580,0,0,0.2499999999999999,STEPPER_UP
1857,0.0,130946,-251580,0,0,0.0,WAITING
1858,0.0,130946,-251580,0,0,0.0,WAITING
1859,0.0,130946,-251580,0,0,0.0,MOVING
1860,0.19890840911645202,130946,-251580,0,0,0.0,MOVING
1861,0.19894037223507144,130946,-251580,0,0,0.0,MOVING
1862,0.198972206559238,130946,-251580,0,0,0.0,MOVING
1863,0.19900386803964615,130946,-251580,0,0,0.0,MOVING
1864,0.19903531522047632,130946,-251580,0,0,0.0,MOVING
1865,0.19906650917554286,130946,-251580,0,0,0.0,MOVING
1866,0.199097413443109,130946,-251580,0,0,0.0,MOVING
1867,0.19912799395957306,130946,-251580,0,0,0.0,MOVING
1868,0.1991582189922183,130946,-251580,0,0,0.0,MOVING
1869,0.19918805907120854,130946,-251580,0,0,0.0,MOVING
1870,0.19921748692100227,130946,-251580,0,0,0.0,MOVING
1871,0.19924647739134793,130946,-251580,0,0,0.0,MOVING
1872,0.19927500738801404,130946,-251580,0,0,0.0,MOVING
1873,0.1993030558033992,130946,-251580,0,0,0.0,MOVING
1874,0.19933060344715903,130946,-251580,0,0,0.0,MOVING
1875,0.19935763297697773,130946,-251580,0,0,0.0,MOVING
1876,0.1993841288296051,130946,-251580,0,0,0.0,MOVING
1877,0.19941007715227083,131911,-252640,0,0,0.0,MOVING
1878,0.19943546573458193,131911,-252640,0,0,0.0,MOVING
1879,0.19946028394099968,131911,-252640,0,0,0.0,MOVING
1880,0.19948452264398608,131911,-252640,0,0,0.0,MOVING
1881,0.19950817415790276,131911,-252640,0,0,0.0,MOVING
1882,0.19953123217373714,131911,-252640,0,0,0.0,MOVING
1883,0.1995536916947235,131911,-252640,0,0,0.0,MOVING
1884,0.19957554897292068,131911,-252640,0,0,0.0,MOVING
1885,0.19959680144679795,131911,-252640,0,0,0.0,MOVING
1886,0.19961744767987655,131911,-252640,0,0,0.0,MOVING
1887,0.19963748730046382,131911,-252640,0,0,0.0,MOVING
1888,0.19965692094251092,131911,-252640,0,0,0.0,MOVING
1889,0.19967575018761563,131911,-252640,0,0,0.0,MOVING
1890,0.19969397750818346,131911,-252640,0,0,0.0,MOVING
1891,0.19971160621175096,131911,-252640,0,0,0.0,MOVING
1892,0.19972864038646396,131911,-252640,0,0,0.0,MOVING
1893,0.19974508484769316,132915,-253774,0,0,0.0,MOVING
1894,0.19976094508575487,132915,-253774,0,0,0.0,MOVING
1895,0.19977622721469013,132915,-253774,0,0,0.0,MOVING
1896,0.1997909379220376,132915,-253774,0,0,0.0,MOVING
1897,0.19980508441951297,132915,-253774,0,0,0.0,MOVING
1898,0.19981867439448134,132915,-253774,0,0,0.0,MOVING
1899,0.19983171596207508,132915,-253774,0,0,0.0,MOVING
1900,0.19984421761776724,132915,-253774,0,0,0.0,MOVING
1901,0.1998561881901548,132915,-253774,0,0,0.0,MOVING
1902,0.19986763679363342,132915,-253774,0,0,0.0,MOVING
1903,0.1998785727805475,132915,-253774,0,0,0.0,MOVING
1904,0.199889005692267,132915,-253774,0,0,0.0,MOVING
1905,0.1998989452084589,132915,-253774,0,0,0.0,MOVING
1906,0.1999084010935627,132915,-253774,0,0,0.0,MOVING
1907,0.19985480172353898,132915,-253774,0,0,0.0,MOVING
1908,0.1998006550234543,133935,-254865,0,0,0.0,MOVING
1909,0.19974706314375318,133935,-254865,0,0,0.0,MOVING
1910,0.19968299463736006,133935,-254865,0,0,0.0,MOVING
1911,0.19947291007891726,133935,-254865,0,0,0.0,MOVING
1912,0.19926008061560208,133935,-254865,0,0,0.0,MOVING
1913,0.1990491265148971,133935,-254865,0,0,0.0,MOVING
1914,0.19880377366368598,133935,-254865,0,0,0.0,MOVING
1915,0.1984030919695902,133935,-254865,0,0,0.0,MOVING
1916,0.1980099832811627,133935,-254865,0,0,0.0,MOVING
1917,0.19762845158812067,133935,-254865,0,0,0.0,MOVING
1918,0.19716812947415988,133935,-254865,1,0,0.0,MOVING
1919,0.19657991976071573,133935,-254865,1,0,0.0,MOVING
1920,0.19601449056563258,133935,-254865,1,0,0.0,MOVING
1921,0.19547456809068262,133935,-254865,1,0,0.0,MOVING
1922,0.19477772163079426,133935,-254865,1,0,0.0,MOVING
1923,0.19402562199439266,133935,-254865,1,0,0.0,MOVING
1924,0.19331396029526107,134903,-255995,2,1,0.0,MOVING
1925,0.19263359298945884,134903,-255995,2,1,0.0,MOVING
1926,0.19169628660327412,134903,-255995,2,1,0.0,MOVING
1927,0.1908180227889523,134903,-255995,2,1,0.0,MOVING
1928,0.18999845734731344,134903,-255995,2,1,0.0,MOVING
1929,0.18907534170113274,134903,-255995,3,1,0.0,MOVING
1930,0.1880389706344447,134903,-255995,3,1,0.0,MOVING
1931,0.18708134191555267,134903,-255995,3,1,0.0,MOVING
1932,0.1861992162605714,134903,-255995,3,1,0.0,MOVING
1933,0.18502933487275655,134903,-255995,4,1,0.0,MOVING
1934,0.18394742411475484,134903,-255995,4,1,0.0,MOVING
1935,0.18296059654002228,134903,-255995,4,1,0.0,MOVING
1936,0.18185628700619844,134903,-255995,4,1,0.0,MOVING
1937,0.18066499050218593,134903,-255995,5,1,0.0,MOVING
1938,0.17958959841547137,134903,-255995,5,1,0.0,MOVING
1939,0.17858272578044648,135854,-257073,5,4,0.0,MOVING
1940,0.1772969509192268,135854,-257073,5,4,0.0,MOVING
1941,0.1761487541967366,135854,-257073,6,4,0.0,MOVING
1942,0.17512439223257492,135854,-257073,6,4,0.0,MOVING
1943,0.17391440024851726,135854,-257073,6,4,0.0,MOVING
1944,0.1727070767788884,135854,-257073,6,4,0.0,MOVING
1945,0.17164094103047384,135854,-257073,6,4,0.0,MOVING
1946,0.17058160157602806,135854,-257073,7,4,0.0,MOVING
1947,0.16932555221854806,135854,-257073,7,4,0.0,MOVING
1948,0.16822792307937742,135854,-257073,7,4,0.0,MOVING
1949,0.1672686677428472,135854,-257073,7,4,0.0,MOVING
1950,0.16606256846671275,135854,-257073,8,4,0.0,MOVING
1951,0.16493943074295442,135854,-257073,8,4,0.0,MOVING
1952,0.16396738296679897,135854,-257073,8,4,0.0,MOVING
1953,0.16297318596791704,136803,-258140,8,8,0.0,MOVING
1954,0.16182526522446505,136803,-258140,8,8,0.0,MOVING
1955,0.16084152842759228,136803,-258140,9,8,0.0,MOVING
1956,0.15999815863876032,136803,-258140,9,8,0.0,MOVING
1957,0.15892768453551598,136803,-258140,9,8,0.0,MOVING
1958,0.15792835592795232,136803,-258140,9,8,0.0,MOVING
1959,0.15707941572822662,136803,-258140,9,8,0.0,MOVING
1960,0.15628741370112037,136803,-258140,10,8,0.0,MOVING
1961,0.1552627547074021,136803,-258140,10,8,0.0,MOVING
1962,0.15440039395722205,136803,-258140,10,8,0.0,MOVING
1963,0.15367453024020453,136803,-258140,10,8,0.0,MOVING
1964,0.15287936313546324,136803,-258140,10,8,0.0,MOVING
1965,0.1519901833300887,136803,-258140,10,8,0.0,MOVING
1966,0.15124807064797507,136803,-258140,10,8,0.0,MOVING
1967,0.15062969453396208,136803,-258140,11,8,0.0,MOVING
1968,0.14987669619565433,137736,-259184,11,10,0.0,MOVING
1969,0.14910210647517338,137736,-259184,11,10,0.0,MOVING
1970,0.14846142492944933,137736,-259184,11,10,0.0,MOVING
1971,0.1479334891588691,137736,-259184,11,10,0.0,MOVING
1972,0.14726420961623624,137736,-259184,11,10,0.0,MOVING
1973,0.1465824585210774,137736,-259184,11,10,0.0,MOVING
1974,0.14602394829351062,137736,-259184,11,10,0.0,MOVING
1975,0.14556924795930568,137736,-259184,12,10,0.0,MOVING
1976,0.14502192888524,137736,-259184,12,10,0.0,MOVING
1977,0.14441150927276158,137736,-259184,12,10,0.0,MOVING
1978,0.1439163148588187,137736,-259184,12,10,0.0,MOVING
1979,0.14351814609145666,137736,-259184,12,10,0.0,MOVING
1980,0.1431289534326739,137736,-259184,12,10,0.0,MOVING
1981,0.142568958002641,137736,-259184,12,10,0.0,MOVING
1982,0.14211889351033244,138655,-260192,12,12,0.0,MOVING
1983,0.1417612528198732,138655,-260192,12,12,0.0,MOVING
1984,0.14148252964743296,138655,-260192,12,12,0.0,MOVING
1985,0.1410384677260016,138655,-260192,12,12,0.0,MOVING
1986,0.14061572158552954,138655,-260192,12,12,0.0,MOVING
1987,0.14028305502154925,138655,-260192,12,12,0.0,MOVING
1988,0.14002710661303067,138655,-260192,13,12,0.0,MOVING
1989,0.13980739567460662,138655,-260192,13,12,0.0,MOVING
1990,0.13939399956721146,138655,-260192,13,12,0.0,MOVING
1991,0.13907078215976032,138655,-260192,13,12,0.0,MOVING
1992,0.13882402619688863,138655,-260192,13,12,0.0,MOVING
1993,0.13864306210821062,138655,-260192,13,12,0.0,MOVING
1994,0.1384480620162186,138655,-260192,13,12,0.0,MOVING
1995,0.13811795047964592,138655,-260192,13,12,0.0,MOVING
1996,0.13786627208132626,139559,-261190,13,13,0.0,MOVING
1997,0.13768169439431663,139559,-261190,13,13,0.0,MOVING
1998,0.1375553164393128,139559,-261190,13,13,0.0,MOVING
1999,0.13745392755122818,139559,-261190,13,13,0.0,MOVING
2000,0.13731192740173354,139559,-261190,13,13,0.0,MOVING
2001,0.13722295009661548,139559,-261190,13,13,0.0,MOVING
2002,0.1371808480978872,139559,-261190,13,13,0.0,MOVING
2003,0.13718061165410741,139559,-261190,13,13,0.0,MOVING
2004,0.13721811424528246,139559,-261190,13,13,0.0,MOVING
2005,0.13728992505319654,139559,-261190,13,13,0.0,MOVING
2006,0.13739316833002352,139559,-261190,13,13,0.0,MOVING
2007,0.13752541626223014,139559,-261190,13,13,0.0,MOVING
2008,0.13768460619512585,139559,-261190,13,13,0.0,MOVING
2009,0.13786897586302033,139559,-261190,13,13,0.0,MOVING
2010,0.13807701212168266,139559,-261190,13,13,0.0,MOVING
2011,0.13830740993872806,140440,-262236,13,13,0.0,MOVING
2012,0.13855903926930366,140440,-262236,13,13,0.0,MOVING
2013,0.13883091805816306,140440,-262236,13,13,0.0,MOVING
2014,0.13912219004786383,140440,-262236,13,13,0.0,MOVING
2015,0.1394321063906888,140440,-262236,13,13,0.0,MOVING
2016,0.13976001029517068,140440,-262236,13,13,0.0,MOVING
2017,0.14010532411131113,140440,-262236,13,13,0.0,MOVING
2018,0.1404675383885987,140440,-262236,12,13,0.0,MOVING
2019,0.1408462025394932,140440,-262236,12,13,0.0,MOVING
2020,0.14124091681648096,140440,-262236,12,13,0.0,MOVING
2021,0.1416513253690448,140440,-262236,12,13,0.0,MOVING
2022,0.14207711019222743,140440,-262236,12,13,0.0,MOVING
2023,0.14251798581404881,140440,-262236,12,13,0.0,MOVING
2024,0.14297369459716094,140440,-262236,12,13,0.0,MOVING
2025,0.14344400255252646,140440,-262236,12,13,0.0,MOVING
2026,0.14392869558087895,140440,-262236,12,13,0.0,MOVING
2027,0.14442757607224324,141323,-263213,12,12,0.0,MOVING
2028,0.14494045980560874,141323,-263213,12,12,0.0,MOVING
2029,0.1454671731005418,141323,-263213,12,12,0.0,MOVING
2030,0.14600755018052838,141323,-263213,11,12,0.0,MOVING
2031,0.1465614307145117,141323,-263213,11,12,0.0,MOVING
2032,0.14712865750869983,141323,-263213,11,12,0.0,MOVING
2033,0.14770907432547806,141323,-263213,11,12,0.0,MOVING
2034,0.14830252381034545,141323,-263213,11,12,0.0,MOVING
2035,0.1489088455113337,141323,-263213,11,12,0.0,MOVING
2036,0.14952787397847028,141323,-263213,11,12,0.0,MOVING
2037,0.15015943693360123,141323,-263213,11,12,0.0,MOVING
2038,0.1508033535033627,141323,-263213,11,12,0.0,MOVING
2039,0.15145943251033092,141323,-263213,10,12,0.0,MOVING
2040,0.15212747081943942,141323,-263213,10,12,0.0,MOVING
2041,0.15280725173865617,141323,-263213,10,12,0.0,MOVING
2042,0.15349854347468195,141323,-263213,10,12,0.0,MOVING
2043,0.15420109764609236,142231,-264229,10,10,0.0,MOVING
2044,0.1549146478578941,142231,-264229,10,10,0.0,MOVING
2045,0.15563890834291985,142231,-264229,10,10,0.0,MOVING
2046,0.1563735726768327,142231,-264229,10,10,0.0,MOVING
2047,0.15711831257475073,142231,-264229,9,10,0.0,MOVING
2048,0.1578727767786277,142231,-264229,9,10,0.0,MOVING
2049,0.15863659004551203,142231,-264229,9,10,0.0,MOVING
2050,0.1594093522476544,142231,-264229,9,10,0.0,MOVING
2051,0.16019063759610797,142231,-264229,9,10,0.0,MOVING
2052,0.1609799939999591,142231,-264229,9,10,0.0,MOVING
2053,0.16177694257360628,142231,-264229,8,10,0.0,MOVING
2054,0.1625809773045594,142231,-264229,8,10,0.0,MOVING
2055,0.1633915648940366,142231,-264229,8,10,0.0,MOVING
2056,0.16420814478216883,142231,-264229,8,10,0.0,MOVING
2057,0.1650301293688733,143175,-265255,8,8,0.0,MOVING
2058,0.165856904440412,143175,-265255,8,8,0.0,MOVING
2059,0.16668782981030392,143175,-265255,7,8,0.0,MOVING
2060,0.16752224018160589,143175,-265255,7,8,0.0,MOVING
2061,0.16835944623563176,143175,-265255,7,8,0.0,MOVING
2062,0.1691987359499481,143175,-265255,7,8,0.0,MOVING
2063,0.17003937614599549,143175,-265255,7,8,0.0,MOVING
2064,0.17088061426396922,143175,-265255,7,8,0.0,MOVING
2065,0.1717216803596895,143175,-265255,6,8,0.0,MOVING
2066,0.17256178931514954,143175,-265255,6,8,0.0,MOVING
2067,0.17340014325131087,143175,-265255,6,8,0.0,MOVING
2068,0.17423593412857274,143175,-265255,6,8,0.0,MOVING
2069,0.17506834651725683,143175,-265255,6,8,0.0,MOVING
2070,0.1758965605174816,143175,-265255,6,8,0.0,MOVING
2071,0.17671975480503158,143175,-265255,5,8,0.0,MOVING
2072,0.1775371097773272,143175,-265255,5,8,0.0,MOVING
2073,0.17834781077143289,144140,-266340,5,6,0.0,MOVING
2074,0.17915105132427903,144140,-266340,5,6,0.0,MOVING
2075,0.17994603644395699,144140,-266340,5,6,0.0,MOVING
2076,0.18073198586012976,144140,-266340,5,6,0.0,MOVING
2077,0.1815081372213109,144140,-266340,4,6,0.0,MOVING
2078,0.182273749207014,144140,-266340,4,6,0.0,MOVING
2079,0.18302810452357193,144140,-266340,4,6,0.0,MOVING
2080,0.18377051275375317,144140,-266340,4,6,0.0,MOVING
2081,0.18450031303212847,144140,-266340,4,6,0.0,MOVING
2082,0.1852168765204305,144140,-266340,4,6,0.0,MOVING
2083,0.18591960865983603,144140,-266340,3,6,0.0,MOVING
2084,0.1866079511801246,144140,-266340,3,6,0.0,MOVING
2085,0.18728138384894494,144140,-266340,3,6,0.0,MOVING
2086,0.18793942594787547,144140,-266340,3,6,0.0,MOVING
2087,0.18858163746549972,144140,-266340,3,6,0.0,MOVING
2088,0.18920762000124952,145118,-267414,3,3,0.0,MOVING
2089,0.1898170173772013,145118,-267414,2,3,0.0,MOVING
2090,0.19040951595825928,145118,-267414,2,3,0.0,MOVING
2091,0.190984844684133,145118,-267414,2,3,0.0,MOVING
2092,0.19154277481913734,145118,-267414,2,3,0.0,MOVING
2093,0.19208311942802525,145118,-267414,2,3,0.0,MOVING
2094,0.1926057325877246,145118,-267414,2,3,0.0,MOVING
2095,0.19311050834591353,145118,-267414,2,3,0.0,MOVING
2096,0.19359737943772262,145118,-267414,2,3,0.0,MOVING
2097,0.19406631577139288,145118,-267414,1,3,0.0,MOVING
2098,0.1945173226922826,145118,-267414,1,3,0.0,MOVING
2099,0.19495043903199077,145118,-267414,1,3,0.0,MOVING
2100,0.19536573494523768,145118,-267414,1,3,0.0,MOVING
2101,0.19576330953104204,145118,-267414,1,3,0.0,MOVING
2102,0.19614328822594707,145118,-267414,1,3,0.0,MOVING
2103,0.19650581994444638,145118,-267414,1,3,0.0,MOVING
2104,0.19685107392356782,146086,-268481,1,1,0.0,MOVING
2105,0.19717923620187172,146086,-268481,1,1,0.0,MOVING
2106,0.19749050562306789,146086,-268481,0,1,0.0,MOVING
2107,0.1977850891926991,146086,-268481,0,1,0.0,MOVING
2108,0.1980631965180611,146086,-268481,0,1,0.0,MOVING
2109,0.1983250328993014,146086,-268481,0,1,0.0,MOVING
2110,0.19857079036036304,146086,-268481,0,1,0.0,MOVING
2111,0.19880063540346601,146086,-268481,0,1,0.0,MOVING
2112,0.19901469130279684,146086,-268481,0,1,0.0,MOVING
2113,0.1992130107599857,146086,-268481,0,1,0.0,MOVING
2114,0.19939553025355627,146086,-268481,0,1,0.0,MOVING
2115,0.19956198602675443,146086,-268481,0,1,0.0,MOVING
2116,0.19971173760052507,146086,-268481,0,1,0.0,APPROACHING
2117,0.19157149950698593,146086,-268481,0,1,0.0,APPROACHING
2118,0.1852962613738458,146086,-268481,0,1,0.0,APPROACHING
2119,0.17915945671604283,146086,-268481,-1,1,0.0,APPROACHING
2120,0.17312659648732162,146086,-268481,-1,1,0.0,APPROACHING
2121,0.16729382759818887,147123,-269553,-1,0,0.0,APPROACHING
2122,0.16166047191921104,147123,-269553,-1,0,0.0,APPROACHING
2123,0.15622156468051615,147123,-269553,-1,0,0.0,APPROACHING
2124,0.15097108422684205,147123,-269553,-1,0,0.0,APPROACHING
2125,0.14590269963340327,147123,-269553,-1,0,0.0,APPROACHING
2126,0.141010052385294,147123,-269553,-1,0,0.0,APPROACHING
2127,0.1362868840828227,147123,-269553,-1,0,0.0,APPROACHING
2128,0.1317270990328723,147123,-269553,-1,0,0.0,APPROACHING
2129,0.12732479510621053,147123,-269553,-1,0,0.0,APPROACHING
2130,0.12307427770132398,147123,-269553,-1,0,0.0,APPROACHING
2131,0.11897006420762796,147123,-269553,-1,0,0.0,APPROACHING
2132,0.11500688295980002,147123,-269553,-1,0,0.0,APPROACHING
2133,0.11117966896785805,147123,-269553,-1,0,0.0,APPROACHING
2134,0.10748355778677848,147123,-269553,-1,0,0.0,APPROACHING
2135,0.10391387836420421,147123,-269553,-1,0,0.0,APPROACHING
2136,0.1004661453917853,147123,-269553,-1,0,0.0,APPROACHING
2137,0.09713605149268656,147985,-270621,-1,-1,0.0,APPROACHING
2138,0.0939194594555699,147985,-270621,-1,-1,0.0,APPROACHING
2139,0.0908123946464042,147985,-270621,-1,-1,0.0,APPROACHING
2140,0.08781103767772153,147985,-270621,-1,-1,0.0,APPROACHING
2141,0.08491171738072695,147985,-270621,-1,-1,0.0,APPROACHING
2142,0.08211090410298542,147985,-270621,-1,-1,0.0,APPROACHING
2143,0.07940520333938951,147985,-270621,-1,-1,0.0,APPROACHING
2144,0.07679134969427459,147985,-270621,-1,-1,0.0,APPROACHING
2145,0.07426620116623153,147985,-270621,-1,-1,0.0,APPROACHING
2146,0.07182673374325621,147985,-270621,-1,-1,0.0,APPROACHING
2147,0.06947003629360748,147985,-270621,-1,-1,0.0,APPROACHING
2148,0.0671933057366057,147985,-270621,-1,-1,0.0,APPROACHING
2149,0.0649938424772197,147985,-270621,-1,-1,0.0,APPROACHING
2150,0.06286904608841742,147985,-270621,-1,-1,0.0,APPROACHING
2151,0.06081641122571181,147985,-270621,-1,-1,0.0,APPROACHING
2152,0.05883352375899625,147985,-270621,-1,-1,0.0,APPROACHING
2153,0.05691805710755041,147985,-270621,-1,-1,0.0,APPROACHING
2154,0.05506776876493923,148681,-271414,-1,-1,0.0,APPROACHING
2155,0.053280497001398266,148681,-271414,-1,-1,0.0,APPROACHING
2156,0.05155415773214986,148681,-271414,-1,-1,0.0,APPROACHING
2157,0.049886741540930306,148681,-271414,-1,-1,0.0,APPROACHING
2158,0.048276310848797924,148681,-271414,-1,-1,0.0,APPROACHING
2159,0.04672099721904215,148681,-271414,-1,-1,0.0,APPROACHING
2160,0.04521899878971324,148681,-271414,-1,-1,0.0,APPROACHING
2161,0.04376857782594457,148681,-271414,-1,-1,0.0,APPROACHING
2162,0.04236805838483954,148681,-271414,-1,-1,0.0,APPROACHING
2163,0.04101582408625375,148681,-271414,-1,-1,0.0,APPROACHING
2164,0.03971031598331353,148681,-271414,-1,-1,0.0,APPROACHING
2165,0.0,148681,-271414,0,-1,0.0,STOPPING
2166,0.0,148681,-271414,0,-1,0.0,STOPPING
2167,0.0,148681,-271414,0,-1,0.0,STOPPING
2168,0.0,148681,-271414,0,-1,0.0,STEPPER_DOWN
2169,0.0,148681,-271414,0,-1,0.2,STEPPER_DOWN
2170,0.0,149050,-271818,0,0,0.4,STEPPER_DOWN
2171,0.0,149050,-271818,0,0,0.6000000000000001,STEPPER_DOWN
2172,0.0,149050,-271818,0,0,0.8,STEPPER_DOWN
2173,0.0,149050,-271818,0,0,1.0,BENIH_BUKA
2174,0.0,149050,-271818,0,0,1.0,BENIH_BUKA
2175,0.0,149050,-271818,0,0,1.0,BENIH_BUKA
2176,0.0,149050,-271818,0,0,1.0,BENIH_BUKA
2177,0.0,149050,-271818,0,0,1.0,BENIH_BUKA
2178,0.0,149050,-271818,0,0,1.0,BENIH_DORONG
2179,0.0,149050,-271818,0,0,1.0,HOLDING
2180,0.0,149050,-271818,0,0,1.0,HOLDING
2181,0.0,149050,-271818,0,0,1.0,STEPPER_UP
2182,0.0,149050,-271818,0,0,0.75,STEPPER_UP
2183,0.0,149050,-271818,0,0,0.5,STEPPER_UP
2184,0.0,149050,-271818,0,0,0.2499999999999999,STEPPER_UP
2185,0.0,149050,-271818,0,0,0.0,WAITING
2186,0.0,149037,-271823,0,0,0.0,WAITING
2187,0.0,149037,-271823,0,0,0.0,MOVING
2188,0.1983684744360778,149037,-271823,-1,0,0.0,MOVING
2189,0.19833716840410928,149037,-271823,-1,0,0.0,MOVING
2190,0.1983097562958364,149037,-271823,-1,0,0.0,MOVING
2191,0.19828610852857864,149037,-271823,-1,0,0.0,MOVING
2192,0.19826609257381322,149037,-271823,-1,0,0.0,MOVING
2193,0.19824957381978298,149037,-271823,-1,0,0.0,MOVING
2194,0.1982364163160211,149037,-271823,-1,0,0.0,MOVING
2195,0.1982264834181715,149037,-271823,-1,0,0.0,MOVING
2196,0.19821963834800962,149037,-271823,-1,0,0.0,MOVING
2197,0.1982157446808601,149037,-271823,-1,0,0.0,MOVING
2198,0.19821466677047214,149037,-271823,-1,0,0.0,MOVING
2199,0.19821627011971257,149037,-271823,-1,0,0.0,MOVING
2200,0.19822042170407173,149037,-271823,-1,0,0.0,MOVING
2201,0.19822699025387425,149037,-271823,-1,0,0.0,MOVING
2202,0.19823584650018372,149737,-272561,-1,-1,0.0,MOVING
2203,0.1982468633886531,149737,-272561,-1,-1,0.0,MOVING
2204,0.19825991626496095,149737,-272561,-1,-1,0.0,APPROACHING
2205,0.1890917644591928,149737,-272561,-1,-1,0.0,APPROACHING
2206,0.18285985393969809,149737,-272561,-1,-1,0.0,APPROACHING
2207,0.1768335682557644,149737,-272561,-1,-1,0.0,APPROACHING
2208,0.17100590942071797,149737,-272561,-1,-1,0.0,APPROACHING
2209,0.1653701615754926,149737,-272561,-1,-1,0.0,APPROACHING
2210,0.15991987253914067,149737,-272561,-1,-1,0.0,APPROACHING
2211,0.15464883743402671,149737,-272561,-1,-1,0.0,APPROACHING
2212,0.14955108409539739,149737,-272561,-1,-1,0.0,APPROACHING
2213,0.14462086001625882,149737,-272561,-1,-1,0.0,APPROACHING
2214,0.13985262061432524,149737,-272561,-1,-1,0.0,APPROACHING
2215,0.13524101863877638,149737,-272561,-1,-1,0.0,APPROACHING
2216,0.13078089456122083,149737,-272561,-1,-1,0.0,APPROACHING
2217,0.12646726781814135,149737,-272561,-1,-1,0.0,APPROACHING
2218,0.12229532879167945,150699,-273605,-1,-1,0.0,APPROACHING
2219,0.11826043143233715,150699,-273605,-1,-1,0.0,APPROACHING
2220,0.1143580864414359,150699,-273605,-1,-1,0.0,APPROACHING
2221,0.11058395494331076,150699,-273605,-1,-1,0.0,APPROACHING
2222,0.10693384258754507,150699,-273605,-1,-1,0.0,APPROACHING
2223,0.10340369403032808,150699,-273605,-1,-1,0.0,APPROACHING
2224,0.09998958775146614,150699,-273605,-1,-1,0.0,APPROACHING
2225,0.09668773116990592,150699,-273605,-1,-1,0.0,APPROACHING
2226,0.09349445602599148,150699,-273605,-1,-1,0.0,APPROACHING
2227,0.09040621400322915,150699,-273605,-1,-1,0.0,APPROACHING
2228,0.08741957256619119,150699,-273605,-1,-1,0.0,APPROACHING
2229,0.08453121099446188,150699,-273605,-1,-1,0.0,APPROACHING
2230,0.0817379165953053,150699,-273605,-1,-1,0.0,APPROACHING
2231,0.07903658108008373,150699,-273605,-1,-1,0.0,APPROACHING
2232,0.07642419709145422,150699,-273605,-1,-1,0.0,APPROACHING
2233,0.07389785487006098,150699,-273605,-1,-1,0.0,APPROACHING
2234,0.07145473905088108,150699,-273605,-1,-1,0.0,APPROACHING
2235,0.06909212558060061,151526,-274523,-1,-1,0.0,APPROACHING
2236,0.06680737874843501,151526,-274523,-1,-1,0.0,APPROACHING
2237,0.06459794832369184,151526,-274523,-1,-1,0.0,APPROACHING
2238,0.06246136679412302,151526,-274523,-1,-1,0.0,APPROACHING
2239,0.060395246699757876,151526,-274523,-1,-1,0.0,APPROACHING
2240,0.05839727805745117,151526,-274523,-1,-1,0.0,APPROACHING
2241,0.05646522587185057,151526,-274523,-1,-1,0.0,APPROACHING
2242,0.05459692772888931,151526,-274523,-1,-1,0.0,APPROACHING
2243,0.05279029146825041,151526,-274523,-1,-1,0.0,APPROACHING
2244,0.05104329293154926,151526,-274523,-1,-1,0.0,APPROACHING
2245,0.049353973783233376,151526,-274523,-1,-1,0.0,APPROACHING
2246,0.047720439401422315,151526,-274523,-1,-1,0.0,APPROACHING
2247,0.04614085683610073,151526,-274523,-1,-1,0.0,APPROACHING
2248,0.04461345283224686,151526,-274523,-1,-1,0.0,APPROACHING
2249,0.04313651191562616,151526,-274523,-1,-1,0.0,APPROACHING
2250,0.041708374539107196,151526,-274523,-1,-1,0.0,APPROACHING
2251,0.04032743528747424,152005,-275057,-1,-1,0.0,APPROACHING
2252,0.0,152005,-275057,0,-1,0.0,STOPPING
2253,0.0,152005,-275057,0,-1,0.0,STOPPING
2254,0.0,152005,-275057,0,-1,0.0,STOPPING
2255,0.0,152005,-275057,0,-1,0.0,STEPPER_DOWN
2256,0.0,152005,-275057,0,-1,0.2,STEPPER_DOWN
2257,0.0,152005,-275057,0,-1,0.4,STEPPER_DOWN
2258,0.0,152005,-275057,0,-1,0.6000000000000001,STEPPER_DOWN
2259,0.0,152005,-275057,0,-1,0.8,STEPPER_DOWN
2260,0.0,152005,-275057,0,-1,1.0,BENIH_BUKA
2261,0.0,152005,-275057,0,-1,1.0,BENIH_BUKA
2262,0.0,152005,-275057,0,-1,1.0,BENIH_BUKA
2263,0.0,152005,-275057,0,-1,1.0,BENIH_BUKA
2264,0.0,152005,-275057,0,-1,1.0,BENIH_BUKA
2265,0.0,152005,-275057,0,-1,1.0,BENIH_DORONG
2266,0.0,152005,-275057,0,-1,1.0,HOLDING
2267,0.0,152093,-275141,0,0,1.0,HOLDING
2268,0.0,152093,-275141,0,0,1.0,STEPPER_UP
2269,0.0,152093,-275141,0,0,0.75,STEPPER_UP
2270,0.0,152093,-275141,0,0,0.5,STEPPER_UP
2271,0.0,152093,-275141,0,0,0.2499999999999999,STEPPER_UP
2272,0.0,152093,-275141,0,0,0.0,WAITING
2273,0.0,152093,-275141,0,0,0.0,WAITING
2274,0.0,152093,-275141,0,0,0.0,MOVING
